barcode,name,brand,package_size,category
0009800800056,ממרח נוטלה טו גו 52 גרם,פררו או.הייצ.גי.אם.בי.,52 גרם,Sauces & Spreads
0010900302814,"ניילון נצמד 30ס""מ*30 מטר",ריינולדס,30 מטרים,Other
0011182700954,שעועית שחורה 439 גרם,האנאובר פודס קורפורשיין,439 גרם,Other
0011210000032,"רוטב טבסקו משפחתי 360מ""ל",ניצן,360 מיליליטר,Sauces & Spreads
0011210000094,"רוטב טבסקו 60 מ""ל",ניצן,60 מיליליטר,Sauces & Spreads
0011210009387,"רוטב טבסקו ירוק 60 מ""ל",ניצן,60 מיליליטר,Sauces & Spreads
0011210698055,"טבסקו סרירצה 566 מ""ל",מקאילהייני,566 מיליליטר,Other
0016000423534,חטיף שיבולת ושוקולד5,גנרל מילס סאן אדריאן,210 גרם,Snacks
0016000548404,חטיף נייטשר וואלי דבש5יח,גנרל מילס סאן אדריאן,210 גרם,Sauces & Spreads
0016000548503,נייטשר וואלי מייפל 5יח,גנרל מילס סאן אדריאן,210 גרם,Other
0016000548909,חט.נייטשר וואלי מעורב5יח,גנרל מילס סאן אדריאן,210 גרם,Other
0016229914578,מי קוקוס טבעי פוקו 1 ל,ויט וורלד קומפני,1 ליטר,Other
0016229917593,"מי קוקוס 330 מ""ל",ויט וורלד קומפני,330 מיליליטר,Other
0016229917630,"מי קוקוס + אננס 330 מ""ל",ויט וורלד קומפני,330 מיליליטר,Fruit
0016229917647,"מי קוקוס + מנגו 330 מ""ל",ויט וורלד קומפני,330 מיליליטר,Fruit
0018000701223,תערובת לעוגת שוקולד425גר,גנרל מילס,425 גרם,Snacks
0018000703494,תערובת לעוגת וניל 390גרם,גנרל מילס,390 גרם,Other
0022200956932,ספיד סטיק גל24/7כחול85ג,קולגייט-פלמוליב,85 גרם,Other
0022200956949,ספיד סטיק גל24/7כתום85ג,קולגייט-פלמוליב,85 גרם,Other
0025675120006,חמצוצים 4 צבעים 100 גרם,פאסין ב.ו,100 גרם,Other
0025675120020,חמצוצים בטעם פטל 100 גרם,ירוג,100 גרם,Other
0025675120037,חמצוצים בטעם תות 100 גרם,ירוג,100 גרם,Fruit
0025675120044,חמצוצים בטעם תפוח 100גרם,פאסין ב.ו,100 גרם,Fruit
0025675120068,חמצוצים בטעם קולה 100גרם,ירוג,100 גרם,Drinks
0027000001127,רוטב ברביקיו חרדל ודבש,---,510 גרם,Sauces & Spreads
0027000001455,רוטב ברביקיו אוריגינל510,---,510 גרם,Sauces & Spreads
0027000867044,רוטב ברביקיו לתיבול510ג,---,510 גרם,Sauces & Spreads
0033383220291,אוכמניות טריות 125גרם,NICEBLUE S.A,125 גרם,Other
0033383222288,אוכמניות ארוז 125 גרם,א.מ.תקומה עשבי תיבול,125 גרם,Other
0034000250103,חט.שוקולד בוטנים39ג ריסז,הרשי שוקולד,39 גרם,Snacks
0034000312177,סירופ שוקולד 680 גרם,הרשי שוקולד,680 גרם,Snacks
0035000458476,מארז4מברשת קולגייט מגיל2,---,1 יחידות,Other
0036000183399,12 האגיס חיתולי שחיה S,חוגלה קימברלי,1 יחידות,Other
0036000516876,קלינקס לושן 3 שכבות 75יח,חוגלה קימברלי,1 יחידות,Other
0036000516890,קלינקס לושן 3 שכבות120יח,חוגלה קימברלי,1 יחידות,Other
0037600297943,מטבל סלסה חריפה 439 גרם,---,439 גרם,Other
0037600297967,מטבל סלסה בחריפ.עדינה439,---,439 גרם,Other
0037600309417,חמאת בוטנ.סקיפי קלאסי454,---,454 גרם,Other
0037600309424,חמאת בוטנ.סקיפי שברים454,---,454 גרם,Other
0037600311571,"חמאת בוטנים ללת""ס340",---,340 גרם,Other
0038000138416,פרינגלס אורגינל 149 גרם,חברת קלוגס,149 גרם,Other
0038000138430,פרינגלס שמנת בצל 158 גרם,חברת קלוגס,158 גרם,Dairy
0038000183713,פרינגלס ברביקיו 158 גרם,חברת קלוגס,158 גרם,Other
0041390010309,רוטב טריאקי קיקומן 444מל,קיקומן פודז אינק,444 מיליליטר,Sauces & Spreads
0046214731552,עוגיות שוקולד ציפס225גר,"י. מרבה ישראל בע""מ",225 גרם,Snacks
0050000004522,פיורלי טונה כחולה ברוטב,PURELY FANCY FEAST,1 יחידות,Sauces & Spreads
0050000015474,פריסקיז מעדני הים 1.43קג,נסטלה פורינה,1430 גרם,Other
0050000040803,פנסיפיסט גריל עוף ברוטב,נסטלה פורינה,85 גרם,Sauces & Spreads
0050000084500,פריסקיז יבש ברבקיו1.43קג,נסטלה פורינה,1.43 קילוגרם,Other
0050000100347,פריסקיז מעדן לחתול1.42קג,נסטלה פורינה,1.42 קילוגרם,Dairy
0050000103867,פנסיפיסט סלמון ושרימפס85,"נסטלה פורינה ארה\""ב",85 גרם,Meat & Fish
0050000168583,פריסקיז אקסטרא קראנץ1.43,"פורינה ארה\""ב",1430 גרם,Other
0050000170180,פריסקיז עוף ברוטב 156גרם,"נסטלה פורינה ארה\""ב",156 גרם,Sauces & Spreads
0050000426447,פנסיפיסט נתחי הודו ברו,"נסטלה פורינה ארה\""ב",85 גרם,Meat & Fish
0050000426942,פנסיפיסט נתחי עוף 85גרם,נסטלה פורינה,85 גרם,Meat & Fish
0050000429042,פנסי פיסט כבד ועוף 85גרם,"נסטלה פורינה ארה\""ב",85 גרם,Meat & Fish
0050000429844,פנסי פיסט הודו ועוף 85גר,"נסטלה פורינה ארה\""ב",85 גרם,Meat & Fish
0050000445691,פריסקיז נ.עוף וסלמון156ג,"נסטלה פורינה ארה\""ב",156 גרם,Meat & Fish
0050000543533,פריסקיז פטה סלמון 156 גר,"נסטלה פורינה ארה\""ב",156 גרם,Meat & Fish
0050000543557,פריסקיז פטה הודו 156 גרם,"נסטלה פורינה ארה\""ב",156 גרם,Meat & Fish
0050000543571,פריסקיז פטה מיקס 156 גרם,"נסטלה פורינה ארה\""ב",156 גרם,Other
0050000543595,פריסקיז כבד ועוף 156 גרם,"נסטלה פורינה ארה\""ב",156 גרם,Meat & Fish
0050000575770,פריסקיז חתול מעדני הים,נסטלה פורינה,7.27 קילוגרם,Other
0050000577972,פריסקיז טייסטי טונה156ג,פריסקיז,156 גרם,Meat & Fish
0050000836123,פנסיפיסט גריל טונה,פנסי פיסט,85 גרם,Meat & Fish
0054881003988,תה 4סוגים 398 20ש6X,"אחמד תי,אפ.זי-אל.אל.סי",40 גרם,Drinks
0054881006958,תה שחור קינמון 20שק*2ג,"אחמד תי,אפ.זי-אל.אל.סי",40 גרם,Drinks
0054881006972,תה שחור לימון וליים 20 ש,"אחמד תי,אפ.זי-אל.אל.סי",40 גרם,Drinks
0054881007535,תה ירוק לימון 20שק*2גרם,"אחמד תי,אפ.זי-אל.אל.סי",40 גרם,Drinks
0054881009522,תה שחור פטל 20שק*2גרם,"אחמד תי,אפ.זי-אל.אל.סי",40 גרם,Drinks
0054881017855,תה שחור צאי 20 שקיות,"אחמד תי,אפ.זי-אל.אל.סי",40 גרם,Drinks
0058449450030,דייסת מייפל אגוזי לוז400,נייטשר פאת,400 גרם,Other
0058449450047,דייסת ש.שועל תפוח+קינ400,נייטשר פאת,400 גרם,Fruit
0058449779032,טבעות תירס ואורז 325 גרם,נייטשרס פאת מזון,325 גרם,Vegetables
0058449860020,דגני בוקר גורילה מאנץ400,נייטשרס פאת מזון,400 גרם,Other
0058449860037,דגני בוקר קואלה קריספ325,נייטשרס פאת מזון,325 גרם,Other
0064144090020,"תרסיס שמן זית 148 מ""ל",קונגרה,148 מיליליטר,Sauces & Spreads
0064144090051,"תרסיס שמן קנולה 148 מ""ל",קונגרה,148 מיליליטר,Sauces & Spreads
0070970475337,סוכריות גלי אורגינל 120,JUST BORN INC,120 גרם,Snacks
0070970475351,ס.גלי פירות טרופים120ג,JUST BORN INC,120 גרם,Fruit
0070970475368,סוכריות גלי מגה מיקס120,JUST BORN INC,120 גרם,Snacks
0070970475375,סוכריות מגה מיקס חמוץ120,JUST BORN INC,120 גרם,Snacks
0075810001356,רוטב סויה תמרי אורגני,,592 מיליליטר,Sauces & Spreads
0075810021354,"רוטב סויה תמרי 592 מ""ל",,592 מיליליטר,Sauces & Spreads
0076840002542,גלידת נטפליקס & צילד 500,מוצרי איכות אמריקאיים,500 מיליליטר,Frozen
0076840100156,פיינט צרי צרי דרים 500,מוצרי איכות אמריקאיים,500 מיליליטר,Other
0076840100583,גלידה בצק עוגיות,מוצרי איכות אמריקאיים,473 מיליליטר,Frozen
0076840400027,גלידה בטעם שוקולד,מוצרי איכות אמריקאיים,500 מיליליטר,Frozen
0076840400218,גלידה עוגת גבינה ותות,מוצרי איכות אמריקאיים,420 גרם,Frozen
0076840620029,"גלידה תות 500 מ""ל",מוצרי איכות אמריקאיים,500 מיליליטר,Frozen
0077245110610,סוכריות מאסט מנטה 80 גרם,עלית,80 גרם,Snacks
0077975094631,בייגלה סנדוויץ ט.צדר226,סניידרס לאנס,226 גרם,Other
0077975095263,שברי בייגלה מחמצת צד319,סניידרס לאנס,319 גרם,Other
0077975095270,סניידרס טעם דבש+חרדל319,---,319 גרם,Sauces & Spreads
0080432402931,וויסקי שיבאס ריגאל 700מל,,700 מיליליטר,Other
0080686000440,"גים בים לבן 700 מ""ל",בים סנטורי,700 מיליליטר,Dairy
0082184090473,"גק דניאלס 700 מ""ל",גק דניאלס,700 מיליליטר,Other
0096086000003,קיטו מיני גריסיני 200 ג,מצות אביב,200 גרם,Other
0096086000577,קרקר כוסמין 200 גרם,מצות אביב 2014 מאפה בעמ,200 גרם,Snacks
0096086000966,קרקר כוסמין+שומשום200ג,,200 גרם,Snacks
0096086001512,עוג.לימון ל.תוספת סוכ200,מצות אביב 2014 מאפה בעמ,200 גרם,Fruit
0096086001536,"עוגיות וניל ללת""ס 200גרם",מצות אביב 2014 מאפה בעמ,200 גרם,Snacks
0305213079004,"תחליב גוף וזלין 600 מ""ל","יוניליוור גפרסון ארה""ב",600 מיליליטר,Other
0608614315529,פסיפלורה יחידה,משק דניאלס,1 יחידות,Other
0608614340606,מלפפון בייבי 500 גרם,קטיף.,500 גרם,Vegetables
0611108802849,סט16צלחות לורן9+10 בראבו,שיינקסו טריידינג,1 יחידות,Other
0611108803426,"צלחת וינטג 10""קרם 10יח",שיינקסו טריידינג,1 יחידות,Other
0611108803433,"צלחת וינטג 9""קרם 10יח",שיינקסו טריידינג,1 יחידות,Other
0611108803440,"צלחת וינטג 7""קרם 10יח",שיינקסו טריידינג,1 יחידות,Other
0611108803457,מרקייה וינטג קרם 10 יח,שיינקסו טריידינג,1 יחידות,Prepared
0611745285685,מארז אבוקדו בשל,"מור בריאות בע""מ",1 יחידות,Other
0633824913432,וודקה ואן גוך אסאי 750מל,מזקקת קוימאנס טילבורג,750 מיליליטר,Other
0644209307579,ת.לעוגת שוקולד432ג דנקן,קונגרה ברנדס,432 גרם,Snacks
0645173911038,מלפפונים קורנישונים670גר,קלמן אינדיה פי וי סי,670 גרם,Other
0649660013281,"מיץ שזיפים 946 מ""ל",היל ויו פקינג קומפני,946 מיליליטר,Drinks
0649660432020,שזיף מגולען היל ויו400גר,היל ויו פקינג קומפני,400 גרם,Fruit
0649870166135,נייטיב ווי טונה,---,85 גרם,Meat & Fish
0649870166173,נייטיב ווי פטה ברווז,---,85 גרם,Other
0649870166180,נייטיב ווי פטה סלמון,---,85 גרם,Meat & Fish
0649870168252,שלוקים לחתול טעם עוף,פטסלנד,60 גרם,Meat & Fish
0649870168269,שלוקים לחתול טעם ברווז,פטסלנד,60 גרם,Other
0649870168283,שלוקים לחתול טעם טונה,פטסלנד,60 גרם,Meat & Fish
0651080647519,36קיסם +חוט מנטה גורדן,קלרו,1 יחידות,Other
0693493231749,חסה לאליק הידרופונית (ק),"דהן סולנום בע""מ",190 גרם,Vegetables
0693493247030,דובדבן אדום ארוז,קטיף.,250 גרם,Other
0710497091329,מלפפון בייבי 350 גרם,"אוהד חקלאות ושיווק בע""מ",350 גרם,Vegetables
0710497091367,פלפל טינקרבל,"אוהד חקלאות ושיווק בע""מ",1 יחידות,Vegetables
0710497091534,פלפלון-אריזה מוגדל (ק),"אוהד חקלאות ושיווק בע""מ",1 יחידות,Vegetables
0710497310987,מארז אוכמניות 125 גרם,DAGOSA,125 גרם,Other
0710497311007,אוכמניות יבוא 125 גרם,HORTIFRUT,125 גרם,Other
0710497311021,אוכמניות ישראלי 125גרם,"אוכמניות כחול לבן בע""מ",125 גרם,Dairy
0710497311090,פטל אוסנה שחור 125 גרם,אוכמניות כחול לבן,1 יחידות,Dairy
0721733000739,"טקילה פטרון סילבר 700מ""ל",פטרון,700 מיליליטר,Other
0728229123590,ציפס ירקות טעם טבעי110ג,היין סלסטיאל גרופ,110 גרם,Snacks
0728229123811,ציפס ירקות ים תיכוני110,היין סלסטיאל גרופ,110 גרם,Snacks
0728229130154,ציפס בטטה סלק 110 גרם,היין סלסטיאל גרופ,110 גרם,Snacks
0768404001640,גלידה קפה,מוצרי איכות אמריקאיים,500 מיליליטר,Frozen
0769904000997,שקדי מרק ללא גלוטן200גרם,,200 גרם,Prepared
0787269088481,עגבניות שרי לובלו (ק),יגור חקלאות ועסקים,700 גרם,Vegetables
0813724023756,וויטקינס וניל אפיה 59 מל,גי אר ווטקינס,59 מיליליטר,Other
0818570007066,תמצית וניל טהור ווטקינס,גי.אר. ווטקינס,29 מיליליטר,Other
0827854010746,ספיד סטיק קרבון פחם 50 ג,קולגייט-פלמוליב,50 גרם,Other
0833949000264,"סירופ מייפל אורגני250מ""ל",,250 מיליליטר,Other
0835811000853,סודה לשתייה 100 גרם,"מיוצר וארוז ע\""י: BAS 34",100 גרם,Drinks
0835811002277,50שיפוד במבוק עבה35ס נמל,---,1 יחידות,Other
0835811006053,קורנפלור 200 גרם,ר.ס. חברה ליבוא וייצור מ,200 גרם,Other
0835811006312,אבקת סוכר במיכל 300 גרם,,300 גרם,Other
0835811006985,בורגול 500 גרם,יבוא ושיווק: הנמל אריזות,500 גרם,Other
0835811007494,גלטין טהור מדגים 2*14 ג,גואנגדונג מיניאנג,28 גרם,Meat & Fish
0835811008279,שומשום במיכל 260 גרם,הנמל,260 גרם,Other
0835811008347,גפרורים ענקיים 45 יחידות,הנמל,1 יחידות,Other
0839762000641,נקטר מנגו איילנד 1 ליטר,"פאראגאלה,דה אגיפשן קו",1 ליטר,Fruit
0839762000658,נקטר גויאבה איילנד 1 ל,פאראגאלה דה אגיפשן קו,1 ליטר,Other
0841058005285,גל גילוח לעור רגיש198ג,KDC/ONE SWALLOWFIELD LTD,198 גרם,Other
0851621000050,"בירה 1664 בלאנק 6*330מ""ל",---,1.98 ליטר,Drinks
0856591000109,עוגיות מזרחיות פריכות400,מאפיית יוסף ושמחה עבאדי,400 גרם,Snacks
0884912126115,דגני גרייט גריינס דטה453,פוסט קונסיומר ברנדס,453 גרם,Other
0884912129512,דגני קוקו פבלס 311 גרם,---,311 גרם,Other
0884912129710,פרוטי פבלס דגנים 311 גרם,פוסט,311 גרם,Other
0884912359155,האני באנצס רוסטד 340 גרם,---,340 גרם,Other
0884912359162,הני בנצס אלמונד 340גר,---,340 גרם,Other
0884912359421,האני באנצס פקאן מייפל340,פוסט פודס,340 גרם,Other
0884912359483,האני בנצס+חתיכות תות312,---,312 גרם,Fruit
0960860015432,"עוג.ללת""ס מקמח מלא200גרם",מצות אביב 2014 מאפה בעמ,200 גרם,Other
1230000292009,מארז אוכמניות 125 גרם,NORTH BAY,125 גרם,Other
3014260262693,מכשיר גילוח ונוס+2סכינים,פרוקטר & גמבל,1 יחידות,Other
3014260262709,סכיני גילוח ונוס4י גילט,פרוקטר & גמבל,1 יחידות,Other
3014260287030,"5סכיני גילוח חד""פ גילט",פרוקטר & גמבל,1 יחידות,Other
3014260294243,6סכין גילוח חדפ גילט,פרוקטר & גמבל,1 יחידות,Other
3014409005471,פסטיס פראדו אניס 1ל,---,1 ליטר,Other
3017800501627,גרעיני תירס3*150ג דוסי,---,450 גרם,Vegetables
3034250007813,קלינקס טישו כיס 12*9יח,---,1 יחידות,Other
3046920021777,שוקולד אקסלנס קרמל100גרם,לינדט ושפרונגלי אס.איי.א,100 גרם,Snacks
3046920023047,לינדט אקסלנס פיסטוק 100,לינדט ושפרונגלי,100 גרם,Other
3046920027281,לינד.אקסלנס קרמל סולט100,לינדט,100 גרם,Other
3046920028004,שוק.מריר לינדט 70% 100ג,לינדט ושפרונגלי,100 גרם,Other
3046920028363,שוק.מריר לינדט 85% 100ג,לינדט ושפרונגלי,100 גרם,Other
3046920028752,שוק.מריר לינדט מנטה 100ג,לינדט ושפרונגלי,100 גרם,Other
3046920029674,שוקולד מריר לינדט מלח 10,לינדט ושפרונגלי,100 גרם,Snacks
3046920029759,שוק.מריר לינדט 90% 100ג,לינדט ושפרונגלי קילשברג,100 גרם,Other
3046920110341,שוק.אקסלנס אורנג100%קק50,לינדט,50 גרם,Other
3067140013113,תחל.קפה ציקוריה 100 גרם,לרו,100 גרם,Drinks
3067140243114,תחל.קפה ציקוריה קרמל100ג,לרו,100 גרם,Drinks
3073781161700,מותכת לה וואש קירי 32יח,---,480 גרם,Other
3073781190595,לה וואש קירי מותכת 16יח,---,240 גרם,Other
3073781190618,מותכת לה וואש קירי 8 יח,---,120 גרם,Other
3073781199918,גבינת בייבי בל 5*20 גרם,מחלבות בל,100 גרם,Dairy
3120581456267,"שאבלי די ליני 750 מ""ל",---,750 מיליליטר,Other
3141360054405,מ.ריח למדיח לימון4 פיניש,רקיט בנקיזר,4 מיליליטר,Fruit
3161911229199,חמאה רכה 250 גרם,אלוויר,250 גרם,Dairy
3161911366429,חמאה מלוחה רכה 250גרם,אלוויר,250 גרם,Dairy
3179732348913,מים מינרלים מוגז פרייה1ל,נסטלה ווטרס ספלאי,1 ליטר,Drinks
3274932103819,חמאה לה גל זהב 200 גרם,SILL SAS,200 גרם,Dairy
3274932103864,חמאה לה גל זהב עם מלח200,SILL SAS,200 גרם,Dairy
3387390320244,פיטנס דגני בוקר פירות375,סי. פי. צרפת,375 גרם,Fruit
3387390525960,קראנץ דגני בוקר 500 גרם,סי. פי. צרפת,500 גרם,Other
3451790562631,חמאה 60% אלוויר 200 גרם,סבנסיה,200 גרם,Dairy
3451790562990,חמאה מלוחה אלוויר 200 גר,סבנסיה,200 גרם,Dairy
3480341005822,מיני קממבר 125 גרם,סבנסיה,125 גרם,Dairy
3480341005846,ברי 125 גרם איל דה פרנס,סבנסיה,125 גרם,Other
3500610150500,"שאטו הו פורה מרלו700מ""ל",---,750 מיליליטר,Other
3523230025652,בושה עזים שום ע.תיבול125,אוריאל,125 גרם,Other
3523230038751,גב.בושה עיזים טבעית125ג,אוריאל,125 גרם,Other
3523230038874,בושה עיזים שום ע.תיבו125,אוריאל,125 גרם,Other
3523230061148,גבינת עיזים מוקצפת 140גר,אוריאל,140 גרם,Dairy
3523230065467,גב.עיזים שום ע.תיבול150ג,אוריאל,150 גרם,Other
3523230065535,גבינת עיזים 150ג סואניון,אוריאל,150 גרם,Dairy
3574660058857,גונסון בייבי שמן 500 מל,CILAG GMBH INTERNATIONAL,500 מיליליטר,Sauces & Spreads
3574660066203,קרם ידיים מבושם 75מ,JNTL Consumer Health I (,75 מיליליטר,Other
3574660066227,קרם ידיים נוטרוגינה 75,---,75 מיליליטר,Other
3574660089547,טמפוני או בה נורמל 32 יח,JOHNSON&JOHNSON,1 יחידות,Other
3574660239829,קרם ידיים ניוטרוגינה 75,JOHNSON&JOHNSON,75 מיליליטר,Other
3574660333466,32טמפ. או-בה פרוקומפ.מינ,JOHNSON&JOHNSON,1 יחידות,Other
3574660464429,קרפרי אוורירי מגה פק 76י,JOHNSON&JOHNSON,1 יחידות,Other
3574660514643,"קרם רב""ש ניוטרוגינה300מ",JOHNSON&JOHNSON,300 מיליליטר,Other
3574661003924,ליסטרין טוטל קר500מל,JOHNSON&JOHNSON,500 מיליליטר,Other
3574661098531,תח.גוף ניוטרוגינה מ400,ש.שסטוביץ,400 מיליליטר,Other
3574661098937,תח. גוף נטרוגינה יבש400,JOHNSON&JOHNSON,400 מיליליטר,Other
3574661200019,תח.ניוטרוגינה ויזבלי400,JOHNSON&JOHNSON,400 מיליליטר,Other
3574661391373,תחליב גוף הידרובוסט400מל,---,400 מיליליטר,Other
3574661485201,טמפון או-בה פרו סופר32י,JOHNSON&JOHNSON,1 יחידות,Other
3574661485218,או בה פרוקומפורט נורמל32,ש.שסטוביץ,1 יחידות,Other
3574661487625,קרפרי מגן תחתון מקסיL,JOHNSON&JOHNSON,1 יחידות,Other
3574661487632,קרפרי מגן לארג פלוס 64יח,JOHNSON&JOHNSON,1 יחידות,Other
3574661552576,קרפרי מגן רגיל טנגו 56יח,JOHNSON&JOHNSON,1 יחידות,Other
3574661552811,קרפרי כותון אוורירי 56יח,JOHNSON&JOHNSON,1 יחידות,Other
3574661554884,קרפרי רגיל טנגה ריחני,JOHNSON&JOHNSON,1 יחידות,Other
3574661610344,"ניוטרוגנה קרם רב""ש 300מ",גונסון אנד גונסון סנטה ב,300 מיליליטר,Other
3574669907729,גונסון שמפו גולד 750 מל,CILAG GMBH INTERNATIONAL,750 מיליליטר,Other
3574669908665,גונסון אלסבון ל.שינה750,CILAG GMBH INTERNATIONAL,750 מיליליטר,Other
3574669908948,גונסון אל סבון עדין750מ,CILAG GMBH INTERNATIONAL,750 מיליליטר,Other
3600522632436,ק.לילה55 אייג ספשיאליסט,"קרלסרו, גרמניה",50 מיליליטר,Other
3600523193141,מגיק ריטאצ גוון 1 שחור,לוריאל ליברמו,75 מיליליטר,Other
3600523193158,מגיק ריטאצ 2 חום,לוריאל ליברמו,75 מיליליטר,Other
3600523816699,פעולה משולשת גל קרם50מל,"קרלסרו, גרמניה",50 מיליליטר,Other
3600523953677,"דרמו רויטליפט לחות50 מ""ל","קרלסרו, גרמניה",50 מיליליטר,Other
3600524163075,שמפו הידרה היאלורוני500מ,לוריאל-אלביב,500 מיליליטר,Other
3600524163082,אלביב מרכך משקם 500 מל,לוריאל-אלביב,500 מיליליטר,Other
3600524163099,שמפו Dream Long משקם500מ,RAMOUILLET,500 מיליליטר,Other
3600524163204,אלביב מרכך לרכות 500ל,RAMOUILLET,500 מיליליטר,Other
3600524166687,אלביב מרכך הידרה הילורונ,לוריאל-אלביב,500 מיליליטר,Other
3600524167080,שמפו להזנה עוצמתית 500מל,RAMOUILLET,500 מיליליטר,Other
3600524245733,מסכה לשיער דרים לונג300מ,Saipo Settmo\nITALY,300 מיליליטר,Other
3600524245863,מסכה הידרה היאלורונית300,Saipo Settmo\nITALY,300 מיליליטר,Other
3600524246716,"מסכת שמנים 300 מ""ל",Saipo Settmo\nITALY,300 מיליליטר,Other
3600541029323,ESSENTIALS מסיר איפור,סופרויאל,200 מיליליטר,Other
3600541382930,"מים מיסלריים 400 מ""ל","קוסמופול, פולין",400 מיליליטר,Drinks
3600541402270,"גרניה ספריי פרש 150מ""ל",סופרוקוס,150 מיליליטר,Other
3600541740006,גרניה ספריי אקשן קונטרול,סופרוקוס,150 מיליליטר,Other
3600541928275,מים מיסלריים דו-פאזי400מ,"קוסמופול, פולין",400 מיליליטר,Drinks
3600542385107,דאו רול BWC אלוורה 50 מל,קוסמופול,50 מיליליטר,Other
3600542385268,דאו רול אינביזיבל BWC 50,לוריאל ישראל קוסמטיקס בע,50 מיליליטר,Other
3600542399272,גרניה ספריי הילארונית150,"SOPROCOS, ST QUENTIN",150 מיליליטר,Other
3600542399340,גרניה דאו רול הילארונית,"SOPROCOS, ST QUENTIN",50 מיליליטר,Other
3600542431828,קולור נטורלס 1 שחור,לוריאל ישראל קוסמטיקס בע,1 יחידות,Other
3600542431835,קולור נטורלס 3,לוריאל ישראל קוסמטיקס בע,1 יחידות,Other
3600542431842,קולור נטורלס 4,לוריאל ישראל קוסמטיקס בע,1 יחידות,Other
3600542431859,צבע לשיער קולור נטורלס 5,לוריאל ישראל קוסמטיקס בע,1 יחידות,Other
3600542431866,קולור נטורלס 6,קוסמפול,1 יחידות,Other
3600542431873,צבע שיער קולור נטורלס 7,לוריאל ישראל קוסמטיקס בע,1 יחידות,Other
3600542431934,קולור נטורלס 6.25,לוריאל ישראל קוסמטיקס בע,1 יחידות,Other
3600542431996,צבע שיער קולור נטורל5.15,לוריאל,1 יחידות,Other
3608580109280,קונפיטו.תות370ג בון מאמן,אנדרוס,370 גרם,Fruit
3608580109310,קונפי.פרי אדום370בוןמאמן,אנדרוס,370 גרם,Other
3608580162506,סיינט אמור תות שדה275גרם,אנדרוס,275 גרם,Fruit
3608580162537,מעדן פרי משמש 275 גרם,אנדרוס,275 גרם,Dairy
3608580162568,מעדן פרי פירות אדומים275,אנדרוס,275 גרם,Dairy
3608580162599,מעדן פרי דובדבן 270 גרם,אנדרוס,270 גרם,Dairy
3608580162629,מעדן פרי תפוז 275 גרם,אנדרוס,275 גרם,Dairy
3608580730255,קונפיט.משמש370ג בון מאמן,אנדרוס,370 גרם,Other
3800103433586,מים מינרלים טבעיים12*500,NOVA TRADE LTD,6 ליטר,Drinks
3838824127149,צבע סמי קיט פלטה מס1-1,הנקל סוד,1 יחידות,Other
3838824127200,צבע סמי קיט פלטה מס3-0,הנקל סוד,1 יחידות,Other
3838824127224,צבע סמי קיט 4-0חום בינונ,הנקל סוד,1 יחידות,Other
3838824127286,צבע סמי קיט פלטה מס7-0,הנקל סוד,1 יחידות,Other
3838824193915,צבע סמי קיט פלטה מס1-0,הנקל סוד,1 יחידות,Other
3838824240275,צבע סמי קיט פלטה 6-65 יח,הנקל סוד,1 יחידות,Other
3858887585205,"סומרסבי מנגו ליים 330מ""ל","קרלסברג קרואטיה , יבואן:",330 מיליליטר,Fruit
3890000781019,"וודקה בלוגה נובל 700 מ""ל",נובלווד אדריאטיק,700 מיליליטר,Other
4000417013002,שוק.ריטר לבן אגוז שלם100,אלפרד ריטר,100 גרם,Dairy
4000417019004,שוק.ריטר חלב אגוז שלם100,אלפרד ריטר,100 גרם,Dairy
4000417025005,שוקולד מריר עם מרציפן100,אלפרד ריטר,100 גרם,Snacks
4000417101211,חטיף אמיצלי ק.אגוז150ג,---,150 גרם,Snacks
4000417101280,חטיף אמיצלי 187.5 גרם,ריטר,187 גרם,Snacks
4000417222008,שוקולד חלב+אגוזי לוז 100,אלפרד ריטר,100 גרם,Snacks
4000417224002,שוק.ריטר מריר אגוזים100ג,אלפרד ריטר,100 גרם,Other
4000417670915,ש.חלב עם פיסטוק קלוי100ג,אלפרד ריטר,100 גרם,Dairy
4000417708007,שוקולד ריטר מריר שקד100ג,אלפרד ריטר,100 גרם,Snacks
4000539280726,שוק.מריר לינדט70%מילד100,לינדט ושפרונגלי,100 גרם,Other
4000539280740,שוק.מריר לינדט 78% 100ג,לינדט ושפרונגלי אס.איי.א,100 גרם,Other
4000539363108,שוקולד לינדור סטיק 38גרם,לינדט,38 גרם,Snacks
40052403,חטיף קיט קאט אצבעות41ג,נסטלה גרמניה,41 גרם,Snacks
4005808128273,ניוואה גל רחצה לגבר500מ,BEIERSDORF HELLAS,500 מיליליטר,Other
4005808222698,קצף גילוח ניוואה רגיש200,BEIERSDORF,200 מיליליטר,Other
4005808366392,לבלו שפתון לחות כחול,BEIERSDORF HELLAS,1 יחידות,Other
4005808368280,לבלו דובדבן בליסטר,BEIERSDORF HELLAS,1 יחידות,Other
4005808502004,לבלו שפתון ליובש ורוד,BEIERSDORF,1 יחידות,Other
4005808515554,"ניוואה קרם ר""ש עדין 300מ",BEIERSDORF HELLAS,300 מיליליטר,Other
4005808813063,תחל.לאחר גילוח-ע.רגיש100,BEIERSDORF,100 מיליליטר,Other
4005808817405,גל גילוח ניוואה.רגיש200,BEIERSDORF,200 מיליליטר,Other
4005808850723,שפתון תות שדה בליסטר,BEIERSDORF HELLAS,1 יחידות,Fruit
4005808890507,קרם לחות רב שימושי 200מל,BEIERSDORF HELLAS,200 מיליליטר,Other
4005900036476,"דאו.ניוואה רול און 50מ""ל",BEIERSDORF HELLAS,50 מיליליטר,Other
4005900036483,דאו.ניוואה בלק&וייט 150מ,BEIERSDORF,150 מיליליטר,Other
4005900036506,דאו.ניוואה בלק&וויט רול,BEIERSDORF HELLAS,50 מיליליטר,Other
4005900388513,ניוואה רול און לאישה50מ,BEIERSDORF HELLAS,50 מיליליטר,Other
4005900485243,רול און דרי פרש לגבר 50,BEIERSDORF,50 מיליליטר,Other
4005900488459,דאו.רול דרי פרש לאישה50מ,BEIERSDORF,50 מיליליטר,Other
4005900513045,ניוואה דאודורנט לגבר150,BEIERSDORT,150 מיליליטר,Other
4005900513069,ניוואה רול און גבר דיפ50,BEIERSDORT,50 מיליליטר,Other
4005900547316,"דאו. ניוואה לאשה 150 מ""ל",BEIERSDORF,150 מיליליטר,Other
4005900639554,דאו.רול און פרש נטורל50מ,---,50 מיליליטר,Other
4005900816108,ניוואה רולאון יבש לגבר50,BEIERSDORF,50 מיליליטר,Other
4005900833723,גל רחצה לגבר 3ב1 פרש500,BEIERSDORF HELLAS,500 מיליליטר,Other
4005900845702,"דאו.ניוואה פרש 50 מ""ל",BEIERSDORF,50 מיליליטר,Other
4005900874931,"דאו.ניוואה דיפ ביט150מ""ל",BEIERSDORF,150 גרם,Other
4005900874962,ניוואה רול און דיפ ביט,BEIERSDORF HELLAS,50 מיליליטר,Other
4006000012278,דאו ספריי גבר סנסיישן150,BEIERSDORF,150 מיליליטר,Other
4006000030678,"ניוואה בייבי משחה100 מ""ל",BEIERSDORF,100 מיליליטר,Other
4006000086705,תחליב גוף ניוואה 500מל,BEIERSDORF,500 מיליליטר,Other
4006000086743,ניוואה תחליב גוף 500מל,BEIERSDORF,500 מיליליטר,Other
4006000086767,ניוואה קרם גוף אלוורה500,BEIERSDORF,500 מיליליטר,Other
4007745058804,מיונז אורגני340ג נטורפוד,הורלין,340 גרם,Sauces & Spreads
4007745058811,חרדל אורגני 200ג נטורפוד,,200 גרם,Sauces & Spreads
4007745058828,חרדל גרגרים אורגני 145ג,,145 גרם,Sauces & Spreads
4008287051032,בירה קרומבאכר פחית 500 מ,קרומבאכר,500 מיליליטר,Drinks
4008287058161,"בירה קרומבאכר 6*330 מ""ל",קרומבאכר,1.98 ליטר,Drinks
4008287905786,בירה קרומבאכר חיטה פח500,קרומבאכר,500 מיליליטר,Drinks
4008400170428,בונבונ.לב פררו רושה100ג,פררו פולין אס.פי. זי.או.,100 גרם,Other
40084107,ביצת קינדר הפתעה 20 גרם,פררו אס.פי.אי,20 גרם,Other
4009300011040,תה ירוק תפוח 20יח*1.75גר,טיקנה גי.אמ.בי.אייג,35 גרם,Drinks
4009300011958,פומפדור ניו יורק צאי20ש,טיקנה גי.אם.בי.אייג,35 גרם,Other
4009300053163,חליטת ורד בר היביסקוס20ש,טיקנה גי.אמ.בי.אייג,60 גרם,Other
4009300522935,תה ירוק לימונית+לואיזה20,טיקנה גי.אם.בי.אייג,30 גרם,Drinks
4009300524588,חליטת פירות יער20שקיק*3ג,טיקנה גי.אם.בי.אייג,60 גרם,Fruit
4009300524625,תה צאי מאסלה20שק*2גר,טיקנה,40 גרם,Drinks
4009300525684,חליטת לימון גינגר20שק,טיקנה גי.אם.בי.אייג,35 גרם,Fruit
4009300526438,תה ירוק קלאסי 20 שקיקים,טיקנה גי.אם.בי.אייג,30 גרם,Drinks
4009300527909,חליטת גינגר כורכום20שק,טיקנה גי.אם.בי.אייג,35 גרם,Other
4009300530459,חליטת גינגר ודבש 20שק,טיקנה גי.אמ.בי.אייג,35 גרם,Sauces & Spreads
4009900402965,אורביט וייט פירות 64גרם,ריגלי פולין,64 גרם,Fruit
4009900403023,מסטיק אורביט ויט מנטה64ג,ריגלי פולין,64 גרם,Snacks
4009900412087,אורביט פפרמינט בקבוק64ג,ריגלי פולין,64 גרם,Other
4009900412117,אורביט ספירמינט בקבוק64ג,ריגלי ממתקים,64 גרם,Other
4009900420198,מסטיק אורביט אבטיח 64 גר,ריגלי פולין,64 גרם,Snacks
4009900426039,מסטיק איירוויבז מנטה64ג,ריגלי פולין,64 גרם,Snacks
4009900426121,מסטיק איירוויבז אוכמנ64ג,ריגלי פולין,64 גרם,Snacks
4009900479998,אורביט אוכמניות בקבוק64ג,ריגלי פולין,64 גרם,Other
4009900482417,אורביט באבל מינט בקבוק64,ריגלי פולין,64 גרם,Other
4009900482967,סקיטלס בטעם פירות 152 גר,מרס ריגלי,152 גרם,Fruit
4009900492829,סקיטלס פירות יער 152גרם,מרס ריגלי,152 גרם,Fruit
4009900513791,סקיטלס פירות חמוצים 152ג,מרס ריגלי,152 גרם,Fruit
4009900514996,מסטיק אורביט תות 64 גרם,ריגלי ממתקים,64 גרם,Snacks
4009900536257,אורביט רפרשרס ספירמינט67,ריגלי פולין,67 גרם,Other
4009900536288,אורביט רפרשרס פפרמינט67ג,ריגלי ממתקים,67 גרם,Other
4009900540551,אורביט רפרשרס טרופיקל67ג,---,67 גרם,Other
4009900546140,סקיטלס גיינטס חמוצות132,מרס ריגלי,132 גרם,Other
4009900546164,סקיטלס גיינטס פירות 132,מרס ריגלי,132 גרם,Fruit
4009900552165,אורביט רפרשרס אבטיח 67 ג,מרס פולין,67 גרם,Fruit
4011800000349,קורני בייס קרמל סולט138ג,שוורטאוור וורקה,138 גרם,Other
4011800000738,קורני בייס קוקי&קרם138ג,שוורטאוור וורקה,138 גרם,Other
4011800528416,קורני בוטנ.מתוק מלוח6*25,שוורטאוור וורקה,150 גרם,Other
4011800567613,קורני סנדוויץ שחור לבן4י,Schwartauer,120 גרם,Dairy
4011800628512,קורני חט.דגנים+שוקולד6יח,Schwartauer,150 גרם,Snacks
4011800630515,קורני 6חט.דגנים+שוק+בננה,Schwartauer,150 גרם,Fruit
4011800632519,קורני חטיפי קוקוס שוק6יח,Schwartauer,150 גרם,Other
4011800633516,ח.דגנים שוקו.מריר6 קורני,שוורטאוור וורקה,138 גרם,Drinks
4011800636517,קורני FREE שוקולד חלב6יח,Schwartauer,120 גרם,Snacks
4013162036172,מרכך כביסה רוח קיץ כחול1,פיט,1000 מיליליטר,Other
4013162036196,מרכך כ.דובי מפנק לבן 1ל,פיט,1000 מיליליטר,Dairy
4013162036219,מ.כביסה דובי מפנק ירוק1ל,פיט,1000 מיליליטר,Other
4013162036233,מרכך כביסה הדובי המפנק1ל,פיט,1 ליטר,Other
4013162038282,מרכך כביסה הדובי המפנק 1,פיט,1 ליטר,Other
4014400901191,בונבוניירה מרסי 250 גרם,אוגוסט שטורק,250 גרם,Other
4014400907902,סוכ.וורטר ל.סוכר קופס42ג,שטורק,42 גרם,Other
4014400910063,סוכריות חמאה וורטר135גרם,אוגוסט שטורק,135 גרם,Snacks
4014400914696,"סוכריות חמאה לל""ס80 ורטר",אוגוסט שטורק,80 גרם,Snacks
4014400914924,"סוכ.קפוצינו לל""ס80 ורטר",אוגוסט שטורק,80 גרם,Other
4014400920857,"סוכ.שוקולד לל""ס 70ג ורטר",אוגוסט שטורק,70 גרם,Snacks
4014400923711,טופיפי 125 גרם,אוגוסט שטורק,125 גרם,Other
4014400925319,חטיף פופקורן קרמל 140ג,אוגוסט שטורק,140 גרם,Snacks
4014400930474,קנופרס וופל מיניס 200 גר,---,200 גרם,Snacks
40144016,סוכריות חמאה 50 גרם ורטר,שטורק,50 גרם,Snacks
4015400363033,טמפקס רגולר עם מוליך,---,1 יחידות,Other
4015400563747,אולוויז מגן וליופק N 60,PROCTER&GAMBLE,1 יחידות,Other
4015400563846,אולוויז מגן וליופק לונג,PROCTER&GAMBLE,1 יחידות,Other
4015400564324,אולוויז מגן וליופק L 52,PROCTER&GAMBLE,1 יחידות,Other
4015400565574,מגן תחתון נורמל VPפרש 58,PROCTER&GAMBLE,1 יחידות,Other
4015576235493,"בירה ברלינר 500 מ""ל",---,500 מיליליטר,Drinks
4015576236780,בירה בהירה לא מסונ.פח500,,500 מיליליטר,Drinks
4015600810849,קליר גל גילט פאוייר70מ,PROCTER&GAMBLE,70 מיליליטר,Other
4018722344308,אטריות טאליאטלה כוסמין,אלב גולד,500 גרם,Other
4022025001905,בלו ווין מבעבע זהב 750מל,היי סישל סוהן טראבן,750 מיליליטר,Other
4022025261002,בלו ווין מבית בלו נאן750,לנגוט טראבן,750 מיליליטר,Other
4044889004571,שוקולד לבן ווניל אורגני,לודויג וינריצ,80 גרם,Snacks
4044889004595,שוקולד קלאסי אורגני 80 ג,לודויג וינריצ,80 גרם,Snacks
4044889004625,שוקולד עם אגוזי לוז אורג,לודויג וינריצ,80 גרם,Snacks
4044889004649,שוקולד עם שבבי בייגלה מל,לודויג וינריצ,80 גרם,Snacks
4045787068221,פרוטאין קולור 1-0שחור 60,הנקל סוד,1 יחידות,Other
4045787068252,פרוטאין קולור מס1000.1,הנקל סוד,1 יחידות,Other
4045787068306,פרוטאין קולור מס4,הנקל סוד,1 יחידות,Other
4045787068320,פרוטאין קולור 5 חום,הנקל סוד,1 יחידות,Other
4045787068375,פרוטאין קולור6 בלונד כהה,הנקל סוד,1 יחידות,Other
4045787068467,פרוטאין קולור מס7,הנקל סוד,1 יחידות,Other
4045787068542,פרוטאין קולור מס8,הנקל סוד,1 יחידות,Other
4053700292455,ויט 12רצועות שעווה צמחית,רקיט בנקיזר,1 יחידות,Other
4061445096689,קפה נמס אספרסו 57 100גרם,"טשיבו, אספי.זד.או.או",100 גרם,Drinks
4061445096702,קפה נמס דוידוף 100גרם,"טשיבו, אספי.זד.או.או",100 גרם,Drinks
4061445096726,קפה נמס ריץ ארומה 100גרם,"טשיבו, אספי.זד.או.או",100 גרם,Drinks
4064666232379,וולה פלקס ספריי לשיער גמ,INTERSPRAY THEORAT,250 מיליליטר,Other
4064666232416,מוס לשיער גמיש אולטרא200,INTERSPRAY THEORAT,200 מיליליטר,Other
4064666518145,וולה דלוקס מוס לעיצוב200,אינטרספריי,200 מיליליטר,Other
4066600601920,בירה פאולנר חיטה פחית500,פאולנר,500 מיליליטר,Drinks
4066600999614,"בירה פאולנר חיטה 500 מ""ל",מבשלת פאולנר,500 מיליליטר,Drinks
4067700014849,"ייגרמייסטר 700 מ""ל",יגרמייסטר,700 מיליליטר,Other
4084500065598,פנטן קרם לחות לתלתלים300,PROCTER&GAMBLE,300 מיליליטר,Other
4084500088917,פיירי לכלים לימון650מל,PROCTER&GAMBLE,650 מיליליטר,Fruit
4084500739253,אורל בי 3D Whiteלובן75מל,PROCTER&GAMBLE,75 מיליליטר,Other
4084500853553,נ.כלים אורגינל650מ פיירי,PROCTER&GAMBLE,650 מיליליטר,Other
4100130937163,"בירה בקס 6*275 מ""ל",BECK AND CO,1.65 ליטר,Drinks
4105120062436,ויינשטיין דונקל בקבוק500,---,500 מיליליטר,Other
4105120623941,"בירה ויינשטפן בק 500 מ""ל",---,500 מיליליטר,Drinks
4105120624412,בירה ויינשטפן ויטוס500מל,---,500 מיליליטר,Drinks
42138105,וינסטון סופר סלמס כחול ח,jti,1 יחידות,Other
42138129,וינסטון סופר סלמס מנטל ח,jti,1 יחידות,Other
42269915,ק.אינטנסיבי פנים וגוף200,BEIERSDORF HELLAS,200 מיליליטר,Other
42299363,"דאו.OCEAN ניוואה 50מ""ל",BEIERSDORF,50 מיליליטר,Other
4600659010854,"וודקה סטולי 700 מ""ל",איי. אס. לטבייאס בלזם,700 מיליליטר,Other
4603400000043,וודקה רוסקי סטנדרט 700מל,,700 מיליליטר,Other
4603766426075,"סוכריות לל""ס ט.מנגו 14גר",טורגובי דום אנרגון רוס,14 גרם,Snacks
4603766426105,"סוכריות לל""ס ט.דובדבן14ג",טורגובי דום אנרגון רוס,14 גרם,Snacks
4605246003516,תפזורת תה שחור ציילון100,,100 גרם,Drinks
4605246003523,תה שחור גולדן צילוני25ש,גרינפילד,50 גרם,Drinks
4605246003585,תה ירוק פליינג דרגון25ש,גרינפילד,50 גרם,Drinks
4605246003738,תה ירוק יסמין 25 שקיקים,גרינפילד,50 גרם,Drinks
4605246004278,תה שחור ארל גריי 25 שק,גרינפילד,50 גרם,Drinks
4605246004322,חליטת תה קמומיל 25ש*1.5ג,גרינפילד,37 גרם,Drinks
4605246004339,חליטת תה סאמר בוקט 25 שק,גרינפילד,50 גרם,Drinks
4605246004353,תה ירוק מליסה 25 שקיקים,גרינפילד,37 גרם,Drinks
4605246009969,תה שחור אוכמניות 25שק,אורימי בעמ,1 יחידות,Drinks
4605246017537,חליטת פירות עם למון גראס,,36 גרם,Fruit
4605246017544,חליטת צמחים פירות מאצה20,,36 גרם,Fruit
4605246017551,תה צמחים פירות לבנדר20יח,,36 גרם,Drinks
4605246017865,חליטת לימון גינגר20שק,גרינפילד,1 יחידות,Fruit
4605246017896,חליטת תה פירות אדומים20ש,גרינפילד,1 יחידות,Drinks
4605246017926,תה ירוק נענע 20 שקיקים,גרינפילד,1 יחידות,Drinks
4607001414445,טארטלטים לקינוח בייקר180,רמנסקי,180 גרם,Other
4607002994328,חומץ 9% 1 ליטר,---,1 ליטר,Sauces & Spreads
4607012351005,גרעין חמניה קלוי200מרטין,אל אל סי מרטין,200 גרם,Other
4607012351999,גרעיני חמניה מלח ים200ג,אל אל סי מרטין,200 גרם,Other
4607096572549,פתית שיפון קרואזט 200 גר,אוריינט,200 גרם,Other
4607096572556,פתית שיפון עשבי תיבול200,אוריינט,200 גרם,Other
4607096573102,פתית שיפון דגנים 200ג,אוריינט,200 גרם,Other
4610274540018,"סוכריות ל""לס ט.מנטה14ג",טורגובי דום אנרגון רוס,14 גרם,Snacks
4610274540032,"סוכריות לל""ס ט.פירות יער",טורגובי דום אנרגון רוס,14 גרם,Snacks
4640018993398,קפסולות פיניש קוואנטום60,רקיט בנקיזר,1 יחידות,Other
4710068001692,"מאסטר קפה לאטה 240 מ""ל",תאיט מרקטינג אנד דיסטריב,240 מיליליטר,Drinks
4710068001715,"מאסטר קפה טירמיסו 240מ""ל",,240 מיליליטר,Drinks
4710068001739,מאסטר קפה קולומביאני240מ,,240 מיליליטר,Drinks
4710068006239,"מאסטר קפה לאטה לל""ס240מל",מאיטה פוד אינדוסטריאל קו,240 מיליליטר,Drinks
4740098001683,קוקטייל פינה קולדה 330 מ,לה קוק,330 מיליליטר,Other
4740098098331,"קוקטייל בלו לאגון 330 מ""",לה קוק,330 מיליליטר,Other
4740098098355,"קוקטייל מוחיטו 330 מ""ל",לה קוק,330 מיליליטר,Other
4740098098379,"קוקטייל מרגריטה 330 מ""ל",לה קוק,330 מיליליטר,Other
4740098098393,קוקטייל סקס און דה ביץ 3,לה קוק,330 מיליליטר,Other
4750616000593,שפרוטים בשמן בריוואס 240,בריוואס וילינוס,240 גרם,Other
4750616001651,שפרוטים גדולים בשמן 240,בריוואס וילינוס,240 גרם,Other
4770166223204,גלידת וניל קרמל DADU 250,---,250 גרם,Frozen
4770166223242,גלידת קרמל&ביסקו250 DADU,---,250 גרם,Frozen
4770166224324,DADUגלידת וניל מייפל 310,---,310 גרם,Frozen
4770237049443,גלידת קרמל ברולSVALYA 70,---,70 גרם,Frozen
4770237049450,גלידת וניל ופל SVALYA 70,---,70 גרם,Frozen
4770237060523,מאגדת מנגו פספלורה264 גר,---,264 גרם,Fruit
4770237060561,מאגדת וניל אוכמניות 264,---,264 גרם,Other
4770301230821,"פחית בירה אינדיה 568 מ""ל",וולפאס אנגלמן,568 מיליליטר,Drinks
4770301232023,בירה אוסטרליה פייל 568מל,וולפאס אנגלמן,568 מיליליטר,Drinks
4770301234935,"בירה באלטיק פורטר 568מ""ל",---,568 מיליליטר,Drinks
4770301234973,בירה בלנש חיטה בלגימ568,וולפאס אנגלמן,568 מיליליטר,Drinks
4770301235338,פחית בירה ניו אינגלנד500,וולפאס אנגלמן,500 מיליליטר,Drinks
4770577229062,סלק מבושל אורגני (ק),CP,500 גרם,Other
4779045920371,קמבוצה חיה - קלאסי 330,מ.ב. קמבוצריה,330 מיליליטר,Other
4779045920395,קמבוצה חיה - גינגר330,מ.ב. קמבוצריה,330 מיליליטר,Other
4792032060454,"מי קוקוס אורגני 330 מ""ל",בן טרה גוינט סטוק,330 מיליליטר,Other
4793000637005,מקלות קינמון אורגני 50ג,אינטרנשיונל קומודטי אקספ,50 גרם,Other
4793000637012,קינמון ציילוני טחון 70 ג,אינטרנשיונל קומודטי אקספ,70 גרם,Other
4800888209382,רקסונה סטיק אינויזיבל 50,יוניליוור ישראל טיפוח,50 גרם,Other
4800888219510,דאו.דאב סטיק מלפפון 50,חברת זולברג,50 גרם,Vegetables
4800888219534,דאו.דאב סטיק אורגינל 50,חברת זולברג,50 גרם,Other
4810168000011,חתיכות הרינג מלוח מצונן,---,250 גרם,Other
4810168000998,הרינג מלוח עם בצל 260 גר,---,260 גרם,Vegetables
4810168001056,חתיכות הרינג מלוח מצונן,סנטה ברמור,260 גרם,Other
4810168024512,הרינג מלוח מצונן+תבלין,---,260 גרם,Sauces & Spreads
4810168038984,גליד.וניל סנדביץ80 YUKKI,---,80 גרם,Frozen
4810168039004,גלידת שמנת בטעם וניל 400,---,400 גרם,Frozen
4810168045432,גלידת שמנת טראפל65 YUKKI,---,65 גרם,Frozen
4810168057435,פילה הרינג מלוח 400 גרם,---,400 גרם,Meat & Fish
4810168057510,חתיכות פילה דג הרינג400ג,---,400 גרם,Meat & Fish
4810168058975,חתיכות פילה דג הרינג260ג,---,260 גרם,Meat & Fish
4810168058982,חתיכות פילה דג הרינג,---,400 גרם,Meat & Fish
4810168058999,פילה דג הרינג סקנדינבי,---,250 גרם,Meat & Fish
4810168060121,חתיכות פילה הרינג מומלח,סנטה ברמור,500 גרם,Meat & Fish
4810168060190,חתיכות פילה הרינג ממולח,---,150 גרם,Meat & Fish
4810168060268,גלידת שמנת סופלהYUKKI 65,---,65 גרם,Frozen
4810168061487,פילה דג הרינג בשמן 400 ג,---,400 גרם,Meat & Fish
4810168061494,חתיכות פילה הרינג עם בצל,---,150 גרם,Meat & Fish
4810168062187,"בלינצס תפו""א+פטריות420ג",---,420 גרם,Vegetables
4810168062194,בלינצס גבינת טבורוג360ג,---,360 גרם,Dairy
4810168062200,בלינצס מילוי דובדבנים360,---,360 גרם,Other
4810168062217,"בלינצס תפו""ע וקינמון360",---,360 גרם,Other
4810168062224,בלינצס+ממרח קקאו אגוז360,---,360 גרם,Sauces & Spreads
4810168062231,עלי בלינצס מוקפאים 320ג,---,320 גרם,Other
4810168062644,פילה הרינג סקנדינבי500גר,---,500 גרם,Meat & Fish
4810168062651,חתיכ.פילה הרינג מומלח500,סנטה ברמור,500 גרם,Meat & Fish
4810168064068,בסגנון קוויאר אדום 230 ג,---,230 גרם,Other
4810168064075,בסגנון קוויאר שחור230ג,---,230 גרם,Other
4810168064174,איקרה טרוטונית והרינג180,סנטה ברמור,180 גרם,Other
4810168064181,איקרה עם פורל וסלמון180ג,סנטה ברמור,180 גרם,Meat & Fish
4810168064204,סלט איקרה לבנה 180 גרם,סנטה ברמור,180 גרם,Prepared
4810168064211,סלט איקרה עם פורל וסלמון,סנטה ברמור,180 גרם,Meat & Fish
4810168064228,סלט איקרה ורודה 180 גרם,סנטה ברמור,180 גרם,Prepared
4810168065324,מאגדת גלידת שמנת 400 גרם,---,400 גרם,Frozen
4810168067489,פילה הרינג כבוש+בצל520,,520 גרם,Meat & Fish
4810168067496,פילה הרינג+בצל וזית500גר,,500 גרם,Meat & Fish
4810168067915,נתחי פילה הרינג +שמיר500,,500 גרם,Meat & Fish
4810168069018,מאגדת גלידה שוקולד 400גר,BREMOR,400 גרם,Frozen
4820000190985,"בירה בהירה בפחית 500 מ""ל",אובולון,500 מיליליטר,Drinks
4820005192946,שוקולד חלב אגוזי לוז100ג,"מאלבי פודס בע""מ",100 גרם,Snacks
4820005193059,שוק.חלב עם אגוזי לוז100ג,"מאלבי פודס בע""מ",100 גרם,Dairy
4820005193073,שוקולד מריר אגוזי לוז100,"מאלבי פודס בע""מ",100 גרם,Snacks
4820005193097,שוקולד לבן אגוזי לוז100ג,"מאלבי פודס בע""מ",100 גרם,Snacks
4820005194124,שוקולד חלב שקדים 100 גרם,"מאלבי פודס בע""מ",100 גרם,Snacks
4820005195848,שוקולד מריר 80% 100 גרם,"מאלבי פודס בע""מ",100 גרם,Snacks
4820005198597,שוקולד מריר 74% 100 גרם,"מאלבי פודס בע""מ",100 גרם,Snacks
4820034600870,חלב מרוכז ממותק 370 גרם,---,370 גרם,Dairy
4820077161659,גלידת וניל BISCWICH 75,---,75 גרם,Frozen
4820077161673,שוגילידה וניל RUD,---,80 גרם,Other
4820077161680,גלידת סנדוויץ וניל שוקול,---,80 גרם,Frozen
4820077161734,מוצי מנגו 240 גרם,---,240 גרם,Fruit
4820077161741,מוצי וניל-קרמל מלוח,---,240 גרם,Other
4820077161833,מוצי קפה-שוקולד 240 גרם,---,240 גרם,Snacks
4820077161918,גלידת מקרון וניל&קרמל240,"ללס ""טירס ט.מ מוסאיק""",240 גרם,Frozen
4820077161932,גלידת מקרון מנגו&פסיפ240,"ללס ""טירס ט.מ מוסאיק""",240 גרם,Frozen
4820077162014,מאגדת קולWיץוניל סנדויץ,---,320 גרם,Other
4820077162199,גלידת מאגדת מיני ביסקWיץ,---,250 גרם,Frozen
4820077162212,מאגדת וניל שוקולד שקד275,"ללס ""טירס ט.מ מוסאיק""",275 גרם,Snacks
4820077162243,גלידת מאגדת דאבל שוקולד,"ללס ""טירס ט.מ מוסאיק""",275 גרם,Frozen
4820077162274,מאגדת שוקולד דובאי 275 ג,---,275 גרם,Snacks
4820077162298,גלידה מוצי טירמיסו240גר,"ללס ""טירס ט.מ מוסאיק""",240 גרם,Frozen
4820077162311,מוצי מקיאטו+קרמל מל.240,"ללס ""טירס ט.מ מוסאיק""",240 גרם,Other
4820077162335,גלידת עוגיות פאי לימון 2,"ללס ""טירס ט.מ מוסאיק""",240 גרם,Frozen
4820077162427,מיני מוצי פיסטוק 240גרם,"ללס ""טירס ט.מ מוסאיק""",240 גרם,Other
4820077162441,קינוח קראנצ דובאי 240ג,"ללס ""טירס ט.מ מוסאיק""",240 גרם,Other
4820077162472,מיני מוצי מנגו 240 גרם,"ללס ""טירס ט.מ מוסאיק""",240 גרם,Fruit
4820077162496,מיני מוצי אפרסק 240 גרם,"ללס ""טירס ט.מ מוסאיק""",240 גרם,Fruit
4820077162502,מיני מוצי שוקו.גנדויה240,"ללס ""טירס ט.מ מוסאיק""",240 גרם,Drinks
4820154723428,טילון שמנת וניל ותות,---,100 גרם,Dairy
4820154723442,טילון שמנת וניל ושוקו,---,100 גרם,Drinks
4820154727938,שלגון מלון ליים RUD 85 ג,---,85 גרם,Frozen
4820180816552,Cookiesש.שועל קוקוס180גר,,170 גרם,Snacks
4820180816576,Cookiesשבבי קוקוס 160גרם,,160 גרם,Snacks
4820180816590,Cookiesגרעיני חמנייה180ג,,180 גרם,Snacks
4820193037128,אובולון סטרונג 8.5%-500,אובולון,500 מיליליטר,Other
4820217240114,חמאה FERMA 82.5%גרם 200,טרא פוד,200 גרם,Dairy
4820229031281,וודקה חורטיצה קלאסיק 700,גלובל ספיריטס גרופ,700 מיליליטר,Other
4820249751275,שלג.שרבט צורת מכונית204,---,204 גרם,Other
4820249751411,גלידת שמנת וניל קרמל330ג,אייס פוד,330 גרם,Frozen
4820249751435,גלידת שמנת פיסטוק 330גרם,אייס פוד,330 גרם,Frozen
4820249751459,גלידת שמנת אוכמניות 330ג,אייס פוד,330 גרם,Frozen
4820249751473,גלידת שמנת שוקולד330גרם,אייס פוד,330 גרם,Frozen
4820249751541,גלידת שמנת קוקוס 330גרם,אייס פוד,330 גרם,Frozen
4820249751565,גלידת שמנת מנגו 330גרם,אייס פוד,330 גרם,Frozen
4823077602863,crazy bee סוכריות200ג,רושן,200 גרם,Snacks
4823077608513,סוכריות טופי חלב205 רושן,רושן,205 גרם,Snacks
4823077612732,סוכריות בים בום200ג רושן,רושן,200 גרם,Snacks
4823077613630,חטיף שוקולד חלב מרוכז43ג,---,43 גרם,Snacks
4823077614675,ביסקויט לקפה חלב185 רושן,ROSHEN,185 גרם,Drinks
4823077614699,ביסקויט לקפה חמאה185רושן,ROSHEN,185 גרם,Drinks
4823077617041,חטיף שוקולד ממולא קרמל40,---,40 גרם,Snacks
4823077623684,סוכריות קרם חלב150ג רושן,רושן,150 גרם,Snacks
4823077623714,סוכריות טופי ריבת חלב150,רושן,150 גרם,Snacks
4823077624223,סוכר.גלי פירות קיץ200ג,רושן,200 גרם,Fruit
4823077624247,סוכריות גלי הדרים200ג,רושן,200 גרם,Snacks
4823077624261,סוכר.גלי פירות יער 200ג,רושן,200 גרם,Fruit
4823077625589,וופל רושן בטעם חלב 216ג,ROSHEN,216 גרם,Snacks
4823077625626,וופל רושן בטעם אגוז 216ג,ROSHEN,216 גרם,Snacks
4823077626203,שוקולד אוורירי מריר 80גר,---,80 גרם,Snacks
4823077626227,שוקולד חלב אוורירי 80 גר,---,80 גרם,Snacks
4823077626364,שוקולד אוורירי לבן 80גרם,---,80 גרם,Snacks
4823077630057,חמאה 82.5% רושן 200 גרם,---,200 גרם,Dairy
4823077632112,וופל רושן בטעם קקאו חלב,---,216 גרם,Snacks
4823077632259,שוקולד קקאו ובטנים38גרם,רושן,38 גרם,Snacks
4823077633034,גליליות רושן קקאו 140 גר,ROSHEN,140 גרם,Other
4823077633317,עוגיות LOVITA שוקולד 150,---,150 גרם,Snacks
4823077633324,עוגיות LOVITAשוקוציפס150,---,150 גרם,Snacks
4823077634222,עוגיות LOVITA תפוז 135ג,---,135 גרם,Snacks
4823077634246,עוגיות LOVITA פטל 135ג,---,135 גרם,Snacks
4823077634277,עוגיות LOVITA תות שדה135,---,135 גרם,Snacks
4823077636172,וופל רושן בטעם לימון216ג,ROSHEN,216 גרם,Snacks
4823077636400,עוגיות LOVITA קרם חלב127,---,127 גרם,Snacks
4823077641312,וופל רושן בטעם קקאו216ג,---,216 גרם,Snacks
4823077641367,עוג.LOVITA קרם שוקולד127,---,127 גרם,Snacks
4823077643064,"חמאה 82.5% רושן בד""ץ200ג",רושן,200 גרם,Dairy
4823077646294,עוגיות עם נטיפי קקאו 152,ROSHEN,152 גרם,Snacks
4823077648106,עוגיות חמאה 140ג רושן,ROSHEN,140 גרם,Snacks
4823077648113,עוגיות חמאה קקאו140 רושן,ROSHEN,140 גרם,Snacks
4823097809785,גלידה בטעם וניל1קג RUD,---,1 קילוגרם,Frozen
4823097809808,plombir גלידת שמנת500ג,---,500 גרם,Frozen
4823097809815,שלגון אוכמניות 85גro,---,85 גרם,Frozen
4823097810019,טילון שמנת וניל קרמל,---,100 גרם,Dairy
4823097811887,גלידת שמנת אסקימו קרמל70,---,70 גרם,Frozen
4823097812273,שלגון אפרסק ומנגו RUD 85,---,85 גרם,Frozen
4823097814062,אסקימוס פיסטוק שוקולדRUD,MASLOZAVO ZHITOMIRSI JSC,75 גרם,Snacks
4823097815359,מאגדת שלגוני פירות360RUD,---,360 גרם,Fruit
4823097815878,אסקימוס וניל שוקו RUD 70,---,70 גרם,Drinks
4823097816745,שלגון שרבט אננס קוקוס 85,---,85 גרם,Frozen
4823097816752,שלגון שרבט תות קיווי85ג,---,85 גרם,Frozen
4823097818442,מאגדת שלגוןמיקס טרופי360,---,360 גרם,Frozen
4840008001199,מיני סושקה וניל 500 גרם,פרנזלוטה,500 גרם,Other
4860019001414,מים מינרלים בורזומי750מ,,750 מיליליטר,Drinks
4891228460242,שיק קווטרו טיטניום נשים,שיק,1 יחידות,Other
4895251102124,אוכמניות 125 גרם,ATOS,125 גרם,Other
4903001904192,"רוטב סויה יאמאסה 500 מ""ל",יאמאסה,500 מיליליטר,Sauces & Spreads
4903001925784,רוטב סויה מופחת נתרן500מ,יאמאסה,500 מיליליטר,Sauces & Spreads
4987176231543,מב.שיניים אורל בי6יח,פרוקטר & גמבל,1 יחידות,Other
5000108478119,קוואקר שיבולת שועל 500 ג,וולקרס סנקס לימיטד,500 גרם,Other
5000157143365,רוטב מיו-קטשופ425ג היינץ,"פודליצקי ספ.ז.או.או.,",425 גרם,Sauces & Spreads
5000159555692,מלטיזרס 135 גרם,מרס הולנד,135 גרם,Other
5000159557498,חטיפי באונטי 5 * 57 גרם,מרס הולנד בי.וי.,285 גרם,Other
5000159557689,טוויקס מיני 333 גרם,מרס גי אם בי אייץ,333 גרם,Other
5000159558792,מרס חטיף בודד 51 גרם,מרס הולנד בי.וי.,51 גרם,Snacks
5000159559461,חטיפי טוויקס 5 * 40 גרם,מרס הולנד בי.וי.,250 גרם,Other
5000159559485,טוויקס חטיף בודד 50 גרם,מרס הולנד בי.וי.,50 גרם,Snacks
5000159560498,חטיפי סניקרס 5 * 50 גרם,מרס הולנד בי.וי.,250 גרם,Other
5000159560511,סניקרס חטיף בודד 50 גרם,מרס הולנד בי.וי.,50 גרם,Snacks
5000159561228,מיני מיקס בשקית 400 גרם,מרס הולנד בי.וי.,400 גרם,Other
5000159561921,מרס מיני 333 גרם,מרס הולנד בי.וי.,333 גרם,Other
5000159561945,סניקרס מיני 333 גרם,מרס הולנד בי.וי.,333 גרם,Other
5000159561976,באונטי חטיף בודד 57 גרם,מרס הולנד בי.וי.,57 גרם,Snacks
5000159567350,מלטיזרס 300 גרם,מרס הולנד,300 גרם,Other
5000189363069,חטיף שוקולד אפטר אייט200,נסטלה,200 גרם,Snacks
5000204657913,קיווי משחה שחורה50מל,JOHNSON&JOHNSON,50 מיליליטר,Other
5000213000359,"בירה גינס 330 מ""ל",---,330 מיליליטר,Drinks
5000213014905,"בירה גינס פחית 440 מ""ל",---,440 מיליליטר,Drinks
5000267014203,וויסקי גוני ווקר אדום,---,700 מיליליטר,Other
5000267024202,וויסקי גוני ווקר שחור,---,700 מיליליטר,Other
5000277001019,וויסקי דיוארס סקוטי700מל,---,700 מיליליטר,Other
5000289925440,"גין גורדון 700 מ""ל",אלכסנדר גורדון,700 מיליליטר,Other
5000299609347,"וויסקי גלנליווט 700 מ""ל",גורג וגיי גי סמי,700 מיליליטר,Other
5000396021202,קרקר 200 גרם ריץ,מונדליז סי.אר. ביסקוויט,200 גרם,Snacks
5010029000061,דגני בוקר ויטביקס 430 גר,ויטהביקס לימיטד,430 גרם,Other
5010029229394,דגני בוקר סטיטץ 450 גרם,וויטביקס,450 גרם,Other
5010029229417,דגני בוקר ספיידרמן450גרם,וויטביקס,450 גרם,Other
5010038454831,"בירה בלו מון 330 מ""ל","מבשלת סטרופראמן בע\""מ ,",330 מיליליטר,Drinks
5010182998861,טואלט דאק נוזל רענן750מ,JOHNSON&JOHNSON,750 מיליליטר,Other
5010265002836,פת פריכה אורגינל 250 גרם,גורדנס,250 גרם,Other
5010265002911,פת פריכה קמח שיפון 250ג,גורדנס,250 גרם,Other
5010327000046,"וויסקי גרנטס 700 מ""ל",וויליאם גרנטס,700 מיליליטר,Other
5010327399614,גלנפידיך אמריקן אוק 700,וויליאם גרנטס,700 מיליליטר,Other
5010622005012,חוט דנטלי ללא שעווה 50 מ,PROCTER&GAMBLE,50 מטרים,Other
5010677551281,"בריזר לימון 275 מ""ל","בקרדי בע""מ",275 מיליליטר,Meat & Fish
5010677551397,"בריזר בטעם ליים 275 מ""ל","בקרדי בע""מ",275 מיליליטר,Meat & Fish
5010677552387,"בריזר אננס 275 מ""ל","בקרדי בע""מ",275 מיליליטר,Meat & Fish
5010677554398,"בריזר אבטיח 275 מ""ל","בקרדי בע""מ",275 מיליליטר,Meat & Fish
5010677714006,"גין בומביי ספייר 700מ""ל",בומביי ספיריטס,700 מיליליטר,Other
5010677850100,"וודקה גריי גוס 700 מ""ל",גריי גוס,700 מיליליטר,Other
5010724527481,"בטיסט שמפו קלאסי200 מ""ל",צרצ אנד דיוויט,200 מיליליטר,Other
5011007003005,"וויסקי גיימסון 700 מ""ל",,700 מיליליטר,Other
5011026108033,"וויסקי טולמור דיו 700מ""ל",גרנטס,700 מיליליטר,Other
5011157630281,"אורז בסמטי טילדה 1 ק""ג",אברו הודו.פרייבט לימיטד,1 קילוגרם,Meat & Fish
5011408027976,אלנט ספריי שיער רגיל400מ,SOPROCOS,400 מיליליטר,Other
5011408028034,"ספריי חזק לשיער 400 מ""ל",SOPROCOS,400 מיליליטר,Other
5011417547885,אירויק+מקל. ריח כביסה30מ,רקיט בנקיזר,30 מיליליטר,Other
5014271300429,מעד.משמש ל.תוספת סוכר284,סנדלפור,284 גרם,Other
5014271310428,מעדן דובדבן שחור 284 גרם,סאן דלפור - שמבור,284 גרם,Dairy
5014271330426,מעדן אוכמניות כחולות284ג,סנדלפור,284 גרם,Dairy
5014271350424,מעדן ארבעה פירות 284 גרם,סאן דלפור - שמבור,284 גרם,Dairy
5014271370422,מעדן אפרסק 284 גרם,סאן דלפור - שמבור,284 גרם,Dairy
5014271400426,מעדן תות שדה 284 גרם,סאן דלפור - שמבור,284 גרם,Dairy
5018357006731,תע.דגנים40% פרי ואגוז560,דורסט סיריאלס,560 גרם,Other
5018357006755,תע.דגנים50% פרי ואגוז540,דורסט סיריאלס,540 גרם,Other
5024546366609,"וויסקי לאודרס 700 מ""ל",,700 מיליליטר,Other
5029053002408,נ.ט. קלינקס לבן 9 גל.,חוגלה קימברלי,228 מטרים,Dairy
5029053510811,קוטקס תחבושות נורמל 26יח,חוגלה קימברלי,1 יחידות,Other
5029053510828,קוטקס תחבושות סופר 22 יח,חוגלה קימברלי,1 יחידות,Other
5029053523446,קוטקס תחבושות נייט 16 יח,חוגלה קימברלי,1 יחידות,Other
5029053527598,9תח.ספיגה לילה בנים8-15,חוגלה קימברלי,1 יחידות,Other
5029053527604,9תח.ספיגה לילה בנות8-13,חוגלה קימברלי,1 יחידות,Other
5029053534596,32 טמפוני קוטקס נורמל,קימברלי קלארק,1 יחידות,Other
5029053534602,32 טמפוני קוטקס סופר,קימברלי קלארק,1 יחידות,Other
5029053535210,16טמפונ.קוטקס מוליך מיני,קימברלי קלארק,1 יחידות,Other
5029053535227,16טמפו.קוטקס מוליך נורמ.,קימברלי קלארק,1 יחידות,Other
5029053535234,16טמפונ.קוטקס מוליך סופר,חוגלה קימברלי,1 יחידות,Other
5029053538426,11 חיתולי שחיה האגיס L,האגיס בגדי ים,1 יחידות,Other
5029053574110,האגיס פול אפס יום לבנים,---,1 יחידות,Other
5029053574158,האגיס פול אפס לילה לבנים,---,1 יחידות,Other
5035766060253,"בירה מרפיס סטאוט 500 מ""ל",הייניקן,500 מיליליטר,Drinks
5050974505297,פת פריכה שיפון+שומשום250,,250 גרם,Other
5054563204226,אקוהפרש לגילאי 6-8 שנים,---,50 מיליליטר,Other
5054563205667,אקוה פרש לשיני חלב50מ,גורי,50 מיליליטר,Dairy
5055966801005,וויסקי אירי בושמילס 700,אולד בושמילס דיסטילרי,700 מיליליטר,Other
5056784900970,מונסטר Strawberry500,---,500 מיליליטר,Other
5060319120078,תה איבנינג אורגני 30 גרם,אונלי נטורל פרודרטס,26 גרם,Drinks
5060319120115,תה ירוק אורגני 40 גרם,אונלי נטורל פרודרטס,40 גרם,Drinks
5060319120153,תה קמומיל וניל אורגני30ג,אונלי נטורל פרודרטס,30 גרם,Drinks
5060477670002,מים בתוספת מינרלים 600מל,---,600 מיליליטר,Drinks
5060639128051,מונסטר אנרגי אולטרה500מ,---,500 מיליליטר,Other
5060639129102,"מונסטר מנגו 500 מ""ל",---,500 מיליליטר,Fruit
5060751218173,מונסטר פייפליין פאנץ500מ,---,500 מיליליטר,Other
5060751219033,מונסטר אנרגי פרדייס500מ,---,500 מיליליטר,Other
5060896625249,מונסטר אולטה פייסטה 500,---,500 מיליליטר,Other
5061013942249,משקה אנרגיה מונסטר500 מל,---,500 מיליליטר,Drinks
5061013944991,משקה אנרגיה מונסטר Aussi,---,500 מיליליטר,Drinks
5061013948364,מונסטר Full Zero פחית500,Monster energy סרביה,500 מיליליטר,Other
5099864015577,סימילאק גולד+ שלב1 700ג,אבוט אירלנד,700 גרם,Other
5099864015614,סימילאק גולד+ שלב2 700ג,אבוט אירלנד,700 גרם,Other
5099864015638,סימילאק גולד+ שלב3 700ג,אבוט אירלנד,700 גרם,Other
5099873001370,גק דניאלס טנסי דבש 700,גק דניאלס,700 מיליליטר,Sauces & Spreads
5099873006351,"גק דניאלס טנסי 700 מ""ל",גק דניאלס,700 מיליליטר,Other
5099873017623,"גק דניאלס תפוח 700 מ""ל",גק דניאלס,1 יחידות,Fruit
5201178801054,"קרם ניוואה 250 מ""ל",BEIERSDORF HELLAS,250 מיליליטר,Other
5201704064243,יוגורט קוליוס יווני 500ג,קוליוס,500 גרם,Dairy
5201940010110,זיתים שחורים קלמטה454גרם,,454 גרם,Other
5202300043151,קולסטון 8/0 בלונד בהיר,HFC prestige manufcaturi,1 יחידות,Other
5202300043175,קולסטון 6/0 בלונד כהה,HFC prestige manufcaturi,1 יחידות,Other
5202300043199,קולסטון 4/0 חום בינוני,HFC prestige manufcaturi,1 יחידות,Other
5202390020407,בסגנון פטה יוונית 200 גר,וויטרוס אס.אי.,200 גרם,Other
5202390021121,ויולייף קרמי טבעוני 150ג,אפפילד,150 גרם,Other
5202390021510,ויולייף קרמי שום 150גרם,---,150 גרם,Other
5208049001841,פאלמאל דמי קפסולה חפיסה,BAT,1 יחידות,Other
5208049015251,קנט ארוך חפיסה,BAT,1 יחידות,Other
5208049015312,פאלמאל כחול ארוך חפיסה,BAT,1 יחידות,Other
5208049015343,פאלמאל כחול ארוך טיוב,BAT,1 יחידות,Other
5391523057929,סימילאק גולד שלב 1 700 ג,ABBOT,700 גרם,Other
5391523057936,סימילאק גולד שלב 2 700 ג,ABBOT,700 גרם,Other
5391523057943,סימילאק גולד שלב 3 700 ג,אבוט אירלנד,700 גרם,Other
54051140,מעדן סויה וניל 4יח אלפרו,אלפרו אן.וי/אס.איי,500 גרם,Dairy
54051157,מעדן סויה שוקו 4יח אלפרו,אלפרו C.V.A,500 גרם,Drinks
5410103161518,פעולה משולשת קרם יום 50מ,"קרלסרו, גרמניה",50 מיליליטר,Other
5410103161617,פעולה משולשת קרם לחות50מ,"קרלסרו, גרמניה",50 מיליליטר,Other
5410126006049,ביסקוויט קרמל לוטוס 125ג,---,125 גרם,Snacks
5410126116953,ממרח עוגיות לוטוס 400ג,לוטוס ביקרי בלגיה נ.וי,400 גרם,Sauces & Spreads
5410126406061,ביסקוויט קרמל לוטוס500ג,לוטוס ביקרי בלגיה נ.וי,500 גרם,Snacks
5410126726244,ביסקוויט קרמל לוטוס 217,---,217 גרם,Snacks
5410126726947,ממרח עוג.לוטוס קראנץ380ג,לוטוס ביקרי בלגיה נ.וי,380 גרם,Sauces & Spreads
5410126806250,עוגיות לוטוס 525 גרם,---,525 גרם,Snacks
5410228267515,"בירה באדוויזר 6*330 מ""ל","איי, בי, אינבוו",1.98 ליטר,Drinks
5410316959810,"סמירנוף אייס פחית 250מ""ל",דיאגו אופריישנס,250 מיליליטר,Other
5410769100081,"בירה לה שוף בקבוק330מ""ל",דובל מורטגט,330 מיליליטר,Drinks
5410769800097,בירה צרי שוף בקבוק330מ,דובל מורטגט,330 מיליליטר,Drinks
5411081003654,בירה קסטיל רוז 330מ,,330 מיליליטר,Drinks
5411081008192,בירה קסטיל רוז פחית330מ,ואן הונסברוק,330 מיליליטר,Drinks
5411081010508,"בירה קסטיל רובוס 330 מ""ל",ואן הונסברוק,330 מיליליטר,Drinks
5411188081852,משקה סויה בטעם וניל 1 ל,אלפרו אן.וי\/אס.איי,1 ליטר,Drinks
5411188094159,4מעדן סויה שוק.מריר אלפר,אלפרו C.V.A,500 גרם,Dairy
5411188096108,שמנת צמחית בישול250אלפרו,אלפרו C.V.A,250 מיליליטר,Dairy
5411188110835,משקה שקדים קלוי 1ל אלפרו,אלפרו סוגינל ס.א.ס,1 ליטר,Drinks
5411188112709,"משקה שקדים לל""ס1ל אלפרו",אלפרו אן.וי/אס.איי,1 ליטר,Drinks
5411188115434,משקה סויה בריסטה אלפרו1ל,אלפרו אן.וי\/אס.איי,1 ליטר,Drinks
5411188115472,משקה סויה אלפרו 1 ליטר,אלפרו אן.וי\/אס.איי,1 ליטר,Drinks
5411188124689,משקה שיבולת ללתס1ל אלפרו,אלפרו C.V.A,1 ליטר,Drinks
5411188127697,משקה שבולת בריסטה1 אלפרו,"שטראוס בריאות בע""מ",1 ליטר,Drinks
5411188129899,משקה שקד בריסטה1ל אלפרו,אלפרו אן.וי/אס.איי,1 ליטר,Drinks
5411188134985,משקה שבולת נוטמילק אלפרו,אלפרו C.V.A,1 ליטר,Drinks
5411188135005,מ.שבולת1.8%נוטמילק אלפרו,אלפרו C.V.A,1 ליטר,Other
5411188140146,בריסטה נוטמילק שבולת,אלפרו אן.וי/אס.איי,1 ליטר,Other
5411188300328,משקה סויה ט.שוקולד 1ל,אלפרו אן.וי\/אס.איי,1 ליטר,Snacks
5411188513483,תחליף לבישול250מ אלפרו,אלפרו,250 מיליליטר,Other
5411188543398,"משקה סויה לל""ס אלפרו 1 ל",אלפרו אן.וי\/אס.איי,1 ליטר,Drinks
5411681038001,"מרדסו מעורפלת מאוד330מ""ל",דובל מורטגט,330 מיליליטר,Other
5413149655522,א.כביסה שושן 1.25ק אריאל,PROCTER&GAMBLE,1.25 קילוגרם,Other
5413548280189,קינדר שוקובונס 125 גרם,פררו אס.פי.אי,125 גרם,Drinks
5413548280585,קינדר שוקו בונס200גרם,פררו אס.פי.אי,200 גרם,Drinks
5601036205534,צבע לשיער 1 שחור,ליברמו,1 יחידות,Other
5601036205541,צבע לשיער מס3 חום כהה,ליברמו,1 יחידות,Other
5601036205558,צבע לשיער גוון 4 חום,ליברמו,1 יחידות,Other
5601036205589,צבע שיער אקסלנס 5 חום,לוריאל פריז,1 יחידות,Other
5601036205596,צבע לשיער 5.3 חום זהוב,לוריאל פריז,1 יחידות,Other
5601036205602,צבע לשיער 5.5 חום מהגוני,לוריאל ישראל קוסמטיקס בע,1 יחידות,Other
5601036205626,צבע שיער 6 בלונד כהה,ליברמו,1 יחידות,Other
5601036205657,צבע לשיער 7 בלונד,ליברמו,1 יחידות,Other
5608246606076,"פור פט גאטו מזון יבש2ק""ג",---,,Other
5608246606083,פור פט גאטו מזון יבש 2קג,---,,Other
5701932026964,הוטפופ טעם טבעי6*100ג,פופז,600 גרם,Other
5701932026971,הוטפופ טעם חמאה6*100גר,פופז,600 גרם,Dairy
5701932026995,הוטפופ ט.טבעי מופחת שומן,פופז,510 גרם,Other
5711953106583,ארלה גב.שמנת טעם טבעי200,ארלה פודס אמבא,200 גרם,Dairy
5711953106590,ארלה גבינת שמנת+שום200ג,ארלה פודס אמבא,200 גרם,Dairy
5711953106606,ארלה גב.שמנת ע.תיבול200ג,ארלה פודס אמבא,200 גרם,Dairy
5711953160363,סטארבקס פרפוצינו קפה250,ARLA\n,250 מיליליטר,Drinks
5711953160370,סטארבקס פרפוצינ קרמל250,ARLA\n,250 מיליליטר,Other
5711953160387,סטארבקס פרפוצינ מוקה250,ARLA\n,250 מיליליטר,Other
5740900403215,ממרח לורפק עם מלח 250 גר,ארלה פודס אמבא,250 גרם,Sauces & Spreads
5740900403222,ממרח לורפק+מלח מופחת250ג,ארלה פודס אמבא,250 גרם,Sauces & Spreads
5740900403239,ממרח לורפק ללא מלח 250 ג,ארלה פודס אמבא,250 גרם,Sauces & Spreads
5740900403246,ממרח לורפק ללא מלח500גרם,ארלה פודס אמבא,500 גרם,Sauces & Spreads
5740900403253,ממרח לורפק עם מלח 500 ג,ארלה פודס אמבא,500 גרם,Sauces & Spreads
5740900403260,לורפק פחות שומן ל.מלח250,ארלה פודס אמבא,250 גרם,Other
5900020012814,נסקוויק דגני בוקר 500גרם,סי.פי.פולין,500 גרם,Other
5900020015174,פיטנס חטיף דגנים שוק.6יח,סי. פי. פולין,141 גרם,Snacks
5900020020710,חט.קראנץ שוקו-וניל6נסטלה,סי. פי. פולין,150 גרם,Drinks
5900020022325,חטיף דגנים סיני מיניס6יח,סי.פי.פולין,150 גרם,Snacks
5900020029669,פיטנס חט.דגנים פ.יער6יח,סי. פי. פולין,141 גרם,Other
5900020031877,חטיפי דגנים ציריוס 6 יח,סי. פי. פולין,132 גרם,Other
5900020033314,חטיפי דגנים ליון 6*25 ג,סי. פי. פולין,150 גרם,Other
5900020034021,חטיפי דגנים שוק.בננה 6יח,סי. פי. פולין,141 גרם,Fruit
5900020034991,קראנץ צדפים שוקולד 450ג,סי. פי. פולין,450 גרם,Snacks
5900020036407,ליון דגני שוקולד+קרמל480,סי. פי. פולין,480 גרם,Snacks
5900020039590,חטיף פיטנס דגנים קלאסי6י,סי פי פולין,141 גרם,Snacks
5900020047915,קראנץ טריפל 375גרם,סי.פי.פולין,375 גרם,Other
5900951140303,עדשי מ&מס שוקולד 45 גרם,מרס,45 גרם,Snacks
5900951307249,עדשי אם אנד אם בוטנים45ג,מרס ריגלי קונפקשונרי יו.,45 גרם,Other
5900951310379,סניקרס קרימי ח.בוטנים ח,מרס הולנד בי.וי.,37 גרם,Other
5900951316227,עדשים M&M שוקולד 150 גרם,מרס ריגלי קונפקשונרי יו.,150 גרם,Snacks
5900951316272,עדשים+בוטנים 150ג M&M,מרס ריגלי קונפקשונרי יו.,150 גרם,Other
5901414200411,היט מיניס שוקו 130 גרם,בלזן,130 גרם,Drinks
5901576058585,פילה סלמון מעושן פרוס100,---,100 גרם,Meat & Fish
5901576058608,פילה פורל מעושן פרוס100ג,---,100 גרם,Meat & Fish
5901576059483,פילה מקרל מומלח עישון150,---,150 גרם,Meat & Fish
5901576059490,מקרל עישון חם+פל.שחור150,---,150 גרם,Other
5901867816641,בלוודר וודקה פרימיום700,דיסטילריס פולמוס זרארד,700 מיליליטר,Other
5902198160403,משקה אנרגיה XL TEN,"טמפו משקאות בע\""מ",250 מיליליטר,Drinks
59039549,ווג מנטה חפיסה,bat,1 יחידות,Other
5904941750312,"בלו מוחיטו 250 מ""ל",אקו ביט,250 מיליליטר,Other
5904941751302,"משקה אנרגיה בלו 250 מ""ל",אקו ביט,250 מיליליטר,Drinks
5904941751920,בלו דיי משקה אנרגיה250מ,אקו ביט,250 מיליליטר,Drinks
5905817956005,אוכמניות 125 גרם,BERY TRADE,125 גרם,Other
5906485301012,"XL משקה אנרגיה 250 מ""ל",,250 מיליליטר,Drinks
59068907,פאלמאל כחול דמי סלימס חפ,BAT,1 יחידות,Other
59068914,פאלמאל סילבר דמי סלימס ח,BAT,1 יחידות,Other
5941021001247,היידי שוקולד מריר+קפה80ג,היידי שוקולר בירונטי,80 גרם,Snacks
5941021001261,היידי- שוקולד מריר 75% 8,היידי שוקולר בירונטי,80 גרם,Snacks
5941021017811,היידי שוקו.לבן קפוצינו90,היידי שוקולר בירונטי,90 גרם,Drinks
5941021025571,היידי- שוקולד חלב עם אגו,היידי שוקולר בירונטי,80 גרם,Snacks
5941021025588,היידי- שוקולד חלב עם שקד,היידי שוקולר בירונטי,80 גרם,Snacks
5941021026790,היידי שוקולד חלב+לוז90ג,היידי שוקולר בירונטי,90 גרם,Snacks
5942105011268,"בירה אדלוויס 500 מ""ל",מבשלת בראו יוניון,500 מיליליטר,Drinks
59455233,ווג כחול חפיסה,bat,1 יחידות,Other
59455240,ווג לילך חפיסה,bat,1 יחידות,Other
5997321770307,ויט 12 רצועות לעור רגיש,רקיט בנקיזר,1 יחידות,Other
5998623526739,גוורצטרמינר סי. גראס750מ,---,750 מיליליטר,Other
6001067018049,מברשת קולגייט ילדים 2-5,קולגייט-פלמוליב,1 יחידות,Other
6001087363815,"ספריי אקס דארק 150מ""ל",יוניליוור ישראל טיפוח,150 מיליליטר,Other
6001135009450,"ליסטרין כחול מינט500מ""ל",JOHNSON&JOHNSON,500 מיליליטר,Other
6001135009498,"ליסטרין ירוק פרש 500 מ""ל",JOHNSON&JOHNSON,500 מיליליטר,Other
60017505,"דאב רול און מלפפון 50מ""ל",יוניליוור ישראל שיווק,50 מיליליטר,Vegetables
60017512,דאב רול און אשכולית 50מל,יוניליוור ישראל שיווק,50 מיליליטר,Other
6008165003984,פאלמאל כחול טיוב חפיסה,bat,1 יחידות,Other
6008165271192,פאלמאל אדום ארוך חפיסה,bat,1 יחידות,Other
60098740,"דאב רול און רגיש 50 מ""ל",יוניליוור ישראל שיווק,50 מיליליטר,Other
60098764,דאב רול און אורגינל 50מל,יוניליוור ישראל מזון,50 מיליליטר,Other
6111251460230,"קוסקוס מרוקאי 1ק""ג kayna",תומר,1 קילוגרם,Other
6118000061090,סרדינים בשמן סויה 125 גר,---,125 גרם,Other
6440003100095,"וודקה פינלנדיה 700 מ""ל",---,700 מיליליטר,Other
6902023070524,שיני שום מקולף אורגני(ק),,1 יחידות,Other
6910021100013,מברשת שיניים 0-2 קולגייט,קולגייט-פלמוליב,1 יחידות,Other
6920354811852,משחת אופטיק 100ג קולגייט,קולגייט-פלמוליב,100 גרם,Other
6920354812521,קולגייט טריפל אקשן100מל,קולגייט-פלמוליב,100 מיליליטר,Other
6920354815157,מש.אופטיק ויט100 קולגייט,קולגייט-פלמוליב,100 גרם,Other
6920354824265,משחת אופטיק ויט100קולגיט,קולגייט-פלמוליב,100 גרם,Other
6920354826191,משחת שיניים קולגייט 100מ,קולגייט-פלמוליב,100 מיליליטר,Other
6935325410118,שום יבוא מובחר,קטיף.,190 גרם,Other
6975439400414,חול קריסטל מודיפיי,---,3.8 קילוגרם,Other
6975439400629,חול מרבל פחם פעיל10ליטר,,10 ליטר,Other
6979314800016,"טבעות תפו""ע טבעי 88 גרם",אהאוגו פודסטאף,88 גרם,Other
7160589856238,אביזרים לבית,,1 יחידות,Other
7180589856540,אביזרים לבית,,1 יחידות,Other
7271730901261,פסטה עם רוטב גבינה156ג,ריביאנה,156 גרם,Sauces & Spreads
7290000000282,חסה ערבית,קטיף.,1 יחידות,Vegetables
7290000000343,מארז במיה (ק),קטיף.,300 גרם,Other
7290000000374,פטריות שמפניון-בודד,קטיף.,220 גרם,Vegetables
7290000000411,שום יבש,קטיף.,190 גרם,Other
7290000000466,בצל ירוק,קטיף.,1 יחידות,Vegetables
7290000000626,ברוקולי ארוז,קטיף.,350 גרם,Vegetables
7290000000633,עירית מארז (ק),---,1 יחידות,Other
7290000000794,סלרי עלים חתוך (ק),יראון עבודות חקלאיות,1 יחידות,Other
7290000000916,עגבניות שרי בודד,קטיף.,460 גרם,Vegetables
7290000000954,רוקט 50 גרם )ק(,---,1 יחידות,Other
7290000000978,חסה ערבית כשרה (ק),א.מ.תקומה עשבי תיבול,1 יחידות,Vegetables
7290000000985,פטרוזיליה כשר (ק),א.מ.תקומה עשבי תיבול,1 יחידות,Other
7290000001050,בזיליקום 50 גרם (ק),---,1 יחידות,Other
7290000001104,פטריות פורטובלו - בודד,קטיף.,200 גרם,Vegetables
7290000001524,בצל ירוק כשר (ק),א.מ.תקומה עשבי תיבול,1 יחידות,Vegetables
7290000001579,סלרי עלים כשר (ק),א.מ.תקומה עשבי תיבול,1 יחידות,Other
7290000001586,שמיר כשר (ק),א.מ.תקומה עשבי תיבול,1 יחידות,Other
7290000001593,נענע כשר (ק),א.מ.תקומה עשבי תיבול,1 יחידות,Other
7290000001609,פזיל/מנגולד כשר (ק),א.מ.תקומה עשבי תיבול,1 יחידות,Fruit
7290000001616,כוסברה כשר (ק),א.מ.תקומה עשבי תיבול,1 יחידות,Other
7290000002026,לחם אחיד 750 גרם,מאפית ברמן,750 גרם,Other
7290000002040,חלה רגילה 500 גרם,מאפית ברמן,500 גרם,Other
7290000002071,חלה קלועה רגילה 500 גרם,מאפית ברמן,500 גרם,Other
7290000002255,חלה עגולה רגילה 500 גרם,---,500 גרם,Other
7290000023007,"ברנדי שטוק 84 750 מ""ל","יקבי ברקן בע\""ם",750 מיליליטר,Other
7290000023083,"ערק אשקלון 700 מ""ל",יקבי ברקן,700 מיליליטר,Other
7290000023809,"ברקן קלאסיק קברנה 750מ""ל",יקבי ברקן שיווק והפצה בע,750 מיליליטר,Other
7290000023816,ברקן קלאסיק א.ריזלינג750,יקבי ברקן שיווק והפצה בע,750 מיליליטר,Other
7290000023823,קלאסיק סוביניון בלאן750מ,יקבי ברקן שיווק והפצה בע,750 מיליליטר,Other
7290000023830,"רוזה קלאסיק 750מ""ל",יקבי ברקן שיווק והפצה בע,750 מיליליטר,Other
7290000023847,יין לבן שרדונה קלאסיק750,יקבי ברקן שיווק והפצה בע,750 מיליליטר,Drinks
7290000023977,"ברקן קלאסיק מרלו 750 מ""ל",יקבי ברקן שיווק והפצה בע,750 מיליליטר,Other
7290000024202,"ברקן רזרב קברנה 750 מ""ל",ברקן שיווק והפצה בעמ,750 מיליליטר,Other
7290000024240,"ברקן רזרב שרדונה 750 מ""ל",יקבי ברקן,750 מיליליטר,Other
7290000024264,"ברקן רזרב מרלו 750 מ""ל","כרמיצבי-אחים סגל בע""מ",750 מיליליטר,Other
7290000024523,תירוש ענבים אדום סגל 1 ל,יינות סגל,1 ליטר,Fruit
7290000024530,יין מתוק לקידוש סגל750מל,"כרמיצבי-אחים סגל בע""מ",750 מיליליטר,Drinks
7290000040301,עין גדי קממבר24% 125 גר,"תנובה בע""מ",125 גרם,Dairy
7290000040318,גבי. עדי ברי רכה24% 125ג,"תנובה בע""מ",125 גרם,Other
7290000040462,טוסטי גבינה 23% 200 גרם,"תנובה בע""מ",200 גרם,Dairy
7290000040974,חלב טרי 2% דל לקטוז 1 ל,"תנובה בע""מ",1 ליטר,Dairy
7290000041445,גבינת קוטג%5מהדרין250גר,מחלבת אלון תבור,250 גרם,Dairy
7290000041452,קוטג מהדרין 9% 250 גרם,מחלבת אלון תבור,250 גרם,Dairy
7290000041858,שמנת חמוצה15% מועשרת200,מחלבת יטבתה,200 מיליליטר,Dairy
7290000042015,חלב 3% מהדרין שקית 1 ל,---,1 ליטר,Dairy
7290000042411,חלב בקבוק 3% יטבתה 1 ל,מחלבת יטבתה,1 ליטר,Dairy
7290000042435,חלב מפוסטר 1% בקרטון 1ל,"תנובה בע""מ",1 ליטר,Dairy
7290000042503,חלב עמיד הומוגני 3% 1 ל,"תנובה בע""מ",1 ליטר,Dairy
7290000042855,"שוקו בשקית225מ""ל יטבתה",מחלבת יטבתה,225 מיליליטר,Drinks
7290000043814,"שמנת להקצפה 38% 250 מ""ל","תנובה בע""מ",250 מיליליטר,Dairy
7290000043890,רויון 1.5% בקרטון 1ל,"תנובה בע""מ",1 ליטר,Meat & Fish
7290000043944,יוגורט בכד 4% 1.5 ל,מחלבת אלון תבור,1.5 ליטר,Dairy
7290000044248,רויון בקרטון 1.5% 500 מל,"תנובה בע""מ",500 מיליליטר,Meat & Fish
7290000044712,פרילי+תות שדה1.5% 500ג,מחלבת אלון תבור,500 גרם,Dairy
7290000044880,באדי מעדן תות 3% 500 גרם,מחלבת אלון תבור,500 גרם,Dairy
7290000045580,גב.נעמה חורש מותכת 240ג,"תנובה בע""מ",240 גרם,Other
7290000045771,יוגורט בכד4% 3 ליטר,מחלבת אלון תבור,3 ליטר,Dairy
7290000046327,גב.גלבוע פרוסות22% 200גר,"תנובה בע""מ",200 גרם,Other
7290000047546,גב.כנען 5% 500 גרם,"תנובה בע""מ",500 גרם,Other
7290000048185,גבינה לבנה 5% שומן 250 ג,מחלבת אלון תבור,250 גרם,Dairy
7290000048413,גבינת חמד 16% 250 גר,"תנובה בע""מ",250 גרם,Dairy
7290000051307,מארז הפסקת אוכל עוגי,"תנובה בע""מ",1 יחידות,Snacks
7290000051352,חלב מלא 3.8% 1ליטר תנובה,"תנובה בע""מ",1 ליטר,Dairy
7290000052311,גבינת עמק 15% פרוס 200ג,"תנובה בע""מ",200 גרם,Dairy
7290000055329,משקה יוגורט תות-מלון250ג,"תנובה בע""מ",250 גרם,Drinks
7290000055336,משקה יוגורט בננ.אפרסק250,"תנובה בע""מ",250 גרם,Drinks
7290000055343,משקה יוגורט טרופי 250גרם,"תנובה בע""מ",250 גרם,Drinks
7290000056845,חלב טרי הומוגני3% 1.5ל,"תנובה בע""מ",1.5 ליטר,Dairy
7290000056951,שמנת לבישול 15% 500מ,,500 מיליליטר,Dairy
7290000057088,גבינת עמק דק דק 28% 200ג,"תנובה בע""מ",200 גרם,Dairy
7290000057118,גבינת עמק פרוסה28% 400ג,,400 גרם,Dairy
7290000057132,יוגור.ביו1.5% 200ג תנובה,מחלבת אלון תבור,200 גרם,Dairy
7290000057149,יוגורט ביו 3% 200ג תנובה,מחלבת אלון תבור,200 גרם,Dairy
7290000058030,יופלה שטוזים משקה תות8יח,,800 מיליליטר,Snacks
7290000058047,שמנת להקצפה38% תנובה500מ,"תנובה בע""מ",500 מיליליטר,Dairy
7290000060071,חטיפ.פריכונים ט.טבעי80גר,"פרח תעשיות מזון בע""מ",80 גרם,Other
7290000060163,אטריות דקות 400 גרם,"אסם תעשיות מזון בע""מ",400 גרם,Other
7290000060200,פתיתים אפויים קוסקוס500ג,"אסם תעשיות מזון בע""מ",500 גרם,Other
7290000060217,פסטה מקרוני 7 500 גרם,פסטה זארה,500 גרם,Other
7290000060248,פסטה אסם תלתלים 500 גרם,פסטה זארה,500 גרם,Other
7290000060408,פתיתים טבעות 500 גרם,"אסם תעשיות מזון בע""מ",500 גרם,Other
7290000060576,פתיתים אפויים כוכבים500ג,"אסם תעשיות מזון בע""מ",500 גרם,Other
7290000060781,פסטה מסולסלת אסם 500 גרם,פסטה זארה,500 גרם,Other
7290000060828,פסטה קרניים בינוניות500ג,פסטה זארה,500 גרם,Other
7290000060842,פסטה צדפים גדולים 500 גר,פסטה זארה,500 גרם,Other
7290000060859,פסטה צדפים אסם 500 גרם,פסטה זארה,500 גרם,Other
7290000060880,פסטה ספגטי מס 8 אסם 500ג,פסטה זארה,500 גרם,Other
7290000060903,פתיתים אפויים אורז 500 ג,"אסם תעשיות מזון בע""מ",500 גרם,Other
7290000060965,אטריות רחבות 400 גרם,"אסם תעשיות מזון בע""מ",400 גרם,Other
7290000060972,אטריות דקיקות אסם 400 גר,פסטה זארה,400 גרם,Other
7290000061085,"רוטב צילי מתוק 290 מ""ל","אסם תעשיות מזון בע""מ",290 מיליליטר,Sauces & Spreads
7290000061108,"רוטב טריאקי אסם 290 מ""ל","אסם תעשיות מזון בע""מ",290 מיליליטר,Sauces & Spreads
7290000061245,עוג.שוקוציפס+שוקו220אסם,"אסם תעשיות מזון בע""מ",220 גרם,Snacks
7290000061764,נס קפה רד מאג 200 גרם,"מפעל סברס, נסטלה ספרד ס.",200 גרם,Drinks
7290000062242,דובונים שמנת בצל 40 גרם,"אסם תעשיות מזון בע""מ",40 גרם,Dairy
7290000062952,מיני קרוטונים מתובל 250ג,עינת,250 גרם,Other
7290000063140,שקדי מרק רכיבים טבעי400ג,"אסם תעשיות מזון בע""מ",400 גרם,Prepared
7290000064758,קוסקוס בינוני 350 גרם,קוסקוס מזון,350 גרם,Other
7290000064871,מנה חמה פירה עם בצל 56 ג,"אסם תעשיות מזון בע""מ",56 גרם,Vegetables
7290000065090,מיני קרוטונים מתובל400 ג,עינת,400 גרם,Other
7290000065335,מנה חמה פירה עם ירקות55ג,"אסם תעשיות מזון בע""מ",55 גרם,Vegetables
7290000065540,מנה חמה פסטה מוקרמת 55ג,"אסם תעשיות מזון בע""מ",55 גרם,Other
7290000065557,מנה חמה קוסקוס+ירקות 84ג,"אסם תעשיות מזון בע""מ",84 גרם,Vegetables
7290000066134,ביסלי פלאפל 70 גרם,"אסם תעשיות מזון בע""מ",70 גרם,Snacks
7290000066141,ביסלי גריל 70 גרם,"אסם תעשיות מזון בע""מ",70 גרם,Snacks
7290000066172,ביסלי פיצה 70 גרם,"אסם תעשיות מזון בע""מ",70 גרם,Snacks
7290000066196,ביסלי גריל 200 גרם,"אסם תעשיות מזון בע""מ",200 גרם,Snacks
7290000066226,ביסלי פיצה 200 גרם,"אסם תעשיות מזון בע""מ",200 גרם,Snacks
7290000066264,חטיף דובונים 40 גרם,"אסם תעשיות מזון בע""מ",40 גרם,Snacks
7290000066295,במבה מתוקה 30 גרם,"אסם תעשיות מזון בע""מ",30 גרם,Snacks
7290000066318,במבה 80 גרם אסם,"אסם תעשיות מזון בע""מ",80 גרם,Snacks
7290000066332,אפרופו 50 גרם,"אסם תעשיות מזון בע""מ",50 גרם,Other
7290000066349,אפרופו 100 גרם,"אסם תעשיות מזון בע""מ",100 גרם,Other
7290000066431,פופקו בטעם חמאה ודבש80גר,"אסם תעשיות מזון בע""מ",80 גרם,Sauces & Spreads
7290000067544,פירורית זהב 200 גרם,עינת,200 גרם,Other
7290000067599,מנה חמה ספגטי בולונז 65ג,"אסם תעשיות מזון בע""מ",65 גרם,Other
7290000068138,אינסטנט פודינג וניל 80גר,"אסם תעשיות מזון בע""מ",80 גרם,Other
7290000068190,גלי בטעם תות 90 גרם,"אסם תעשיות מזון בע""מ",90 גרם,Fruit
7290000068299,מנה חמה פירה+פטריות47גר,"אסם תעשיות מזון בע""מ",47 גרם,Vegetables
7290000068343,פריכונים מאורז מלא 140גר,"פרח תעשיות מזון בע""מ",140 גרם,Other
7290000068701,שקדי מרק במיכל 400 גרם,"אסם תעשיות מזון בע""מ",400 גרם,Prepared
7290000068770,"במבה יום הולדת 80ג בד""צ","אסם תעשיות מזון בע""מ",80 גרם,Snacks
7290000068787,"במבה יום הולדת 25ג בד""צ","אסם תעשיות מזון בע""מ",25 גרם,Snacks
7290000070308,מרק עוף אמיתי 400 גרם,"אסם תעשיות מזון בע""מ",400 גרם,Meat & Fish
7290000070322,מרק פטריות אסם 400 גרם,"אסם תעשיות מזון בע""מ",400 גרם,Prepared
7290000070353,מרק בצל 400 גרם,"אסם תעשיות מזון בע""מ",400 גרם,Prepared
7290000071008,בייגלה שטוח מלח60 ג אסם,"אסם תעשיות מזון בע""מ",60 גרם,Other
7290000072241,"רוטב לפיצה אסם 290 מ""ל","אסם תעשיות מזון בע""מ",290 מיליליטר,Sauces & Spreads
7290000072623,קטשופ אסם בקבוק 750גר,"אסם תעשיות מזון בע""מ",750 גרם,Sauces & Spreads
7290000072630,קטשופ חריף 750 גרם,"אסם תעשיות מזון בע""מ",750 גרם,Sauces & Spreads
7290000072753,קפה נמס טסטרס צויס200ג,לוטה נסטלה קוריאה,200 גרם,Drinks
7290000072777,טסטרס צויס נט.קפאין200ג,לוטה נסטלה קוריאה,200 גרם,Other
7290000072784,טסטרס צויס נט.קפאין100ג,לוטה נסטלה קוריאה,100 גרם,Other
7290000072968,סיני מיניס 500 גרם,סי.פי. צרפת,500 גרם,Other
7290000073125,מנה חמה פסטה עגבניות 62,"אסם תעשיות מזון בע""מ",62 גרם,Vegetables
7290000073415,מ.חמה פסטה ברוטב פיצה61ג,"אסם תעשיות מזון בע""מ",61 גרם,Sauces & Spreads
7290000073750,מנה חמה נודלס בטעם עוף71,THAI PRESIDENT FOODS PUB,71 גרם,Meat & Fish
7290000073767,מנה חמה נודלס בטעם בקר71,THAI PRESIDENT FOODS PUB,71 גרם,Meat & Fish
7290000073774,מנה חמה נודלס פיקנטי 71ג,THAI PRESIDENT FOODS PUB,71 גרם,Other
7290000074184,פתי בר קלאסי 500 גרם אסם,"אסם תעשיות מזון בע""מ",500 גרם,Other
7290000074245,קרם קרקר 250 גרם,"אסם תעשיות מזון בע""מ",250 גרם,Snacks
7290000074252,קרקר שומשום 250 גרם,"אסם תעשיות מזון בע""מ",250 גרם,Snacks
7290000074375,קרקר זהב 150 גרם,"אסם תעשיות מזון בע""מ",150 גרם,Snacks
7290000074481,לחמית אגוזים 160 גרם,"אסם תעשיות מזון בע""מ",160 גרם,Other
7290000075693,עוגת שמרים בריוש שוקו360,"אסם תעשיות מזון בע""מ",360 גרם,Drinks
7290000076126,בייגלה שמיניות קטנות80גר,"אסם תעשיות מזון בע""מ",80 גרם,Other
7290000076133,בייגלה שמיניות קטנות400ג,"אסם תעשיות מזון בע""מ",400 גרם,Other
7290000077017,קרמוגית ממולא שוקו.200גר,"אסם תעשיות מזון בע""מ",200 גרם,Drinks
7290000077253,לחמית כפרית 190 גרם,"אסם תעשיות מזון בע""מ",190 גרם,Other
7290000078212,קרוטונים מתובלים 250גרם,עינת,250 גרם,Other
7290000078762,חטיפי פריכונים עם דבש80ג,הרטו,80 גרם,Sauces & Spreads
7290000080758,טוסטעים פת קלויה 100 גרם,ון דר מולן,100 גרם,Other
7290000080765,טוסטעים פת קלוי+שומשו100,ון דר מולן,100 גרם,Other
7290000093031,לחם גבטה,"גידרון תעשיות בע""מ",1 יחידות,Other
7290000094199,לחם חצי גבטה,"גידרון תעשיות בע""מ",1 יחידות,Other
7290000094373,לחם חצי גבטה כפרי,לוטמלי תעשיות פלאסטיק,1 יחידות,Other
7290000094663,לחמניה גידרול כפרי,סהרון,1 יחידות,Other
7290000096032,חצי בגט,"גידרון תעשיות בע""מ",1 יחידות,Other
7290000097237,בגט 300 גרם,"גידרון תעשיות בע""מ",1 יחידות,Other
7290000097282,קרואסון בטעם שוקולד,סהרון,1 יחידות,Snacks
7290000097633,לחמניית קשר,"גידרון תעשיות בע""מ",1 יחידות,Other
7290000097657,לחמניית חלה,"גידרון תעשיות בע""מ",1 יחידות,Other
7290000098296,לחמניית אצבע,"גידרון תעשיות בע""מ",1 יחידות,Other
7290000101927,אוכמניות כחולות קפוא300ג,סנפרוסט,300 גרם,Frozen
7290000101941,אננס קפוא 300גרם,סנפרוסט,300 גרם,Frozen
7290000101958,מנגו חתוך מוקפא 300 גרם,סנפרוסט,300 גרם,Fruit
7290000103457,מיני כרובית 600 גרם,סנפרוסט,600 גרם,Vegetables
7290000103471,מיני ברוקולי600 סנפרוסט,סנפרוסט,600 גרם,Vegetables
7290000103488,ארטישוק ירושלמי קפוא 400,סנפרוסט,400 גרם,Frozen
7290000103730,לקט להקפצה פסטה פוזילי,סנפרוסט,800 גרם,Other
7290000103822,לקט לעוף 800גרם,סנפרוסט,800 גרם,Meat & Fish
7290000104072,עדשים ירוקות מבושלות 800,סנפרוסט,800 גרם,Other
7290000104201,אפונה עדינה 600 גרם,סנפרוסט,600 גרם,Other
7290000104225,בצל קצוץ מוקפא 600 גרם,סנפרוסט,600 גרם,Vegetables
7290000104676,אפונה ירוקה מוקפאת 800גר,סנפרוסט,800 גרם,Other
7290000104683,שעועית ירוקה שלמה מוקפאת,סנפרוסט,800 גרם,Other
7290000104690,גרעיני תירס קפוא 800 גרם,סנפרוסט,800 גרם,Frozen
7290000104706,גזר גמדי מוקפא 800 גרם,סנפרוסט,800 גרם,Vegetables
7290000104713,פול ירוק מוקפא 800 גרם,סנפרוסט,800 גרם,Other
7290000104720,שעועית ירוקה חתוכה 800 ג,סנפרוסט,800 גרם,Other
7290000104737,שעועית צהובה חתוכה 800 ג,סנפרוסט,800 גרם,Other
7290000104744,כרובית מוקפאת 800 גרם,סנפרוסט,800 גרם,Vegetables
7290000104751,כרוב ניצנים מוקפא 800 גר,סנפרוסט,800 גרם,Vegetables
7290000104768,תרד עלים מוקפא 800 גרם,סנפרוסט,800 גרם,Other
7290000104775,מדליוני תרד קפוא 800 גרם,סנפרוסט,800 גרם,Frozen
7290000104799,שעועית לבנה מבושלת 800גר,סנפרוסט,800 גרם,Other
7290000104805,גרגרי חומוס מבושל 800גרם,סנפרוסט,800 גרם,Sauces & Spreads
7290000104829,קלחוני תירס1ק סנפרוסט,סנפרוסט,1 קילוגרם,Vegetables
7290000104836,שעועית עדינה שלמה 600גרם,סנפרוסט,600 גרם,Other
7290000104874,לקט לקוסקוס 800 גרם,סנפרוסט,800 גרם,Other
7290000104881,אפונה וגזר 800 גרם,סנפרוסט,800 גרם,Vegetables
7290000104904,לקט ירקות מעורבים 800גרם,סנפרוסט,800 גרם,Vegetables
7290000104911,לקט נורמנדי קפוא 800 גרם,סנפרוסט,800 גרם,Frozen
7290000106175,"לקט כפרי 2 ק""ג",סנפרוסט,2 קילוגרם,Other
7290000106526,חגיגה ירוקה להקפצה 800 ג,סנפרוסט,800 גרם,Other
7290000107189,ארטישוק תחתיות 400 גרם,סנפרוסט,400 גרם,Other
7290000107295,תפרחות ברוקולי 800 גרם,סנפרוסט,800 גרם,Vegetables
7290000107615,אסייתית צבעונית ועשירה 8,סנפרוסט,800 גרם,Other
7290000107622,ירקות ופסטה א-לה איטליה,סנפרוסט,800 גרם,Vegetables
7290000110844,חטיף כיפלי בטעם גריל70ג,יוניליוור ישראל מזון,70 גרם,Snacks
7290000110851,חטיף כיפלי בטעם בצל 70גר,יוניליוור ישראל מזון,70 גרם,Snacks
7290000111186,מיונז אמיתי תלמה 500 גרם,יוניליוור ישראל מזון,500 גרם,Sauces & Spreads
7290000111360,חרדל אמיתי תלמה 250 גרם,יוניליוור ישראל מזון,250 גרם,Sauces & Spreads
7290000112619,מרק עוף בשרי 400ג קנור,יוניליוור ישראל מזון,400 גרם,Meat & Fish
7290000113180,חטיף כיפלי ציפס 50 גרם,יוניליוור ישראל מזון,50 גרם,Snacks
7290000113203,חטיף כיפלי ציפס קטשופ50ג,יוניליוור ישראל מזון,50 גרם,Sauces & Spreads
7290000116204,מרק דגש עוף שקית 1ק קנור,יוניליוור ישראל מזון,1 קילוגרם,Meat & Fish
7290000116884,קנור רוטב ברביקיו350גרם,יוניליוור ישראל מזון,350 גרם,Sauces & Spreads
7290000116921,רוטב צילי מתוק קנור370ג,יוניליוור ישראל מזון,370 גרם,Sauces & Spreads
7290000116945,"קנור רוטב סויה 300 מ""ל",יוניליוור ישראל מזון,300 מיליליטר,Sauces & Spreads
7290000117720,מרק נמס בכוס פטריות זוג,יוניליוור ישראל מזון,43 גרם,Prepared
7290000118277,תערובת קניידל קנור 2*65ג,יוניליוור ישראל מזון,130 גרם,Other
7290000120836,מיונז אמיתי הלמנס 394 גר,יבואן ומשווק: יוניליוור,394 גרם,Sauces & Spreads
7290000120874,ממרח הלמנס לייט 424ג,"יוניליוור ארה""ב שיקאגו",424 גרם,Sauces & Spreads
7290000121093,ג.מון בלאן שויצרי ליט120,"שלושת האופים בע""מ",120 גרם,Other
7290000121109,גבינה מון בלאן+זיתים120ג,"שלושת האופים בע""מ",120 גרם,Dairy
7290000122830,קנור רוטב סצואן 370גר,יוניליוור ישראל מזון,370 גרם,Sauces & Spreads
7290000129457,רוטב פטריות 28 גרם קנור,יוניליוור ישראל מזון,28 גרם,Sauces & Spreads
7290000134147,מוסקט טחון 40 גרם,תבליני טעם וריח,40 גרם,Other
7290000134314,תיבול לפיצה 120 גרם,תבליני טעם וריח,120 גרם,Prepared
7290000134338,תבלין שום אבקה 90 גר,תבליני טעם וריח,90 גרם,Sauces & Spreads
7290000134376,פפריקה מתוקה בשמן 90 גרם,תבליני טעם וריח,90 גרם,Other
7290000134550,עלי דפנה 20 גרם בשקית,תבליני טעם וריח,20 גרם,Other
7290000134666,רוזמרין 15 גרם,תבליני טעם וריח,15 גרם,Other
7290000134673,זנגויל טחון מיכל 30 גרם,תבליני טעם וריח,30 גרם,Other
7290000134826,זעתר מעורב 100 גרם,תבליני טעם וריח,100 גרם,Other
7290000134833,כמון טחון 100 גרם,תבליני טעם וריח,100 גרם,Other
7290000134840,כורכום טחון 100 גרם,תבליני טעם וריח,100 גרם,Other
7290000134857,פפריקה מתוקה במיכל100גרם,תבליני טעם וריח,100 גרם,Other
7290000134864,פפריקה חריפה במיכל100גרם,תבליני טעם וריח,100 גרם,Other
7290000134871,פלפל שחור במיכל 100 גרם,תבליני טעם וריח,100 גרם,Vegetables
7290000134970,חוואיג במיכל 100 גרם,תבליני טעם וריח,100 גרם,Other
7290000134987,פלפל שחור גרוס במיכל90גר,תבליני טעם וריח,90 גרם,Vegetables
7290000134994,טימין 20 גרם,תבליני טעם וריח,20 גרם,Other
7290000135052,"XL TEN בטעם מנגו 250 מ""ל","טמפו משקאות בע\""מ",250 מיליליטר,Fruit
7290000135151,סודה נגיעות למון ליים275,"טמפו משקאות בע""מ",275 מיליליטר,Drinks
7290000135182,סבן אפ זירו6 *330,אלפא S.P.A,1.98 ליטר,Other
7290000135465,"סודה טמפו 12*500 מ""ל","טמפו משקאות בע\""מ",,Drinks
7290000136141,פפסי קולה 1.5 ליטר,"טמפו משקאות בע\""מ",1.5 ליטר,Drinks
7290000136158,פפסי זירו 1.5 ליטר,"טמפו משקאות בע\""מ",1.5 ליטר,Other
7290000136165,מירינדה תפוזים 1.5 ליטר,"טמפו משקאות בע\""מ",1.5 ליטר,Fruit
7290000136172,סבן אפ 1.5 ליטר,"טמפו משקאות בע\""מ",1.5 ליטר,Other
7290000136240,מי סודה טמפו 1.5 ליטר,"טמפו משקאות בע\""מ",1.5 ליטר,Drinks
7290000136264,מי טוניק 1.5 ליטר,"טמפו משקאות בע\""מ",1.5 ליטר,Other
7290000136288,סירופ סיידר גליל תפוח330,"טמפו משקאות בע\""מ",330 מיליליטר,Fruit
7290000136455,גאמפ אשכוליות 1.5 ליטר,"טמפו משקאות בע""מ",1.5 ליטר,Other
7290000136486,גאמפ אשכוליות דיאט1.5ל,"טמפו משקאות בע""מ",1.5 ליטר,Other
7290000136516,גאמפ מנגו פסיפלורה 1.5ל,"טמפו משקאות בע""מ",1.5 ליטר,Fruit
7290000136523,גאמפ ענבים 1.5 ליטר,"טמפו משקאות בע""מ",1.5 ליטר,Fruit
7290000136561,גאמפ תות בננה 1.5 ליטר,"טמפו משקאות בע""מ",1.5 ליטר,Fruit
7290000136585,גאמפ תפוזים 1.5 ליטר,"טמפו משקאות בע""מ",1.5 ליטר,Fruit
7290000136646,בירה נשר מאלט 1.5 ליטר,"טמפו משקאות בע\""מ",1.5 ליטר,Drinks
7290000136653,בירה נשר מאלט דיאט 1.5 ל,"טמפו משקאות בע\""מ",1.5 ליטר,Drinks
7290000136691,סבן אפ 6*1.5 ליטר,טמפו,9 ליטר,Other
7290000136752,סבן אפ זירו 6*1.5 ליטר,"טמפו משקאות בע\""מ",9 ליטר,Other
7290000136769,פפסי קולה 6*1.5 ליטר,"טמפו משקאות בע\""מ",9 ליטר,Drinks
7290000136776,מארז פפסי זירו 6 * 1.5 ל,טמפו,9 ליטר,Other
7290000136783,מירינדה 6*1.5 ליטר,"טמפו משקאות בע\""מ",9 ליטר,Other
7290000136790,סודה טמפו 6*1.5 ליטר,"טמפו משקאות בע\""מ",9 ליטר,Drinks
7290000136806,סודה למון ליים 4*1.5ליטר,"טמפו משקאות בע""מ",6 ליטר,Drinks
7290000136837,סודה בנגיעות ט.אפרס4*1.5,"טמפו משקאות בע""מ",6 ליטר,Drinks
7290000136844,מים אקווה נובה 6*2 ליטר,"טמפו משקאות בע\""מ",12 ליטר,Drinks
7290000136868,מים מינרל.סאן בנדטו6*1.5,אקווה מינרלה סאן בנדטו,9 ליטר,Drinks
7290000136875,מים סאן בנדטו מוגז6*1.5ל,איטליה,9 ליטר,Drinks
7290000137513,גלידונית וניל 630 גרם,"גלידת שטראוס בע""מ",630 גרם,Frozen
7290000137643,מאגדת טעמקור 8*52ג,"גלידת שטראוס בע""מ",416 גרם,Frozen
7290000139135,שלווה XL חיטה תפוחה320ג,אשבול,320 גרם,Fruit
7290000139227,דגן תפוח ממותק 150 גרם,,150 גרם,Fruit
7290000139258,שלווה טבע+סוכר חום200ג,אשבול,200 גרם,Other
7290000144467,שמן חמניות+נוגדי חמצון1ל,שמן תעשיות,1 ליטר,Sauces & Spreads
7290000144474,שמן קנולה+נוגדי חימצון1ל,שמן תעשיות,1 ליטר,Sauces & Spreads
7290000146928,משחת טום וגרי ענבים 50מ,טרופיקל דגיל,50 מיליליטר,Fruit
7290000149905,טקסטיל נוזל לכביסה 1ליטר,סנו,1 ליטר,Other
7290000152288,נקניקיות עוף 400 גרם,מוצרי עוף טוב,400 גרם,Meat & Fish
7290000152943,סלמי+פסטרמה כפרית 700גרם,מוצרי עוף טוב,700 גרם,Meat & Fish
7290000169538,קנור מרק נמס בכוס זוג,יוניליוור ישראל מזון,62 גרם,Prepared
7290000170053,שוקולד פרה חלב 100ג עלית,עלית,100 גרם,Snacks
7290000170077,שוקולד מריר100ג פרה עלית,"שטראוס גרופ בע""מ",100 גרם,Snacks
7290000174099,בפלות שוקולד 500ג עלית,"שטראוס גרופ בע""מ",500 גרם,Snacks
7290000174723,שוקולית בקופסא 500ג עלית,שטראוס קפה בי.וי.,500 גרם,Drinks
7290000176062,קפה טורקי צלופן100ג עלית,שטראוס קפה בי.וי.,100 גרם,Drinks
7290000176079,קפה טורקי+הל 100ג עלית,שטראוס קפה בי.וי.,100 גרם,Drinks
7290000176093,קפה אלדין טורקי ואקום200,שטראוס קפה בי.וי.,200 גרם,Drinks
7290000176413,קפה נמס עלית 50 גרם,שטראוס קפה בי.וי.,50 גרם,Drinks
7290000176420,קפה נמס 200 גרם עלית,שטראוס קפה בי.וי.,200 גרם,Drinks
7290000176475,קפה נמס האג נטול200 עלית,שטראוס קפה בי.וי.,200 גרם,Drinks
7290000178103,שוקולד חלב פרה 4*100 גרם,"שטראוס גרופ בע""מ",400 גרם,Snacks
7290000178134,שוקולד פרה מריר 4*100גרם,"שטראוס גרופ בע""מ",400 גרם,Snacks
7290000178707,תפוציפס בטעם טבעי 50 גר,"שטראוס פריטו ליי בע""מ",50 גרם,Snacks
7290000178721,תפוציפס טבעי 200 גרם,"שטראוס פריטו ליי בע""מ",200 גרם,Snacks
7290000181103,עד חצות שוק.חלב200ג עלית,"שטראוס גרופ בע""מ",200 גרם,Dairy
7290000187938,נייר טואלט לילי פסטל32גל,חוגלה קימברלי,552 מטרים,Other
7290000188355,מגבות נייר ניקול 6גלילים,קימברלי קלארק,59 מטרים,Other
7290000188553,קוטקס מגן תחתון נורמל,חוגלה קימברלי,1 יחידות,Other
7290000188591,קוטקס מגן תחתון יאנג,חוגלה קימברלי,1 יחידות,Other
7290000189192,ניקול מגבת רב שימושית,קימברלי קלארק,18 מטרים,Other
7290000189482,3תב.אפייה מקרטון ניקול,חוגלה קימברלי,1 יחידות,Other
7290000190150,מפיות 3 שכבתיות מעוצבות,---,1 יחידות,Other
7290000190853,נייר טואלט לילי פיור30גל,חוגלה קימברלי,517 מטרים,Other
7290000191225,42האגיס אקסטרה קר מידה 2,קימברלי - קלארק ישראל,1 יחידות,Other
7290000191539,מגבוני אף לילי צבעוני,חוגלה קימברלי,1 יחידות,Other
7290000191546,מגבוני לילי צבעוני 3*90י,חוגלה קימברלי,1 יחידות,Other
7290000191652,קלינקס מעוצב 3*90 יחידות,חוגלה קימברלי,1 יחידות,Other
7290000193014,אינטרלוד מגן תחתון,חוגלה קימברלי,1 יחידות,Other
7290000193083,תחבושות נובה לי 28 יח,חוגלה קימברלי,1 יחידות,Other
7290000193205,20 תחבושות לילי ללילה,חוגלה קימברלי,1 יחידות,Other
7290000193540,לילי מגן תחתון לונג,חוגלה קימברלי,1 יחידות,Other
7290000193649,20 תחבושות לילי נורמל+,חוגלה קימברלי,1 יחידות,Other
7290000193656,לילי תחבושות סופר פלוס,חוגלה קימברלי,1 יחידות,Other
7290000194288,משטח החתלה 10יח האגיס,אונטקס,1 יחידות,Other
7290000194837,שקיות מזון XL עם קשירה,סין,1 יחידות,Other
7290000195032,שקמה מכנסון סופר נייט L,חוגלה קימברלי,1 יחידות,Other
7290000195537,מגב.האגיס ללא בישום 4*56,חוגלה קימברלי,1 יחידות,Other
7290000195773,מגבוני האגיס אלוורה 4*56,חוגלה קימברלי,1 יחידות,Other
7290000197425,האגיס פרידום דריי מידה3,חוגלה קימברלי,1 יחידות,Other
7290000197456,האגיס פרידום דריי מידה 4,חוגלה קימברלי,1 יחידות,Other
7290000197463,האגיס פרידום דריי 4+,חוגלה קימברלי,1 יחידות,Other
7290000197548,האגיס פרידום דריי מידה 5,חוגלה קימברלי,1 יחידות,Other
7290000197678,האגיס פרידום דריי מידה 6,חוגלה קימברלי,1 יחידות,Other
7290000197753,ניילון נצמד ניקול 2*30מ,GTC,60 מטרים,Other
7290000199313,תחבושות קוטקס יאנג 28 יח,חוגלה קימברלי,1 יחידות,Other
7290000201856,36 טיטולים פרימיום שלב4+,חוגלה קימברלי,1 יחידות,Other
7290000201863,32טיטולים פרימיום שלב 5,חוגלה קימברלי,1 יחידות,Other
7290000201870,29 טיטולים פרימיום שלב 6,---,1 יחידות,Other
7290000205762,האגיס אקסטרה קר מידה 3,חוגלה קימברלי,1 יחידות,Other
7290000205915,האגיס אקסטרה קר מידה 4,חוגלה קימברלי,1 יחידות,Other
7290000207063,רוטב עגבניות פריכוז240גר,"זנלכל בע""מ",240 גרם,Sauces & Spreads
7290000207162,רוטב עגבניות22% יכין100ג,"זנלכל בע""מ",100 גרם,Sauces & Spreads
7290000208008,חריסה 570 גרם,"זנלכל בע""מ",570 גרם,Other
7290000208022,עגבניות מרוסקות800ג יכין,"זנלכל בע""מ",800 גרם,Vegetables
7290000208077,אפונת גינה גדול יכין550ג,"זנלכל בע""מ",550 גרם,Other
7290000208091,אפונת גינה קטנה 550 גרם,"זנלכל בע""מ",550 גרם,Other
7290000208114,אפונה וגזר 550 גרם,"זנלכל בע""מ",550 גרם,Vegetables
7290000208138,סירופ ענבים דיאט1ל יכין,"זנלכל בע""מ",1 ליטר,Fruit
7290000208145,תירס לייט יכין 550 גרם,"זנלכל בע""מ",550 גרם,Vegetables
7290000208213,שעועית ברוטב עגבניות580ג,"זנלכל בע""מ",580 גרם,Sauces & Spreads
7290000208244,בסיס עגב לשקשוקה יכין570,"זנלכל בע""מ",570 גרם,Other
7290000208312,תירס מתוק יכין בואקום400,"זנלכל בע""מ",400 גרם,Vegetables
7290000208329,גרעיני תירס מתוק יכין550,"זנלכל בע""מ",550 גרם,Vegetables
7290000208336,רוטב עגב22%מרוכז יכין240,"זנלכל בע""מ",240 גרם,Sauces & Spreads
7290000208428,חומוס שלם יכין 550 גרם,"זנלכל בע""מ",560 גרם,Sauces & Spreads
7290000208855,רוטב פסטה יכין 240 גרם,"זנלכל בע""מ",240 גרם,Sauces & Spreads
7290000208947,עגבניות קצוצות יכין 240,"זנלכל בע""מ",240 גרם,Vegetables
7290000209012,חומץ 5% 1 ליטר,"זנלכל בע""מ",1000 מיליליטר,Sauces & Spreads
7290000209043,רוטב לימון 1 ליטר יכין,"זנלכל בע""מ",1000 מיליליטר,Sauces & Spreads
7290000209371,גרעיני תירס 3*165ג יכין,קשקמט קונסרבס,495 גרם,Vegetables
7290000209388,תירס מתוק לייט3*200 יכין,"זנלכל בע""מ",600 גרם,Vegetables
7290000209517,סירופ דיאט לימון 1 ליטר,"זנלכל בע""מ",1 ליטר,Fruit
7290000209524,סירופ דיאט פטל 1 ל יכין,"זנלכל בע""מ",1 ליטר,Other
7290000209555,סירופ תפוחי עץ דיאט 1 ל,"זנלכל בע""מ",1 ליטר,Fruit
7290000209579,סירופ דיאט אננס 1 ליכין,"זנלכל בע""מ",1 ליטר,Fruit
7290000209722,רוטב עגב פריכוז יכין580ג,"זנלכל בע""מ",580 גרם,Sauces & Spreads
7290000209944,רוטב לשקשוקה יכין 240ג,"זנלכל בע""מ",240 גרם,Sauces & Spreads
7290000209951,רוטב לפיצה יכין 240גרם,"זנלכל בע""מ",240 גרם,Sauces & Spreads
7290000209968,רוטב ללזניה יכין 240 גרם,"זנלכל בע""מ",240 גרם,Sauces & Spreads
7290000210896,רוטב בולונז 260ג יכין,"זנלכל בע""מ",260 גרם,Sauces & Spreads
7290000211169,"אורז תאילנדי סוגת 1 ק""ג",סוגת,1 קילוגרם,Other
7290000211442,אורז פרסי קלאסי 1קג סוגת,סוגת,1 קילוגרם,Other
7290000211985,"אורז עגול 1 ק""ג סוגת",סוגת,1 קילוגרם,Other
7290000226552,"עוגת טורט ריבת חלב 1ק""ג",קפולסקי,1 קילוגרם,Dairy
7290000226569,טורט קצפת טעם שוקולד 1קג,תופינים מקבוצת קפולסקי,1 קילוגרם,Snacks
7290000238029,בצק עלים מרודד1ק מעדנות,"מעדנות בע""מ",1 קילוגרם,Other
7290000238036,מלווח מעדנות 700 גרם,"מעדנות בע""מ",700 גרם,Other
7290000238173,בורקס גבינה 800 גרם,"מעדנות בע""מ",800 גרם,Dairy
7290000238180,"בורקס תפו""א 800 גרם","מעדנות בע""מ",800 גרם,Prepared
7290000244143,קרם הוואי לאחר גילוח120מ,טרופיקל דגיל,120 מיליליטר,Other
7290000244761,"קרם ידיים ולווטה 100 מ""ל",טרופיקל דגיל,100 מיליליטר,Other
7290000253251,שוקולד ציפס לבן 250 גרם,אופנהיימר,250 גרם,Snacks
7290000262031,נייר טואלט מולט 32 גליל,קימברלי קלארק,528 מטרים,Other
7290000262413,האגיס אקסטרה קר מידה 5,חוגלה קימברלי,1 יחידות,Other
7290000267012,שקד מולבן שלם100גשקדיה,---,100 גרם,Other
7290000267029,שקד מולבן חצוי100גשקדיה,---,100 גרם,Other
7290000267036,שקד מולבן משובב100גשקדיה,---,100 גרם,Other
7290000267043,שקד מולבן פרוס100גשקדיה,---,100 גרם,Other
7290000267050,שקד טבעי טחון100ג-שקדיה,---,100 גרם,Other
7290000267104,שקד טבעי גרוס100גשקדיה,---,100 גרם,Other
7290000267548,אגוז מלך טחון100גשקדיה,---,100 גרם,Other
7290000267609,פיסטוק חלבי קלוף 150גרם,דין שיווק,150 גרם,Dairy
7290000267616,צנובר 100גרם,דין שיווק,100 גרם,Other
7290000267678,גרעין דלעת טבעי קלוף150ג,דין שיווק,150 גרם,Other
7290000272696,מיץ לימון משומר-עסיס 1ל,"בית-השיטה תעשיות בע""מ",1 ליטר,Drinks
7290000272726,חומץ 5% 1 ליטר אסם,בית-השיטה עסיס תעשיות מז,1 ליטר,Sauces & Spreads
7290000287102,סנו שמפו לשטיחים 540 גרם,סנו,540 גרם,Other
7290000287195,סנורהיט מבריק רהיטים305ג,סנו,305 מיליליטר,Other
7290000288024,סנו גאוול לימון 4 ליטר,סנו,4 ליטר,Fruit
7290000288079,סנו גאוול לימון 2 ליטר,סנו,2 ליטר,Fruit
7290000288352,K-300 קוטל חרק./זוחל630מ,סנו,630 מיליליטר,Other
7290000289069,סנו גאוול מרסס לימון 1ל,סנו,1 ליטר,Fruit
7290000289748,סנו פורטה מסיר שומנים750,סנו,750 מיליליטר,Other
7290000292557,סנומט נוזלי45לילות-מילוי,סנו,35 מיליליטר,Other
7290000292687,סנובון אסלה כחול 3*55ג,סנו,165 גרם,Other
7290000294780,סנו גאול אקונומ.סמיכה4ל,סנו,4 ליטר,Other
7290000300900,שניצל תירס 750 גרם,טבעול,750 גרם,Meat & Fish
7290000302027,טיים רד פאקט,"דובק בע""מ",1 יחידות,Other
7290000304663,"סלט טונה פיקנטי""נון""160ג",סטארקיסט,160 גרם,Meat & Fish
7290000311043,"עוג.קקאו ש.שועל לל""ס200ג",רוקחמן,200 גרם,Other
7290000311203,ופלים מן בטעם שוקולד200ג,רוקחמן,200 גרם,Snacks
7290000311210,ופלים מן בטעם לימון 200ג,רוקחמן,200 גרם,Snacks
7290000311227,ופל מן בטעם קפה 200 גרם,רוקחמן,200 גרם,Snacks
7290000311425,ופלים מצופים כחול 10*22ג,רוקחמן,220 גרם,Snacks
7290000311432,"עוג.גרנולה קינמ.ללת""ס200",רוקחמן,200 גרם,Other
7290000311463,"עוגיות חמאה ללת""ס 200 גר",רוקחמן,200 גרם,Snacks
7290000311487,"ופל בטעם שוקו.ללת""ס",רוקחמן,140 גרם,Snacks
7290000311500,וופלים בטעם שוקולד 500גר,רוקחמן,500 גרם,Snacks
7290000311708,עוגיות מחיטה מלאה מן300ג,רוקחמן,300 גרם,Snacks
7290000311715,עוגיות כוכבים שוקולד 300,רוקחמן,300 גרם,Snacks
7290000311722,עוגיות כוכבים וניל 300 ג,רוקחמן,300 גרם,Snacks
7290000311869,"וופל מן שוקולד ללת""ס180ג",רוקחמן,180 גרם,Snacks
7290000311883,"עוגיות גרנולה ללת""ס200ג",רוקחמן,200 גרם,Snacks
7290000311890,"וופלים טעם לימון לל""ס",רוקחמן,180 גרם,Snacks
7290000313160,עוגיות שוקולד זהבה 250גר,"הגביע מוצרי וופלים בע""מ",250 גרם,Snacks
7290000313184,עוג.גן חיות וניל 250 גרם,"הגביע מוצרי וופלים בע""מ",250 גרם,Snacks
7290000313290,נודלס אטריות מסולסל200גר,טאי רזידנט,200 גרם,Other
7290000318035,נקניקיות פרגיות 400 גרם,מעדני יחיעם,400 גרם,Meat & Fish
7290000318042,פסטרמה רוסטביף יחיעם 150,יחיעם,150 גרם,Meat & Fish
7290000318127,נקניקיות ביס380ג יחיעם,מעדני יחיעם,380 גרם,Meat & Fish
7290000318189,פסטרמה ברביקיו יחיעם 300,יחיעם,300 גרם,Meat & Fish
7290000318400,פסטרמה בסגנון רומני 250ג,יחיעם,250 גרם,Meat & Fish
7290000318479,פרושוטו עגל 100 גרם,מעדני יחיעם (1993) בעמ,100 גרם,Other
7290000318677,סלמי סרוולט 150 גרם,יחיעם,150 גרם,Other
7290000318707,נקניק סלמי מעושן 500 גר,יחיעם,500 גרם,Meat & Fish
7290000318769,פסטרמה צלעות אסאדו עלהאש,יחיעם,150 גרם,Meat & Fish
7290000318950,פסטרמה הודו מהמעשנה,מעדני יחיעם (1993) בעמ,180 גרם,Meat & Fish
7290000319063,כתף בקר מפולפל 150 גרם,יחיעם,150 גרם,Meat & Fish
7290000319124,סלמי סרוולט 250 גרם,יחיעם,250 גרם,Other
7290000319131,נקניקיות עוף 400 גרם,יחיעם,400 גרם,Meat & Fish
7290000319520,סלמי צרפתי 100 גרם,יחיעם,100 גרם,Other
7290000319803,קבנוס קלאסי125ג יחיעם,מעדני יחיעם (1993) בעמ,125 גרם,Other
7290000319834,קבנוס פפרוני קלאסי 125גר,מעדני יחיעם (1993) בעמ,125 גרם,Other
7290000327020,"פפסי פחיות 6*330 מ""ל","מודרן גרופ משקאות בע\""מ",1.98 ליטר,Other
7290000327037,"מירינדה פחיות 6*330 מ""ל","מודרן גרופ משקאות בע\""מ",1.98 ליטר,Other
7290000327044,"סבן אפ פחיות 6*330 מ""ל","מודרן גרופ משקאות בע\""מ",1.98 ליטר,Other
7290000334325,ציפס למיקרו 3*125ג,"תפוגן תעשיות בע""מ",375 גרם,Snacks
7290000334684,טבעות בצל 700 גרם,"תפוגן תעשיות בע""מ",700 גרם,Vegetables
7290000339191,אבקת הלבנה רן 350ג בדין,זוהר דליה,350 גרם,Other
7290000342856,בדין מרכך כביסה כחול 4 ל,יוניליוור ישראל טיפוח,4 ליטר,Other
7290000345215,תה ויסוצקי כחול 100שק*1ג,ויסוצקי,100 גרם,Drinks
7290000345260,תה ויסוצקי 25שק*1.5גרם,ויסוצקי,37 גרם,Drinks
7290000345277,תה ויסוצקי 50שק*1.5 גרם,ויסוצקי,75 גרם,Drinks
7290000345284,תה קלאסי ויסוצק 100*1.5ג,ויסוצקי,150 גרם,Drinks
7290000345291,תה ארל גריי 25שק*1.5גרם,ויסוצקי,37 גרם,Drinks
7290000345536,תה שחור עם נענע 25ש*1.7ג,ויסוצקי,42 גרם,Drinks
7290000346120,חליטת קסם הקינמון25ש*2.5,ויסוצקי,62 גרם,Other
7290000346137,הגן הקסום הילולי פירות25,ויסוצקי,62 גרם,Fruit
7290000346168,הגן הקסום חליטת שומר25שק,ויסוצקי,37 גרם,Other
7290000346199,חליטת פירות יער 25ש*2.7ג,ויסוצקי,67 גרם,Fruit
7290000346205,הגן הקסום חליטת קמומיל25,ויסוצקי,37 גרם,Other
7290000346212,חליטת מנטה גן קסום25ש*2ג,ויסוצקי,50 גרם,Other
7290000347738,תה ירוק נענע 25 שק*1.5גר,ויסוצקי,37 גרם,Drinks
7290000347752,תה ירוק לימונ.ולואיזה25ש,ויסוצקי,37 גרם,Drinks
7290000369037,גב.בולגרית מלוחה 175גרם,,175 גרם,Dairy
7290000369365,מעדן חציל+גב.בולגרית200ג,גבינות עמיר ניצן,200 גרם,Dairy
7290000369617,כדורי גבינה בשמן 150גרם,גבינות עמיר ניצן,225 גרם,Dairy
7290000369709,חמאה מתובלת 100 גרם,גבינות עמיר ניצן,100 גרם,Dairy
7290000379258,חלת קונדיטוריה ארוזה500ג,מאפיית שלמה א. אנגל,500 גרם,Other
7290000408316,יוגורט ביו 3% דנונה 200ג,"שטראוס בריאות בע""מ",200 גרם,Dairy
7290000408354,דנונה בר פצפוצים 173 גרם,"שטראוס בריאות בע""מ",173 גרם,Other
7290000412481,"מנקה אסלות ""00"" 1 ליטר",סנו,1 ליטר,Other
7290000416021,ממרח השחר העולה 500גר,השחר,500 גרם,Sauces & Spreads
7290000416045,ממרח בטעם שוקולד השחר1קג,השחר,1 קילוגרם,Sauces & Spreads
7290000416618,"ממרח טעם שוקולד בד""ץ400ג",השחר,400 גרם,Sauces & Spreads
7290000419107,קפה שחור לנדוור 100 גרם,"קפה לנדוור בע""מ",100 גרם,Drinks
7290000430102,"שקית קרח מיסטר אייס 2ק""ג",שונות,1 יחידות,Other
7290000433103,XL אפרסק משמש פחית 250מל,"XL אנרגי מרקטינג, \n",250 מיליליטר,Prepared
7290000433110,"XL מנגו אננס פחית 250מ""ל","XL אנרגי מרקטינג, \n",250 מיליליטר,Prepared
7290000442044,"פמינה חמוציות 220 מ""ל",כצט,220 מיליליטר,Other
7290000446547,חמאת בוטנים טבעית 350גרם,,350 גרם,Other
7290000446714,שמן שומשום בכבישה קרה500,,500 מיליליטר,Sauces & Spreads
7290000453019,שמרית-שמרים לחים 50 גרם,"פאקא תעשיות בע""מ",50 גרם,Other
7290000453125,שמרית+משפר אפיה ביתית100,"פאקא תעשיות בע""מ",100 גרם,Other
7290000453231,שמרים יבשים שמרית 100ג,---,100 גרם,Other
7290000453248,מיני פנקייק מצונן 300 גר,---,300 גרם,Other
7290000453255,פנקייק אמריקאי מצונן320ג,---,320 גרם,Other
7290000453309,בצק לפיצה ללא גלוטן230ג,---,230 גרם,Prepared
7290000453408,בצק פיצה דק מצונן 415 גר,---,415 גרם,Prepared
7290000453415,בצק עלים לאפייה מצונן300,---,300 גרם,Other
7290000453422,בצק פילו לאפייה מצונן300,---,300 גרם,Other
7290000453439,בצק פריך לאפייה מצונן280,סריליה,280 גרם,Other
7290000453446,פיצה קראסט שמרית 500 גרם,---,500 גרם,Prepared
7290000453453,בצק פסטה מצונן שמרית350ג,שמידיס טיג- ספישייליטן,300 גרם,Other
7290000453538,בצק כיסונים מצונן 300גרם,---,300 גרם,Other
7290000453859,נטורינה בטעם חמאה 200 גר,גרונבאנג- גרונדנסק אי פי,200 גרם,Dairy
7290000453866,נטורינה בשמן קוקוס 200גר,בלום פוד,200 גרם,Other
7290000453880,מרגרינה ללא מלח 200 גרם,"פאקא תעשיות בע""מ",200 גרם,Other
7290000453897,מרגרינה בטעם חמאה 200 גר,"פאקא תעשיות בע""מ",200 גרם,Dairy
7290000461625,בייגלה שמיניות+מלח400ג,בייגל את בייגל מזון,400 גרם,Other
7290000461700,ביגל שמיניות גדול+מלח400,בייגל את בייגל מזון,400 גרם,Other
7290000462172,סחוג זהבי ירוק 150 גרם,"זהבי הכרם בע""מ",150 גרם,Other
7290000467153,מלך החומוס סמיר הגדול400,סלטי צבר,400 גרם,Sauces & Spreads
7290000467320,מלך חומוס אבו מרוואן400ג,סלטי צבר,400 גרם,Sauces & Spreads
7290000469638,"מריטו ענק 500 מ""ל","בולטון אלימנטרי בע""מ",500 מיליליטר,Other
7290000474502,גבינה לבנה 5% שומן 250 ג,---,250 גרם,Dairy
7290000474540,גבי. טוב טעם 3% 250גרם,---,250 גרם,Other
7290000474830,גבינה צהובה מגורדת 500גר,---,500 גרם,Dairy
7290000481180,לחם מחמצת שאור 550 גרם,דגנית עין בר תעשיות מזון,550 גרם,Other
7290000481197,לחם מחמצת גרעינים 550גרם,דגנית עין בר תעשיות מזון,550 גרם,Other
7290000481203,לחם מחמצת קמח מלא 550 גר,דגנית עין בר תעשיות מזון,550 גרם,Other
7290000481531,לחמניות חיטה מלאה10*75גר,דגנית עין בר תעשיות מזון,750 גרם,Other
7290000481883,לחמניות אצבע 10*75 גרם,דגנית עין בר תעשיות מזון,750 גרם,Other
7290000483139,מרציפן גולמי 100 גרם,המרשלג,100 גרם,Other
7290000483412,טפטופים לעוגה 60 גרם,המרשלג,60 גרם,Snacks
7290000484747,"עלית הארק 700 מ""ל",יקב הגליל יוסף גולד ובני,700 מיליליטר,Other
7290000490601,גלידל וניל 8 יחידות,פלקו בעמ,400 גרם,Frozen
7290000490762,גלידל שוקו 8 יחי,פלקו בעמ,400 גרם,Frozen
7290000493176,רוטב צלי לבשר בשקית22ג,"אסם תעשיות מזון בע""מ",22 גרם,Sauces & Spreads
7290000493183,רוטב פטריות לבשר-אבקה30ג,"אסם תעשיות מזון בע""מ",30 גרם,Sauces & Spreads
7290000494616,שוקו רגואן בפחית 500 גר,רוני רגואן ושות,500 גרם,Drinks
7290000494777,"פולי קפה רגואן 1 ק""ג",רוני רגואן ושות,1000 גרם,Drinks
7290000497044,לחם ברמן אקטיב 750 גרם,"י.את.א.ברמן בע\""מ",750 גרם,Other
7290000497112,לחם פרוס אחיד 750גר 207,"י.את.א.ברמן בע\""מ",750 גרם,Other
7290000497136,חלה פרוסה 500גר ארוז*231,מאפית ברמן מקבוצת י. את,500 גרם,Other
7290000497228,לחמניות רגילות 6*75 גרם,"י.את.א.ברמן בע\""מ",450 גרם,Other
7290000497358,חלומית חלה מתוקה ארוז500,"י.את.א.ברמן בע\""מ",500 גרם,Other
7290000497426,לחם ברמן לעניין פלוס500ג,"י.את.א.ברמן בע\""מ",500 גרם,Other
7290000497532,לחם ברמן לענין 750 גרם,"י.את.א.ברמן בע\""מ",750 גרם,Other
7290000497570,לחם דגנים פלוס 500 גרם,"י.את.א.ברמן בע\""מ",500 גרם,Other
7290000498003,לחם E-FREE קמח חיטה750ג,מאפית ברמן מקבוצת י. את,750 גרם,Other
7290000498034,לחם E-FREEקמח כוסמי750ג,מאפית ברמן,750 גרם,Other
7290000504278,סוכרזית 700 טבליות,ביסקול בעמ,59 גרם,Other
7290000518176,מתוק וקל ענק 250 שקיות,"מתוק וקל בע""מ",250 גרם,Other
7290000518220,סוכרה דיאט 100 שקיות,"מתוק וקל בע""מ",80 גרם,Other
7290000518251,מתוק וקל זהב 100 שקיות,למפדוס,1 יחידות,Other
7290000518336,"מוש צמר גפן ללת""ס100גרם","מתוק וקל בע""מ",10 גרם,Other
7290000521008,יין אדום יבש של סגל750מל,"כרמיצבי-אחים סגל בע""מ",750 מיליליטר,Drinks
7290000521015,"יין לבן יבש של סגל750מ""ל",יינות סגל,750 מיליליטר,Drinks
7290000521022,יין סגל לבן רג.ח.יבש750מ,יינות סגל,750 מיליליטר,Drinks
7290000521404,"קברנה מרום גליל 750 מ""ל",יינות סגל,750 מיליליטר,Other
7290000521411,"מרלו מרום גליל 750 מ""ל",יינות סגל,750 מיליליטר,Other
7290000522319,חלב טרי מהגולן 3% 1 ליטר,"זנלכל בע""מ",1 ליטר,Dairy
7290000522326,חלב טרי מהגולן 1% 1 ליטר,מחלבות רמת הגולן,1 ליטר,Dairy
7290000522340,"שמנת לבישול 15% 250 מ""ל",מחלבות רמת הגולן,250 מיליליטר,Dairy
7290000523125,מלח ים דק250ג מלח הארץ,"חברת מלח הארץ אילת בע""מ",250 גרם,Other
7290000523224,מלח ים דק 500ג מלח הארץ,"חברת מלח הארץ אילת בע""מ",500 גרם,Other
7290000523514,מלח מופחת נתרן 250ג,"חברת מלח הארץ אילת בע""מ",250 גרם,Other
7290000523804,מלח הארץ עדין בצנצנת 1קג,"חברת מלח הארץ אילת בע""מ",1 קילוגרם,Other
7290000523811,"מלח הארץ גס צנצנת 1 ק""ג","חברת מלח הארץ אילת בע""מ",1 קילוגרם,Other
7290000525969,מיץ תפוזים סחוט 1 ליטר,"גניר 1992 בע\""מ",1 ליטר,Drinks
7290000529424,תה ירוק לימו.לואיז20*1.5,---,30 גרם,Drinks
7290000529783,חליטת קמומיל אורג20ש*1.5,"תה עדנים בע""מ",30 גרם,Drinks
7290000529790,חליטת לואיזה לימונ20*1.5,"תה עדנים בע""מ",30 גרם,Drinks
7290000529851,תה ירוק נענע אורג.20*1.5,"תה עדנים בע""מ",30 גרם,Drinks
7290000530086,סלמי מעושן-7000 600 גרם,זוגלובק,600 גרם,Other
7290000530116,נקניק סלמי בשן 470 גרם,זוגלובק,470 גרם,Meat & Fish
7290000530291,נקניק מבשר הודו 750גרם,זוגלובק,750 גרם,Meat & Fish
7290000530468,"נקניקיות וינר 1 ק""ג",זוגלובק,1 קילוגרם,Meat & Fish
7290000530598,נקניקיות וינר 500 גרם,זוגלובק,500 גרם,Meat & Fish
7290000530703,פסטרמה חרמון+תה2*400ג,זוגלובק,800 גרם,Drinks
7290000536743,קריספי סטיקס תירס 500גרם,זוגלובק,500 גרם,Vegetables
7290000537566,נקניקיות עוף 400 גרם,זוגלובק,400 גרם,Meat & Fish
7290000537603,נקניקיות עוף1ק זוגלובק,זוגלובק,1 קילוגרם,Meat & Fish
7290000552118,נקניקיות מרגז חריף400ג,"טיבון ויל אחזקות בע""מ",400 גרם,Meat & Fish
7290000552569,סטייקבורגר 400ג טיבוןויל,"טיבון ויל אחזקות בע""מ",400 גרם,Other
7290000552927,בשר עוף טחון קפוא 500 גר,"טיבון ויל אחזקות בע""מ",500 גרם,Frozen
7290000552989,בשר טחון מובחר 500 גרם,"טיבון ויל אחזקות בע""מ",500 גרם,Meat & Fish
7290000554402,מלבי 160 גרם,EDNK,160 גרם,Other
7290000554457,גבינה צפתית5% שומן 350ג,מחלבות גד,350 גרם,Dairy
7290000554471,גבינת מוצרלה 22% 180 גרם,מחלבות גד,180 גרם,Dairy
7290000554532,גב.צפתית מעודנת5% 200גרם,מחלבות גד,200 גרם,Dairy
7290000554600,גבי.מוצרלה מגורדת22% 300,מחלבות גד,300 גרם,Dairy
7290000554624,ירח מתוק מעד.חלב+אורז150,EDNK,150 גרם,Dairy
7290000554686,לבנה בשמן זית+זעתר5% 250,מחלבות גד,250 גרם,Dairy
7290000554822,ריקוטה גד 5% שומן 250 גר,מחלבות גד,250 גרם,Dairy
7290000554839,מסקרפונה 40% 250ג גד,מחלבות גד,250 גרם,Dairy
7290000560533,גל גילוח לגבר 198ג אדג,KDC/ONE SWALLOWFIELD LTD,198 גרם,Other
7290000560540,גל גילוח לעור רגיש198ג,KDC/ONE SWALLOWFIELD LTD,198 גרם,Other
7290000560557,גל גילוח מועשר198ג אדג,KDC/ONE SWALLOWFIELD LTD,198 גרם,Other
7290000572628,"ח.חלווה לייט ללת""ס11*25ג","אחדות בע""מ א.ת. ברקן",275 גרם,Other
7290000574035,לחם אחיד פרוס 750 גרם,דגנית עין בר תעשיות מזון,750 גרם,Other
7290000574141,לחם חיטה מלא 750 גרם,דגנית עין בר תעשיות מזון,750 גרם,Other
7290000574172,לחם קל מחיטה מלאה 750גרם,דגנית עין בר תעשיות מזון,750 גרם,Other
7290000574370,לחם שיפון קל 750 גרם,דגנית עין בר תעשיות מזון,750 גרם,Other
7290000574455,לחם חיטה מלא +כוסמין750ג,דגנית עין בר תעשיות מזון,750 גרם,Other
7290000574615,כוסמין מלא 100% 750 גרם,דגנית עין בר תעשיות מזון,750 גרם,Other
7290000574622,כוסמין מלא 100% 750 גרם,דגנית עין בר תעשיות מזון,750 גרם,Other
7290000574646,לחם פרו 500 גרם,דגנית עין בר תעשיות מזון,500 גרם,Other
7290000663050,נתחוני סויה בטעם עוף,"תנובה בע""מ",350 גרם,Meat & Fish
7290000688374,"מי עדן בייבי 6*330 מ""ל","מופק ממקור בזלתי עדן 1,",1.5 ליטר,Other
7290000688381,מים מינרליים מי עדן6*500,"מופק ממקור בזלתי עדן 1,",3 ליטר,Drinks
7290000688503,מים מינרליים מי עדן6*750,"מופק ממקור בזלתי עדן 1,",4.5 ליטר,Drinks
7290000692203,נוזל ניקוי לימון2ל אגקס,קולגייט-פלמוליב,2 ליטר,Fruit
7290000692210,נוזל ניקוי לבנדר2ל אגקס,קולגייט-פלמוליב,2 ליטר,Other
7290000692227,פלמוליב לשטיפת כלים 1 ל,קולגייט-פלמוליב,1 ליטר,Other
7290000692456,"אגקס חלונות 2*750 מ""ל",ש.שסטוביץ,1.5 ליטר,Other
7290000803067,"משחת אלמקס ילדים 75 מ""ל",קולגייט-פלמוליב,75 מיליליטר,Other
7290000803180,שטיפה דנטלית מרידול 400מ,קולגייט-פלמוליב,400 מיליליטר,Other
7290000805900,"לה קט עוף 2.85 ק""ג",united pet food,2.85 קילוגרם,Meat & Fish
7290000805924,לה קט דגי אוקיינוס 2.85ק,---,2.85 קילוגרם,Other
7290000841557,סטרילי נוזל לחיטוי פירות,,500 מיליליטר,Fruit
7290000903200,פיתה אסלית 100 גרם,"מאפיית אורן משי בע""מ",100 גרם,Other
7290000907949,"משקה מצונן 500 מ""ל",,500 מיליליטר,Drinks
7290000919133,עוף בגריל(עצמי) יח,שונות,1 יחידות,Meat & Fish
7290000961156,פטרוזליה תפזורת (ק),,1 יחידות,Other
7290000961514,עירית שומית (ק),,1 יחידות,Other
7290000962535,רוזמרין מארז (ק),---,1 יחידות,Other
7290000962559,קורנית (טימין) (ק),---,1 יחידות,Other
7290000962573,אורגנו מארז (ק),---,1 יחידות,Other
7290000962580,מרווה מארז (ק),---,1 יחידות,Other
7290000964652,מארז קיווי צהוב,,1 יחידות,Other
7290000966496,אננס טרי יחידה,,1 יחידות,Fruit
7290000966694,דובדבן אדום ארוז,קטיף.,250 גרם,Other
7290000966779,תות שדה ארוז (ק),קטיף.,500 גרם,Fruit
7290000979427,עגבניות שרי כתום,---,460 גרם,Vegetables
7290000982939,לוף/כרישה (ק),קטיף.,1 יחידות,Other
7290000986074,נענע תפזורת (ק),קטיף.,1 יחידות,Other
7290000986142,כוסברה תפזורת (ק),קטיף.,1 יחידות,Other
7290000986210,שמיר תפזורת (ק),קטיף.,1 יחידות,Other
7290000986845,ליצי ארוז (ק),קטיף.,300 גרם,Other
7290000992594,מצוננים חיסול מלאי,"פרסקו חצבה 2006 בע""מ",1 יחידות,Other
7290000993294,עגבניות שרי לובלו,קטיף.,460 גרם,Vegetables
7290000993461,עגבניות שרי צהוב,קטיף.,460 גרם,Vegetables
7290000993560,עגבניות שרי שוקו,קטיף.,460 גרם,Drinks
7290000993621,מארז קיווי ירוק,,1 יחידות,Other
7290000995175,בזיליקום אדום (ק),---,1 יחידות,Other
7290000995441,קייל,קטיף.,1 יחידות,Other
7290001041185,"פופקורן 1 ק""ג מיה",מיה,1 קילוגרם,Snacks
7290001041192,"עדשים אדומות 1 ק""ג מיה",מיה,1 קילוגרם,Other
7290001041208,"עדשים ירוקות 1 ק""ג",מיה תעשיות מזון,1 קילוגרם,Other
7290001041260,שומשום 400 גרם,מיה,400 גרם,Other
7290001045633,"משקה לימונענע 400 מ""ל","גניר 1992 בע\""מ",400 מיליליטר,Drinks
7290001045657,"מיץ תפוחים צלול 400 מ""ל","גניר 1992 בע\""מ",400 מיליליטר,Drinks
7290001045688,מיץ תפוזים סחוט בק.400מל,"גניר 1992 בע\""מ",400 מיליליטר,Drinks
7290001053201,מנות סלמון קפוא,NOK SALMAR AS,500 גרם,Frozen
7290001121030,סרוולט יבש 250 גרם,יחיעם,250 גרם,Other
7290001121054,צמד חמד 700 גרם,מעדני יחיעם (1993) בעמ,700 גרם,Other
7290001121238,קורנביף 180 גרם,יחיעם,180 גרם,Other
7290001121658,קבנוס עוף 125 גרם,יחיעם,125 גרם,Meat & Fish
7290001121665,קבנוס צילי חריף 125 גרם,יחיעם,125 גרם,Other
7290001121849,פסטרמה100%טבעי יחיעם 250,יחיעם,250 גרם,Meat & Fish
7290001164266,גרנולה ממותקת בסילאן500ג,,500 גרם,Sauces & Spreads
7290001164273,חגיגת גרנולה 500 גרם,,500 גרם,Other
7290001164419,תערובת געלה 550 גרם,,550 גרם,Other
7290001199039,סלט בולגרי 450 גרם,סלטי ברדה,450 גרם,Prepared
7290001199046,כרוב במלח 450 גרם,סלטי ברדה,450 גרם,Prepared
7290001199084,גזר בסיגנון קוריאני500גר,סלטי ברדה,500 גרם,Prepared
7290001199107,סוטא אוקראיני 500 גרם,סלטי ברדה,500 גרם,Prepared
7290001199244,"כרוב במלח 1 ק""ג",סלטי ברדה,1 קילוגרם,Prepared
7290001201572,ביצים ארוזות XL 12יחידות,מ.לסר,1 יחידות,Other
7290001201589,12 ביצי משק טריות L לסר,מ.לסר,1 יחידות,Other
7290001201596,12 ביצי משק טריות M לסר,מ.לסר,1 יחידות,Other
7290001201640,30ביצי אומגה3 שופרסל,מ.לסר,1 יחידות,Other
7290001201664,ביצים אומגה 3 DHA XL 20י,---,1 יחידות,Other
7290001201855,ביצים אומגה3 12יחידות L,---,1 יחידות,Other
7290001201862,ביצי חופש 12יח L,---,1 יחידות,Other
7290001201886,ביצי חופש 12יח M,---,1 יחידות,Other
7290001201893,12ביצי אומגה3 M לסר,מ.לסר,1 יחידות,Other
7290001209189,נקניקיות חריפות 400 גרם,מעדני הטלה והעגל,400 גרם,Meat & Fish
7290001216040,טחינה גולמית אל ארז 500ג,"סוגת תעשיות בע""מ",500 גרם,Sauces & Spreads
7290001216057,טחינה גולמית 1קג אל ארז,"סוגת תעשיות בע""מ",1 קילוגרם,Sauces & Spreads
7290001216118,חלווה בטעם וניל 300 גרם,"סוגת תעשיות בע""מ",300 גרם,Other
7290001216125,חלווה בטעם שוקו וניל 300,"סוגת תעשיות בע""מ",300 גרם,Drinks
7290001216149,"חלווה בטעם וניל לל""תס300","סוגת תעשיות בע""מ",300 גרם,Other
7290001216231,טחינה מלאה 500ג אל ארז,"סוגת תעשיות בע""מ",500 גרם,Sauces & Spreads
7290001216705,טחינה גולמית בבקבוק לחיץ,"סוגת תעשיות בע""מ",300 גרם,Sauces & Spreads
7290001246979,נוזל כלים לימון 1 ליטר,סאסאטק,1 ליטר,Fruit
7290001247068,ספרינג קרטון תות בננה 1ל,יפאורה תבורי בעמ,1 ליטר,Fruit
7290001247082,ספרינג קרטוניות עגבניות,יפאורה תבורי בעמ,1 ליטר,Vegetables
7290001247099,ספרינג קרטוניות מנגו 1 ל,יפאורה תבורי בעמ,1 ליטר,Fruit
7290001247105,ספרינג קרטוניות אפרסק 1,יפאורה תבורי בעמ,1 ליטר,Fruit
7290001247112,ספרינג קרטוניות לימונענע,יפאורה תבורי בעמ,1 ליטר,Other
7290001247129,ספרינג קרטוניות תפוזים1ל,יפאורה תבורי בעמ,1 ליטר,Fruit
7290001247143,ספרינג קרטוניות תפוחים1ל,יפאורה תבורי בעמ,1 ליטר,Fruit
7290001258415,גבינת רוקפור 180 גרם,משק יעקבס,180 גרם,Dairy
7290001258446,יוגורט כבשים 5% 850גרם,משק יעקבס,850 גרם,Dairy
7290001258552,לאבנה 5% 250 גרם,משק יעקבס,250 גרם,Other
7290001258668,גבינת עז מה 250 גרם,משק יעקבס,250 גרם,Dairy
7290001258682,"יוגורט עיזים 500 מ""ל",משק יעקבס,500 מיליליטר,Dairy
7290001258729,לבנה עיזים 250 גרם,משק יעקבס,250 גרם,Other
7290001258804,גבינת קשקבל 180ג יעקבס,משק יעקבס,180 גרם,Dairy
7290001258958,מוצרלה מגורדת 200 גרם,משק יעקבס,200 גרם,Dairy
7290001274576,גלידל וניל תות 450,פלקו בעמ,450 מיליליטר,Frozen
7290001274583,גלידל שוקו פקאן 900,"פלקו בע\""מ, חברה ישראלית",450 מיליליטר,Frozen
7290001274934,גלידל פרי לימון דייט,פלקו בעמ,640 גרם,Frozen
7290001305188,פלמוליב לכלים צהוב 750מל,קולגייט-פלמוליב,750 מיליליטר,Other
7290001312995,באגט,"גידרון תעשיות בע""מ",1 יחידות,Other
7290001327791,קרמיסימו וניל עוגיות1.33,"גלידת שטראוס בע""מ",1.33 ליטר,Frozen
7290001343845,גרנולה עם פירות 850גר,דין שיווק,850 גרם,Fruit
7290001361016,פס גינגי 600 גרם,"נטלי פלוס בע""מ",600 גרם,Other
7290001361085,פס נפוליאון 600 גרם,"נטלי פלוס בע""מ",600 גרם,Other
7290001361177,עוגת פס דובדבן 650ג נטלי,"נטלי פלוס בע""מ",650 גרם,Other
7290001361207,עוג.פס אוכמניות650ג נטלי,"נטלי פלוס בע""מ",650 גרם,Other
7290001361269,פס קייבסקי ללא קמח 300 ג,"נטלי פלוס בע""מ",300 גרם,Other
7290001361573,וופל בטעם ריבת חלב 350 ג,נטלי,350 גרם,Snacks
7290001361733,פס אלפחורס 550 גרם,"נטלי פלוס בע""מ",550 גרם,Other
7290001361894,פס טראפל שוקולד 450 גרם,"נטלי פלוס בע""מ",450 גרם,Snacks
7290001407547,טחינה משמשום מלא500בארכה,רושדי תעשיות מזון,500 גרם,Sauces & Spreads
7290001407813,חלבה פיסטוק בארכה 350גרם,רושדי תעשיות מזון,350 גרם,Dairy
7290001407844,חלבה וניל בארכה 350 גרם,רושדי תעשיות מזון,350 גרם,Dairy
7290001407936,טחינה גולמית מעודנת 310,רושדי תעשיות מזון,310 גרם,Sauces & Spreads
7290001427019,"מיץ תפוזים 500 מ""ל קשת",קשת מיצים טבעיים,500 מיליליטר,Drinks
7290001427132,"מיץ רימונים טבעי 500 מ""ל",,500 מיליליטר,Drinks
7290001427255,מיץ תפוחים קשת 1 ליטר,קשת רמת הגולן,1 ליטר,Drinks
7290001427323,מיץ תפוח סלק פט 1 ליט,קשת מיצים טבעיים,1 ליטר,Drinks
7290001427347,מיץ תפוח סמיט100% סחוט1ל,פריניב,1 ליטר,Drinks
7290001427392,"מיץ רימונים טבעי 250 מ""ל",קשת מיצים טבעיים,250 מיליליטר,Drinks
7290001427415,"מיץ תפוח טבעי 250 מ""ל",קשת מיצים טבעיים,250 מיליליטר,Drinks
7290001427453,מיץ תפוחי פינק ליידי 1 ל,פריניב,1 ליטר,Drinks
7290001427569,מיץ תפוזים 1 ליטר,פריניב,1 ליטר,Drinks
7290001485019,גב.שמנת בטעם טבעי5% 200ג,---,200 גרם,Dairy
7290001491010,תה ירוק יסמין25שק*1.5גרם,ויסוצקי,37 גרם,Drinks
7290001491096,תה ירוק לימונ+לואיזה50שק,ויסוצקי,75 גרם,Drinks
7290001507360,אובלטים ק.כוסמין אורג100,אם החיטה,100 גרם,Other
7290001552049,קוסקוס מרוקאי 800גרם,מטעמי פאר,800 גרם,Other
7290001567760,פסטרמה של פעם 300גרם,יחיעם,300 גרם,Meat & Fish
7290001567814,סלמי מעושן איטלקי 300גרם,יחיעם,300 גרם,Other
7290001594025,"קוקה קולה קלאסי בק350מ""ל",,350 מיליליטר,Drinks
7290001594117,"פאנטה בטעם ענבים 330 מ""ל",---,330 מיליליטר,Fruit
7290001594155,"קוקה קולה בפלסטיק500 מ""ל",---,500 מיליליטר,Drinks
7290001594179,"פאנטה בטעם אורנג 500מ""ל",---,500 מיליליטר,Other
7290001594377,"פריגת תפוזים 500 מ""ל",---,500 מיליליטר,Fruit
7290001594391,"פריגת ענבים 500 מ""ל",---,500 מיליליטר,Fruit
7290001594568,"בירה קרלסברג בפחית500מ""ל",---,500 מיליליטר,Drinks
7290001594575,"בירה טובורג פחית 500 מ""ל",---,500 מיליליטר,Drinks
7290001594810,משקה מאלט בבקבוק 6*330מ,---,1.98 ליטר,Drinks
7290001594858,בירה טובורג רד בק6*330מל,---,1.98 ליטר,Drinks
7290001594865,"בירה קרלסברג בק6*330 מ""ל",---,1.98 ליטר,Drinks
7290001598085,"לחם משפחתי 1.1 ק""ג",מאפיית יוסף ברון בעמ,1.1 קילוגרם,Other
7290001598313,לחמניות קלות כוסמין,,340 גרם,Other
7290001598320,לחמנ.קלות קמח מלא 6*70גר,,420 גרם,Other
7290001598344,לחמניות מחמצת טבעית 320,,320 גרם,Other
7290001598405,לחם מחמצת טבעית 500 גרם,,500 גרם,Other
7290001598412,לחם מחמצת שיפון מלא650גר,,650 גרם,Other
7290001598429,פרנות 4*130ג קונדיט.ברון,מאפיית יוסף ברון בעמ,520 גרם,Other
7290001598573,לחמניות כוסמין מלא 100%,מאפיית יוסף ברון בעמ,315 גרם,Other
7290001598580,פיתות כוסמין6*62ג ברון,מאפיית יוסף ברון בעמ,372 גרם,Fruit
7290001598603,פיתות כוסמין קלות 6*62גר,,372 גרם,Fruit
7290001598610,לחמנ.כוסמין במתיקות5*60ג,---,300 גרם,Other
7290001648155,קפה טורקי רגואן 100 גרם,רוני רגואן ושות,100 גרם,Drinks
7290001648995,מארז קפה רגואן 3*100 גר,רוני רגואן ושות,300 גרם,Drinks
7290001780428,מאג.6גלידיאט שוקו+סירופ,גלידות נסטלה (נגה גלידות,312 גרם,Frozen
7290001817377,חטיף ציטוס PUFFS פיצה60,"שטראוס פריטו ליי בע""מ",60 גרם,Snacks
7290001817728,חטיף ציטוס בטעם קטשופ55,"שטראוס פריטו ליי בע""מ",55 גרם,Sauces & Spreads
7290001873489,קרפציו בלאק אנגוס 120 ג,"טיבון ויל אחזקות בע""מ",120 גרם,Other
7290001902301,חלה מתוקה קלועה 450 גרם,"גידרון תעשיות בע""מ",450 גרם,Other
7290001902325,חלה קלועה 500 גרם שופרסל,"גידרון תעשיות בע""מ",500 גרם,Other
7290001902776,לחמנית עם דגנים קפוא,"גידרון תעשיות בע""מ",1 יחידות,Frozen
7290001902783,לחמנית המבורגר,"גידרון תעשיות בע""מ",1 יחידות,Meat & Fish
7290001975015,טובורג גרין בק.חוזר500מל,---,500 מיליליטר,Other
7290001990148,סוכר גולדן קלאסי 1ק סוגת,סוגת,1 קילוגרם,Other
7290001990261,"חומוס 1 ק""ג סוגת",סוגת,1 קילוגרם,Sauces & Spreads
7290001990278,"שעועית לבנה 1 ק""ג סוגת",סוגת,1 קילוגרם,Other
7290001990391,"אפונה 1 ק""ג סוגת",סוגת,1 קילוגרם,Other
7290001990407,"עדשים ירוקות 1 ק""ג סוגת",סוגת,1 קילוגרם,Other
7290001990414,עדשים אדומות 1קג סוגת,סוגת,1 קילוגרם,Other
7290001990421,גרעין תירס פופקורן1 סוגת,סוגת,1 קילוגרם,Snacks
7290002000136,שעוות הדבש משי מיקרו500ג,"ש. שוורץ (באר שבע) בע\""מ",500 גרם,Sauces & Spreads
7290002002857,נייר שעווה 50 יחידות,אלסום ביגנדו,1 יחידות,Other
7290002008040,100שיפודי במבוק30סמ הנמל,הנמל,1 יחידות,Other
7290002008187,קשים מתקפלים 40 יח,יבוא ושיווק: הנמל אריזות,1 יחידות,Other
7290002008224,מזרה עגול צבעוני צנצ.100,"ממתקי עלה בע""מ",100 גרם,Other
7290002008309,130 גביע נייר גודל4 הנמל,הנמל,1 יחידות,Other
7290002008989,קישקשים בקופסא 225 יח,הנמל,1 יחידות,Other
7290002019114,תרכיז עגבנ.פ.ניר28% 580ג,פרי ניר,580 גרם,Other
7290002019763,עגבנ.מרוסקות פרי ניר800ג,פריניר,800 גרם,Other
7290002019787,רוטב עגבניות פריניר260גר,פריניר,260 גרם,Sauces & Spreads
7290002019794,רוטב עגבניות פריניר100גר,פרי ניר,100 גרם,Sauces & Spreads
7290002020189,סופגנייה מיני עם ריבה,"גידרון תעשיות בע""מ",35 גרם,Sauces & Spreads
7290002020868,מארז בייגל רומני 3יח,"גידרון תעשיות בע""מ",1 יחידות,Other
7290002026341,ציפס בטטה 500 גרם,מוצרי איכות אמריקאיים,500 גרם,Snacks
7290002026358,ציפס בטטה זיג זג 500 גרם,מוצרי איכות אמריקאיים,500 גרם,Snacks
7290002026365,טבעות בצל 500 גרם,פספרוסט,500 גרם,Vegetables
7290002026402,בלינצס גבינה קפוא 350גר,מוצרי איכות אמריקאיים,350 גרם,Frozen
7290002026440,פרצל שומשום קפוא 280גרם,מוצרי איכות אמריקאיים,280 גרם,Frozen
7290002026587,וופל בלגי חם מהמקפיא280ג,ביסקוטר ת.ס הרנטיס,280 גרם,Snacks
7290002026891,מאגדת קוקי מיקס 100*4מ,מוצרי איכות אמריקאיים,400 מיליליטר,Other
7290002026914,מאגדת קלאסיק מיקס,מוצרי איכות אמריקאיים,400 מיליליטר,Other
7290002037637,חליות מתוקות 4 יח,מאפית ודש,350 גרם,Other
7290002040019,קוסקוס רגיל 350 גרם,קוסקוס מזון,350 גרם,Other
7290002040064,קוסקוס דק 350 גרם,קוסקוס מזון,350 גרם,Other
7290002040071,קוסקוס עבה 350 גרם,קוסקוס מזון,350 גרם,Other
7290002040088,קוסקוס מלא 350 גרם,קוסקוס מזון,350 גרם,Other
7290002043782,ציפס אורז טקסס ברביק60,נוהלס גי אס סי.,60 גרם,Snacks
7290002053095,אטריות ביצים מס.10 200גר,אוריינט,200 גרם,Other
7290002053538,נודלס ביצים 500 גרם,פ.פ.ה טאביט ספ\n,500 גרם,Other
7290002057093,זית מנזנילו ירוק גדול540,קבוצת יבנה,540 גרם,Other
7290002057123,זית ירוק מגולען560ק.יבנה,קבוצת יבנה,560 גרם,Other
7290002057185,טבעות זיתים ירוקים540גרם,קבוצת יבנה,540 גרם,Other
7290002057352,מלפפו.במלח7-9 560ג יבנה,קבוצת יבנה,560 גרם,Other
7290002057369,מלפפון במלח 10-12 540גרם,קבוצת יבנה,540 גרם,Vegetables
7290002057376,מלפ. במלח קטן13-17 540גר,קבוצת יבנה,540 גרם,Other
7290002057383,מלפפון במלח 18-25 540גרם,קבוצת יבנה,540 גרם,Vegetables
7290002057451,מלפפו.בחומץ7-9 560ג יבנה,קבוצת יבנה,560 גרם,Sauces & Spreads
7290002057468,מלפפון בחומץ 10-12 540גר,קבוצת יבנה,540 גרם,Sauces & Spreads
7290002057475,מלפ.בחומץ קטן13-17 540גר,קבוצת יבנה,540 גרם,Sauces & Spreads
7290002057482,מלפפון בחומץ 18-25 540גר,קבוצת יבנה,540 גרם,Sauces & Spreads
7290002057604,פלפל חריף שיפקה 540 גרם,קבוצת יבנה,540 גרם,Vegetables
7290002057628,טבעות זיתים מושחרים540גר,קבוצת יבנה,540 גרם,Other
7290002065555,לחמניות בשקית 6*75 גרם,מאפיית שלמה א. אנגל,450 גרם,Other
7290002065616,לחם שיפון גרעינים 750גרם,מאפיית שלמה א. אנגל,750 גרם,Other
7290002077268,מיני קציצות דג לבישול 00,דלידג בעמ,500 גרם,Meat & Fish
7290002079156,פיתות 5*100 גרם דוידוביץ,מאפיית דוידוביץ,500 גרם,Fruit
7290002107071,פטה עיזים 16% מעודנת200ג,---,200 גרם,Other
7290002107491,גב.עיזים5% למריחה 250 גר,---,250 גרם,Other
7290002107798,בולגרית מעודנת 5% 250 גר,משק צוריאל תבור,250 גרם,Dairy
7290002107965,גב. טבורוג 5% 500ג,---,500 גרם,Other
7290002109372,בורקס פילו גבינה בולגרית,"שגמור בע""מ",700 גרם,Dairy
7290002109488,100% קבב 440ג טיבון ויל,"טיבון ויל אחזקות בע""מ",440 גרם,Meat & Fish
7290002129479,פיצה איטלקית דקה 320גרם,סוילה אס.אר.אל,320 גרם,Prepared
7290002130567,דבש טהור יד מרדכי 350גרם,מכוורת יד מרדכי שטראוס ב,350 גרם,Sauces & Spreads
7290002130574,דבש בצנצנת 500ג יד מרדכי,מכוורת יד מרדכי שטראוס ב,500 גרם,Sauces & Spreads
7290002132011,עוגיות מזרחיות שומשום400,מאפיית יוסף ושמחה עבאדי,400 גרם,Snacks
7290002133162,גבינה בולגרית5%שומן250ג,מחלבות רמת הגולן,250 גרם,Dairy
7290002133506,יוגורט עיזים3.8%שומן400ג,מחלבות רמת הגולן,400 גרם,Dairy
7290002133520,יוגורט של פעם3%שומן400ג,מחלבות רמת הגולן,400 גרם,Dairy
7290002133537,יוגורט עיזים3.8%שומן180ג,מחלבות רמת הגולן,180 גרם,Dairy
7290002133575,יוגורט כבשים5%שומן400גרם,מחלבות רמת הגולן,400 גרם,Dairy
7290002133612,יוגורט יווני 6.5%ש180גרם,מחלבות רמת הגולן,180 גרם,Dairy
7290002133889,בולגרית מעודנת5% 250ג,מחלבת השומרון,250 גרם,Dairy
7290002190516,צנצנת ממרח ריבת חלב 450ג,אשבל מזון פונקציונלי בע\,450 גרם,Sauces & Spreads
7290002204213,דובדבן אדום ארוז,בראשית,250 גרם,Other
7290002232995,ציפוי פז ל.גלוט.מתובל500,,500 גרם,Other
7290002253006,שום כתוש דורות 200 גרם,דורות,200 גרם,Other
7290002253105,דורות שום במגשית 80 גרם,דורות,80 גרם,Other
7290002253150,דורות בזיליקום קצוץ 70ג,דורות,70 גרם,Other
7290002253167,דורות פטרוזיליה קצוצה 70,דורות,70 גרם,Other
7290002253174,דורות שמיר קצוץ מגשית 70,דורות,70 גרם,Other
7290002253181,דורות כוסברה קצוצה 70גרם,דורות,70 גרם,Other
7290002253198,דורות גינגר כתוש 16*70,דורות,70 גרם,Other
7290002253235,דורות פסטו 160 גרם,דורות,160 גרם,Other
7290002255215,עלי סיגר 500 גרם,"חטיפי אלקיים בע""מ",500 גרם,Other
7290002259664,רדיד אלומיניום 0.3 * 60מ,,60 מטרים,Other
7290002304203,קונפ.תות שדה לייט 600גרם,ענבי ציון,600 גרם,Fruit
7290002304210,קונפיטורה מישמש לייט600ג,ענבי ציון,600 גרם,Other
7290002304234,קונפ.אוכמניות לייט600גרם,ענבי ציון,600 גרם,Other
7290002304241,קונפ.פירות יער לייט600גר,ענבי ציון,600 גרם,Fruit
7290002304609,תענוג פרי תות שדה 600 גר,ענבי ציון,600 גרם,Fruit
7290002304616,תענוג פרי מישמש 600 גרם,ענבי ציון,600 גרם,Other
7290002304623,תענוג פרי פירות יער600ג,ענבי ציון,600 גרם,Fruit
7290002304661,תענוג פרי אוכמניות 600 ג,ענבי ציון,600 גרם,Other
7290002319016,אבקת אפיה 10*10 גרם,מיה,100 גרם,Other
7290002319023,סוכר וניל 10*10 גרם,מיה,100 גרם,Other
7290002319061,קוקוס טחון 100 גרם,מיה תעשיות מזון מ.ת.מ. ב,100 גרם,Other
7290002319078,שומשום 100 גרם מיה,מיה תעשיות מזון,100 גרם,Other
7290002319092,קמח תפוחי אדמה 500ג מיה,מיה,500 גרם,Fruit
7290002319184,עדשים אדומות 500 גרם,מיה תעשיות מזון מ.ת.מ. ב,500 גרם,Other
7290002319191,עדשים ירוקות 500 גרם מיה,מיה,500 גרם,Other
7290002319207,כוסמת 500 גרם מיה,מיה,500 גרם,Other
7290002319221,חיטה 500 גרם,מיה תעשיות מזון מ.ת.מ. ב,500 גרם,Other
7290002319375,קורנפלור 200 גרם מיה,מיה,200 גרם,Other
7290002319689,סודה לשתיה צנצנת 150 גרם,מיה תעשיות מזון,150 גרם,Drinks
7290002319825,אבקת סוכר 100 גרם,מיה,100 גרם,Other
7290002327028,גחנון 650 גרם,אופרה,650 גרם,Other
7290002327042,"בורקס תפו""א 800 גרם",אופרה,800 גרם,Prepared
7290002327059,"בצק עלים 1 ק""ג",אופרה,1 קילוגרם,Other
7290002327066,קונכיות בצק למילוי,אופרה,625 גרם,Other
7290002327073,בורקס גבינה 800 גרם,אופרה,800 גרם,Dairy
7290002327912,בורקס מיני גבינה 700 גרם,אופרה,700 גרם,Dairy
7290002331124,נביעות טעם תפוח עדין500מ,---,500 מיליליטר,Fruit
7290002331155,נביעות ט.אפרסק עדין 500מ,---,500 מיליליטר,Fruit
7290002331360,נביעות+פקק טו גו 6*500מ,החברה המרכזית לייצור משק,3 ליטר,Other
7290002331421,נביעות פקק טו גו 6*755מ,החברה המרכזית לייצור משק,4.53 ליטר,Other
7290002331483,"נביעות בייבי 6*320 מ""ל",החברה המרכזית לייצור משק,1.92 ליטר,Other
7290002331490,נביעות מים מינרלים 1 ל,החברה המרכזית לייצור משק,1 ליטר,Drinks
7290002333456,גריסי פנינה אורגני 500גר,אול אורגני,500 גרם,Other
7290002333500,עדשים אדומים אורגני500גר,אול אורגני,500 גרם,Other
7290002333692,דוחן אורגני הרדוף 500גרם,אול אורגני,500 גרם,Other
7290002345022,אנטריקוט דק דק אל גאוצו,"טיבון ויל אחזקות בע""מ",250 גרם,Other
7290002353836,סרדינ.בשמן זית רוברט115ג,קונסרבס פורטוגל נורטה,115 גרם,Other
7290002360155,חליטת שומר 20 * 2 גרם,טיקנה גי.אם.בי.אייג,40 גרם,Other
7290002360278,תה צמחים מנטה 20שק*2.25ג,טיקנה גי.אם.בי.אייג,45 גרם,Drinks
7290002360285,חליטת קמומיל 20 שק*1.5ג,טיקנה,30 גרם,Other
7290002374640,שמן קנולה פלוס אומגה3 1ל,שמן תעשיות,1 ליטר,Sauces & Spreads
7290002453352,נקנקיות אייריש חלק,"זהר בשר עופות ובשר בע""מ",330 גרם,Meat & Fish
7290002453376,נקנקיות סיצליאניות חלק,"זהר בשר עופות ובשר בע""מ",330 גרם,Meat & Fish
7290002453406,נקנקיות פורט חלק,"זהר בשר עופות ובשר בע""מ",330 גרם,Meat & Fish
7290002453529,אנטריקוט בורגר 400 גרם,"זהר בשר עופות ובשר בע""מ",400 גרם,Meat & Fish
7290002453697,קבב אנטריקוט קצבים,---,400 גרם,Meat & Fish
7290002472087,עוגת פס שוקולד,סהרון,600 גרם,Snacks
7290002472094,עוגת פס קרמשניט 600 גרם,סהרון,600 גרם,Other
7290002472117,עוגת פס קפוצינו,סהרון,600 גרם,Other
7290002472148,עוגת פס היער השחור,סהרון,600 גרם,Other
7290002472186,עוגת מאפין שוקו ציפס550,סהרון,1 יחידות,Snacks
7290002472193,עוגת מאפין שוקו 550 גרם,סהרון,1 יחידות,Drinks
7290002472223,עוגת מאפין תפוז 550 גרם,סהרון,1 יחידות,Fruit
7290002472254,עוגת מאפין אגוזים 550גרם,סהרון,1 יחידות,Other
7290002472261,"עוגת מאפין תפו""ע 550 גרם",סהרון,500 גרם,Other
7290002472841,עוגת סבתא בטעם שוקולד720,"גידרון תעשיות בע""מ",720 גרם,Snacks
7290002507604,פיצה השף מאיטלה שגב 320,סוילה אס.אר.אל,320 גרם,Prepared
7290002512004,מלוואח צנעני 900 גרם,צנעני,900 גרם,Prepared
7290002512011,גחנון צנעני 900 גרם,צנעני,900 גרם,Other
7290002515371,אל סבון קלאסיק 1 ליטר,פישר מעבדות פרמצבטיות בע,1 ליטר,Other
7290002517290,קינמון טחון 40 גרם,תבליני טעם וריח,40 גרם,Other
7290002517337,אורגנו עלים 20 גרם בשקית,תבליני טעם וריח,20 גרם,Other
7290002517566,תערובת תיבול לדג 80 גרם,תבליני טעם וריח,80 גרם,Other
7290002517801,צילי כתוש חריף 30 גרם,תבליני טעם וריח,30 גרם,Other
7290002517825,פלפל לבן טחון 40 גרם,תבליני טעם וריח,40 גרם,Dairy
7290002517863,ציפורן טחון 40 גרם,תבליני טעם וריח,40 גרם,Other
7290002564928,נטיפי ציפס שוקולד 250 ג,---,250 גרם,Snacks
7290002577492,פילה דג הרינג בשמן 240גר,---,240 גרם,Meat & Fish
7290002577508,פילה הרינג בשמן+בצל 240ג,דלידג - נטו,240 גרם,Meat & Fish
7290002587200,חטיפי כרובית,"שלושת האופים בע""מ",450 גרם,Vegetables
7290002603474,פיצה איטלקית+פטריו200שגב,שגב,200 גרם,Prepared
7290002603481,פיצההשף מאיטליה פסטועגבנ,שגב,200 גרם,Prepared
7290002603498,פיצת השף מאיטליהאנטיפסטי,שגב,220 גרם,Other
7290002603504,פיצתהשף מאיטליה 220 גרם,שגב,220 גרם,Other
7290002692393,שמן קנולה+ויטמיןE ל1,שמן תעשיות,1 ליטר,Sauces & Spreads
7290002692768,תרסיס ש.קנולה עץ הזית200,קומפניה אלימנטרה,200 מיליליטר,Other
7290002692782,"תרסיס שמן זית 150 מ""ל",קומפניה אלימנטרה,150 מיליליטר,Sauces & Spreads
7290002703655,סילאן בקבוק לחיץ 385 גרם,מכוורת עין חרוד,385 גרם,Sauces & Spreads
7290002703679,סילאן בצנצנת 900 גרם,מכוורת עין חרוד,900 גרם,Sauces & Spreads
7290002703716,סילאן בקבוק לחיץ 580 גרם,עין חרוד מאוחד,580 גרם,Sauces & Spreads
7290002703747,דבש אורגני מפרחי בר500גר,מכוורת עין חרוד,500 גרם,Sauces & Spreads
7290002703754,"דבש אורגני מפרחי בר 1ק""ג",מכוורת עין חרוד,1000 גרם,Sauces & Spreads
7290002715504,ארוחת נודלס בטעם עוף70ג,,70 גרם,Meat & Fish
7290002715511,ארוחת נודלס בטעם בשר 70,,70 גרם,Meat & Fish
7290002715528,ארוחת נודלס בטעם ירקות70,,70 גרם,Vegetables
7290002715580,ארוחת נודלס טום יאם70ג,,70 גרם,Other
7290002730262,פלמוליב לכלים ירוק 750מ,קולגייט-פלמוליב,750 מיליליטר,Other
7290002752332,סוכ.מנטוס טעם פירות37.5ג,מנטוס,37 גרם,Fruit
7290002752349,סוכ. מנטוס מנטה 37.5 גרם,פרפטי ואן מלה,37 גרם,Other
7290002752493,סוכריות מנטה4*16ג טיק-טק,"פררו דרום אפריקה בע""מ",64 גרם,Snacks
7290002753223,סוכריות תפוז4*16ג טיק-טק,"פררו דרום אפריקה בע""מ",64 גרם,Snacks
7290002753995,סט דרזה צבעוני קישוט150,וורנר טורנש,150 גרם,Other
7290002757139,מלאווח תימני700ג 3האופים,אופרה,700 גרם,Other
7290002757146,קובה חמוסטה 1קג,"שלושת האופים בע""מ",1000 גרם,Other
7290002759164,מארז בייגלה ירושלמי 3יח,"גידרון תעשיות בע""מ",1 יחידות,Other
7290002759225,מארז4יח שבלול עם צימוקים,"גידרון תעשיות בע""מ",1 יחידות,Other
7290002759478,מארז4יח חצי גבטה,"גידרון תעשיות בע""מ",1 יחידות,Other
7290002759522,מארז4 לחמניית חלה מתוקה,"גידרון תעשיות בע""מ",1 יחידות,Other
7290002766056,עגבניות שרי תמר,קטיף.,460 גרם,Vegetables
7290002768043,מי פה תיאדנט+פלאוריד150מ,קוסמופארם,150 מיליליטר,Other
7290002771357,קפה קלוי וטחון עם הל200ג,סוגת,200 גרם,Drinks
7290002771364,קפה קלוי וטחון בלי הל200,סוגת,200 גרם,Drinks
7290002771388,קפה שחור+הל 100ג אל נחלה,סוגת,100 גרם,Drinks
7290002771395,קפה שחור 100ג אל נחלה,סוגת,100 גרם,Drinks
7290002782131,דאודורנט פ.רוזנבלום150מל,"ביסקול פארם בע""מ",150 מיליליטר,Other
7290002782759,"קרם גוף מס2 פנינה340מ""ל",א.ל ארמן,340 מיליליטר,Other
7290002814016,מסיר שומנים קר750 מוריץ,"קומפלקס כימיקלים בע""מ",750 מיליליטר,Other
7290002814078,אנטרטיק לניקוי אמבטיה1ל,"קומפלקס כימיקלים בע""מ",1 ליטר,Other
7290002814221,ס.אסלה לבנדר3*50סנטמוריץ,"בריי, איסטנבול",150 גרם,Other
7290002814290,קצף אקונומיקה בלאנקו 1 ל,"קומפלקס כימיקלים בע""מ",1 ליטר,Other
7290002814610,מסיר שומנים לימון1ליטר,"קומפלקס כימיקלים בע""מ",1 ליטר,Fruit
7290002814825,כדוריות אסלה אוקינוס3*50,"קומפלקס כימיקלים בע""מ",150 גרם,Other
7290002814832,כדוריות אסלה לבנדר 3*50,"קומפלקס כימיקלים בע""מ",150 גרם,Other
7290002814849,3ס.אסלה אוקינוס סנטמוריץ,"בריי, איסטנבול",120 גרם,Other
7290002814900,כדוריות אסלה לימון 3*50,"קומפלקס כימיקלים בע""מ",150 גרם,Fruit
7290002824183,גבינת סקי 5%שומן 500ג,"שטראוס בריאות בע""מ",500 גרם,Dairy
7290002824466,יוגורט ביו 0% דנונה 200ג,"שטראוס בריאות בע""מ",200 גרם,Dairy
7290002824640,גב.סקי5%לבנה מעודנת250ג,"שטראוס בריאות בע""מ",250 גרם,Other
7290002862000,אריסה תוניסאית 250 גרם,הררית,250 גרם,Other
7290002862017,שום כתוש 250 גרם,הררית,250 גרם,Other
7290002862031,אריסה חריפה 250 גרם,הררית,250 גרם,Other
7290002862055,פלחי לימון כבוש 250 גרם,,250 גרם,Fruit
7290002862093,סלט חזרת 250 גרם,הררית,250 גרם,Prepared
7290002862123,סחוג ירוק 150 גרם,הררית,150 גרם,Other
7290002862277,ממרח לימון כבוש 200 גרם,הררית,200 גרם,Sauces & Spreads
7290002862338,סחוג אדום 150 גרם,הררית,150 גרם,Other
7290002862369,עמבה בצנצנת 250 גרם,,250 גרם,Other
7290002868996,קוטג 5% שומן 250ג טרה,---,250 גרם,Dairy
7290002871248,"טובורג רד בק.חוזר 500מ""ל",---,500 מיליליטר,Other
7290002871361,בירה קרלסברג בק.חוזר500מ,---,500 מיליליטר,Drinks
7290002881230,חתיכות אננס בסירופ קל830,---,830 גרם,Fruit
7290002881247,אננס פרוס 820 גרם,---,820 גרם,Fruit
7290002881254,קוקטייל פירות טרופים820ג,סאנרייז אגריקלטור,820 גרם,Fruit
7290002881278,אפרסק חצאים 820 גרם,---,820 גרם,Fruit
7290002881735,לבבות דקל שלמים במי מלח,אינדטרופ אס.אי,400 גרם,Other
7290002881940,סרדין מרוקאי בש.סויה125,אטלנטיק,125 גרם,Other
7290002881957,סרדין מרוקאי חריף125תומר,אטלנטיק,125 גרם,Other
7290002881964,סרדין מרוקאי+רוטב125תומר,אטלנטיק,125 גרם,Sauces & Spreads
7290002904694,דאו.טיטניום תרסיס 180 מל,אמיליה קוסמטיקס,180 מיליליטר,Other
7290002927198,בשר בקר טחון קפוא,"זהר בשר עופות ובשר בע""מ",500 גרם,Frozen
7290002954026,"שמן תירס ""שוקחה"" 3 ליטר",איי.די.אם אנטוורפאן. וי,3 ליטר,Sauces & Spreads
7290002986058,פתי בר וניל 470 גרם,אם החיטה,470 גרם,Other
7290002986065,פתי בר בטעם שוקולד 470גר,אם החיטה,470 גרם,Snacks
7290003009183,"סירופ תפוחים דיאט 750מ""ל",---,750 מיליליטר,Fruit
7290003009596,סירופ אשכוליות דיאט750מל,---,750 מיליליטר,Other
7290003009640,מיץ תפוזים סחוט 1 ליטר,גת,1 ליטר,Drinks
7290003026036,אל סבון סנסיטיב קמיל 1 ל,פישר מעבדות פרמצבטיות בע,1 ליטר,Other
7290003026197,שמן טיפולי קמיל בלו,BIO FISHER CHEMIPAL),500 מיליליטר,Sauces & Spreads
7290003026227,שמפו אל דמע קמיל בלו 1לי,BIO FISHER CHEMIPAL),1 ליטר,Other
7290003026234,קרם גוף קמיל בלו 500 גרם,BIO FISHER CHEMIPAL),500 גרם,Other
7290003026319,משחה לתינוק קמיל בלו120ג,BIO FISHER CHEMIPAL),120 גרם,Other
7290003029181,שוקו בבקבוק 1 ליטר יטבתה,מחלבת יטבתה,1 ליטר,Drinks
7290003029372,משקה בננה בקבוק 1ל יטבתה,מחלבת יטבתה,1 ליטר,Drinks
7290003029389,משקה בננה יטבתה+פקק 250מ,מחלבת יטבתה,250 מיליליטר,Drinks
7290003029433,"שוקו עם פקק250 מ""ל יטבתה",מחלבת יטבתה,250 מיליליטר,Drinks
7290003029532,משקה מוקה1ליטר יטבתה,מחלבת יטבתה,1 ליטר,Drinks
7290003029792,שוקו בשקית8*225מ יטבתה,מחלבת יטבתה,1.8 ליטר,Drinks
7290003029815,חלב מועשר3% כד 2ל,מחלבת יטבתה,2 ליטר,Dairy
7290003029907,משקה אייס קפה 1ל יטבתה,מחלבת יטבתה,1 ליטר,Drinks
7290003054183,לחם שיפון מלא מסטמכר500ג,מסטמאכר,500 גרם,Other
7290003054657,חרדל אקסטרא פורטה 370גרם,ריין דיזון,370 גרם,Sauces & Spreads
7290003060009,"קמח חיטה לבן בהיר 1 ק""ג",,1 קילוגרם,Dairy
7290003069590,פילה דג סול (פוטית) קפוא,נטו,1000 גרם,Frozen
7290003107216,"קמח לבן 1 ק""ג",טחנת קמח דגן לישראל,1 קילוגרם,Dairy
7290003107223,"סולת 1 ק""ג",טחנת קמח דגן לישראל,1 קילוגרם,Other
7290003107247,שמרים יבשים אינסטנט33גרם,"שטיבל בע""מ",33 גרם,Other
7290003107353,משפר אפייה ביתי 30 גרם,"שטיבל בע""מ",30 גרם,Other
7290003107360,"קמח לבן בהיר מנופה 1ק""ג","שטיבל בע""מ",1 קילוגרם,Dairy
7290003107513,"קמח עוגה תופח 1 ק""ג",---,1000 גרם,Snacks
7290003126712,יוגורט עיזים ביו 3% 150ג,---,150 גרם,Dairy
7290003143146,ממרח תמרים 450ג קליית גת,"טעמי הגליל בע\""מ",450 גרם,Sauces & Spreads
7290003158591,מארז4יח לחמניית חלה קלה,"גידרון תעשיות בע""מ",1 יחידות,Other
7290003158850,מארז5יח לחמניית המבורגר,,1 יחידות,Meat & Fish
7290003189076,פיצרלה מגורדת22% 500 גרם,צי תעשיות מזון יבנה,500 גרם,Other
7290003224142,"מאמאמרי בלינצס תפ""וא400","מאמא מרי בע""מ",400 גרם,Other
7290003224159,מאמא מרי בלינצס בשר400ג,"מאמא מרי בע""מ",400 גרם,Meat & Fish
7290003224609,כיסונים בקר מאמא מרי800ג,"מאמא מרי בע\""מ",800 גרם,Meat & Fish
7290003224661,"כיסונים תפו""א ובצל מטוגן","מאמא מרי בע""מ",800 גרם,Vegetables
7290003224708,מאמאמרי בלינצס גבינה400ג,"מאמא מרי בע\""מ",400 גרם,Dairy
7290003224784,בלינצס דובדבנים 400גרם,"מאמא מרי בע\""מ",400 גרם,Other
7290003224845,"כיסונים תפו""א+פטריות800ג","מאמא מרי בע""מ",800 גרם,Vegetables
7290003268245,חלה מיוחדת מתוקה ארוז500,דגנית עין בר תעשיות מזון,500 גרם,Other
7290003268252,לחם חיטה מלא לילדים750ג,דגנית עין בר תעשיות מזון,750 גרם,Other
7290003268429,לחם ירוק מקמח מלא 750 גר,דגנית עין בר תעשיות מזון,750 גרם,Other
7290003268641,"חלה ""המיוחדת של עינת""",דגנית עין בר תעשיות מזון,500 גרם,Other
7290003310555,מאגדת טילון קרם עוגיות4י,מוצרי איכות אמריקאיים,400 גרם,Snacks
7290003387205,ספיד סטיק לגבר 56 גר,קולגייט-פלמוליב,56 גרם,Other
7290003387410,פדים להסרת איפור 3*80 יח,ספטונה,1 יחידות,Meat & Fish
7290003401376,קרם לשיער רגיל/יבש400מ,קוסמופארם,400 מיליליטר,Other
7290003450602,ממרח חרדל צהוב 255 גרם,היינץ,255 גרם,Sauces & Spreads
7290003457991,מאגדת קורנטו וניל 6*63ג,"גלידת שטראוס בע""מ",378 גרם,Frozen
7290003495023,מאפה שקדים חלבי אישי,סהרון,1 יחידות,Dairy
7290003495825,בייגלה טוסט לבן מארז 4יח,,1 יחידות,Dairy
7290003514007,שקדי מרק 400 גרם,"מנה י.א בע""מ",400 גרם,Prepared
7290003520572,מטריות חרוב 6 יחידות,,54 גרם,Other
7290003578061,לבבות דקל שלם400 ויליפוד,,400 גרם,Other
7290003578108,חתיכות אננס בסירופ 850ג,,850 גרם,Fruit
7290003578177,תירס גמדי שלם410 ויליפוד,,410 גרם,Vegetables
7290003643004,אורז בסמטי קלאסי1ק סוגת,סוגת,1 קילוגרם,Other
7290003643325,קוסקוס בינוני 350ג סוגת,"אסיף תעשיות מזון בע""מ",350 גרם,Other
7290003643387,סוכר לבן צנצנת 1ק סוגת,סוגת,1 קילוגרם,Dairy
7290003643684,אפונה 500 גרם סוגת,סוגת,500 גרם,Other
7290003643714,חומוס 500 גרם סוגת,סוגת,500 גרם,Sauces & Spreads
7290003643745,כוסמת 500 גרם סוגת,סוגת,500 גרם,Other
7290003643752,עדשים ירוקות 500ג סוגת,סוגת,500 גרם,Other
7290003643769,עדשים אדומות500ג סוגת,סוגת,500 גרם,Other
7290003643776,תירס לפופקורן 500ג סוגת,סוגת,500 גרם,Snacks
7290003643806,שעועית לבנה 500ג סוגת,סוגת,500 גרם,Other
7290003643820,חומוס ענק 500 גרם סוגת,"סוגת תעשיות בע""מ",500 גרם,Sauces & Spreads
7290003681334,קוקוס מיה 400 גרם,מיה תעשיות מזון מ.ת.מ. ב,400 גרם,Other
7290003681716,גריסי פנינה 500 גרם,מיה תעשיות מזון מ.ת.מ. ב,500 גרם,Other
7290003719259,לחם אקסקלוסיבי שיפ.מלא1ק,"י.את.א.ברמן בע\""מ",1 קילוגרם,Other
7290003726110,טופו אורגני 300 גרם,,300 גרם,Other
7290003726516,טופו קשה משפחתי 500 גרם,"משק ווילר בע""מ",500 גרם,Other
7290003726615,טופו ויילר 300 גרם,"משק ווילר בע""מ",300 גרם,Other
7290003727667,"חומוס מסעדה 1 ק""ג צבר",סלטי צבר,1 קילוגרם,Sauces & Spreads
7290003744428,אובלטים קימל 300 גר,"ברט בע""מ",300 גרם,Other
7290003744855,אובלטים שומשום 300 גרם,"ברט בע""מ",300 גרם,Other
7290003778034,תמרים ללא חרצנים 500 גרם,---,500 גרם,Other
7290003781065,מלפפונים בחומץ צנצנת680ג,ריביאנה,680 גרם,Sauces & Spreads
7290003781850,גבינת קשקבל פרוס200 אירו,סאסו פטוראגס,200 גרם,Dairy
7290003804320,תיבוליות קנור 72גר,יוניליוור ישראל מזון,72 גרם,Other
7290003804368,תיבוליות בזיליקום קנור72,יוניליוור ישראל מזון,72 גרם,Other
7290003804382,תיבוליות פטריות קנור 72ג,יוניליוור ישראל מזון,72 גרם,Vegetables
7290003805501,קרקר פתית שוודי 300 גרם,יוניליוור ישראל מזון,300 גרם,Snacks
7290003806591,דאב ספריי מלפפון 150מל,"יוניליוור UK, בריטניה.",150 מיליליטר,Vegetables
7290003864478,סרדינים בשמן סויה 120 גר,,120 גרם,Other
7290003864485,סרדינים ברוטב עגבניות120,,120 גרם,Sauces & Spreads
7290003864492,סרדין בשמן צמחי+צילי120,,120 גרם,Other
7290003882922,עלי גפן ממולאים אורז400ג,,400 גרם,Other
7290003903955,שוק.חלב+קרם חלב100ג עלית,"שטראוס גרופ בע""מ",100 גרם,Dairy
7290003989539,רביולי עם גבינה 400 גרם,"שטראוס גרופ בע""מ",400 גרם,Dairy
7290003989553,טורטליני פטריות400שטראוס,"שטראוס גרופ בע""מ",400 גרם,Vegetables
7290004011284,בסיס להכנת קצפת 212מ ריצ,נטו,212 מיליליטר,Other
7290004011291,בסיס להכנת קצפת 425מ ריצ,נטו,425 מיליליטר,Other
7290004011338,"קצפת ריצ במיכל 250 מ""ל",נטו,250 מיליליטר,Other
7290004011345,קצפת מתוקה פרווה 250 גרם,,250 גרם,Other
7290004011819,בורגר אנטריקוט360 אלגאצו,"טיבון ויל אחזקות בע""מ",360 גרם,Other
7290004011826,מיני המבורגר אלגאוצו320,"טיבון ויל אחזקות בע""מ",320 גרם,Meat & Fish
7290004023041,לחם מחמצת שיפון 750ג מרק,,750 גרם,Prepared
7290004030018,"מיץ לימון לתיבול 500 מ""ל",,500 מיליליטר,Drinks
7290004030100,מיץ תפוזים ולנסיה 1 ליטר,---,1 ליטר,Drinks
7290004030216,נקטר חמוציות 1 ליטר,פריניב,1 ליטר,Other
7290004030223,מיץ תפוחים סחוט 100% 1 ל,,1 ליטר,Drinks
7290004030407,מיץ חמוציות טבעי,פרי ניב,1 ליטר,Drinks
7290004030544,משקה קל לימונענע 1 ליטר,פריניב,1 ליטר,Drinks
7290004030612,משקה קל תפוח קווי אגס1ל,,1 ליטר,Drinks
7290004030834,מיץ רימונים100% סחוט 1ל,,1 ליטר,Drinks
7290004033361,לחמניות עננים 10יח*60ג,מאפית ברמן,600 גרם,Other
7290004033521,4 לחמניות המבורגר בריוש,ביכורים,400 גרם,Meat & Fish
7290004033569,לחם פרנה 400 ג,דור -אל,400 גרם,Other
7290004033583,לחמניות חלומית 4*90 גרם,"י.את.א.ברמן בע\""מ",360 גרם,Other
7290004033651,לחמניות הבורגריה 4*100ג,מאפית ודש,400 גרם,Other
7290004033736,לחם עננים סגנון בריוש500,מאפית ברמן מקבוצת י. את,500 גרם,Other
7290004033750,לחמניות מתוקות בריוש,מאפית ודש,360 גרם,Other
7290004048679,קובה למרק 1 קג,"שלושת האופים בע""מ",1000 גרם,Prepared
7290004064099,מטחנת מלח הימלאיה250ג,"חברת מלח הארץ אילת בע""מ",250 גרם,Other
7290004064174,"מלח דק הימלאיה 1 ק""ג","חברת מלח הארץ אילת בע""מ",1 קילוגרם,Other
7290004064181,מלח הארץ גס הימלאיה 1ק,"חברת מלח הארץ אילת בע""מ",1 קילוגרם,Other
7290004064297,מלח הארץ+יוד בצנצנת 1קג,"חברת מלח הארץ אילת בע""מ",1 קילוגרם,Other
7290004064389,מלח הארץ הימלאיה דק 250ג,"חברת מלח הארץ אילת בע""מ",250 גרם,Other
7290004068011,יוגורט כבשים 600 גרם,,600 גרם,Dairy
7290004068028,"ציזיקי לשתיה 500 מ""ל",,500 מיליליטר,Other
7290004068035,"אירן משקה יוגורט 500 מ""ל",,500 מיליליטר,Drinks
7290004068172,יוגורט עיזים גד בדלי600ג,,600 גרם,Dairy
7290004078263,בלונס צימרונים 2*200 יחי,ספטונה,1 יחידות,Meat & Fish
7290004078942,ליידי ספיד סטיק גל 65 ג,קולגייט-פלמוליב,65 גרם,Other
7290004119133,יוגורט בכד6.5% 1.5 ליטר,מחלבת אלון תבור,1.5 ליטר,Dairy
7290004120061,"מעדן קרלו שוניל3% 125מ""ל",מחלבת אלון תבור,125 גרם,Dairy
7290004122119,פתיתי פרמזן לפסטה 100גרם,"תנובה בע""מ",100 גרם,Other
7290004122195,גוש חלב פרוס28% 200מהדרי,"תנובה בע""מ",200 גרם,Dairy
7290004122270,גב.צהובה עמק פרוס28% 200,"תנובה בע""מ",200 גרם,Other
7290004122348,גבינת עמק 9% פרוס 200 גר,"תנובה בע""מ",200 גרם,Dairy
7290004122676,גבינת חמד לייט 5% 250 גר,"תנובה בע""מ",250 גרם,Dairy
7290004122683,אצבעות ג.צהובה עמק172גר,"תנובה בע""מ",172 גרם,Other
7290004124847,קצפת צמחית השף הלבן500מל,סוי מגיק,500 מיליליטר,Other
7290004125370,שמנת חמוצה9% 200מל תנובה,"תנובה בע""מ",200 מיליליטר,Dairy
7290004125400,"אשל מהדרין 4.5% 200 מ""ל","תנובה בע""מ",200 מיליליטר,Dairy
7290004125417,"גיל 3% מהדרין 200מ""ל","תנובה בע""מ",200 מיליליטר,Dairy
7290004125455,שמנת חמוצה15% 200מ תנובה,"תנובה בע""מ",200 מיליליטר,Dairy
7290004125509,שמנת חמוצה15% חצי מנה100,"תנובה בע""מ",100 מיליליטר,Dairy
7290004125578,משקה סויה אלטרנטיב 1ליטר,סוי מגיק,1 ליטר,Drinks
7290004125585,משקה סויה בטעם וניל 1 לי,סוי מגיק,1 ליטר,Drinks
7290004125721,שמנת בישול15%-שף לבן250מ,"תנובה בע""מ",250 מיליליטר,Dairy
7290004125738,שמנת להקצפה32%-שף לבן250,"תנובה בע""מ",250 מיליליטר,Dairy
7290004125776,גב.עמק פרוס 28%קופסא400ג,"תנובה בע""מ",400 גרם,Other
7290004126674,גבינה צהובה לייט9% 200גר,"תנובה בע""מ",200 גרם,Dairy
7290004126872,"שוקו בבקבוק 250מ""ל תנובה","תנובה בע""מ",250 מיליליטר,Drinks
7290004127077,קוטג תנובה 3% שומן 250,מחלבת אלון תבור,250 גרם,Dairy
7290004127329,קוטג 5% 250 גרם בעלז,מחלבת אלון תבור,250 גרם,Dairy
7290004127336,קוטג תנובה 9% שומן 250ג,מחלבת אלון תבור,250 גרם,Dairy
7290004127800,גב.לבנה 5% שומן 500 גרם,מחלבת אלון תבור,500 גרם,Dairy
7290004127862,גבינה לבנה 5% 750 גרם,מחלבת אלון תבור,750 גרם,Dairy
7290004128432,פתיתי גבינה השף הלבן500ג,"תנובה בע""מ",500 גרם,Dairy
7290004129101,גב.נפולאון טעם טבעי 225ג,מחלבת אלון תבור,225 גרם,Dairy
7290004129118,גבי.נפולאון24%+זיתים225ג,מחלבת אלון תבור,225 גרם,Dairy
7290004129156,גב.נפולאון שום-שמיר 225ג,מחלבת אלון תבור,225 גרם,Dairy
7290004129545,גבינה לבנה3% 250ג תנובה,מחלבת אלון תבור,250 גרם,Dairy
7290004130794,משקה סויה במתיקות מופחתת,סוי מגיק,1 ליטר,Drinks
7290004131074,חלב בקרטון 3% שומן 1 ל,"תנובה בע""מ",1 ליטר,Dairy
7290004132552,משקה סויה לייט 1ל,סוי מגיק,1 ליטר,Drinks
7290004132712,אצבעות מוצרלה עמק 172גרם,"תנובה בע""מ",172 גרם,Dairy
7290004135225,מעדן דיאט שוקולד0.2% 150,מחלבת אלון תבור,150 גרם,Snacks
7290004136598,מארז הפסקת אוכל,"תנובה בע""מ",1 יחידות,Other
7290004136857,גלי פטל 125 גרם תנובה,סוי מגיק,125 גרם,Other
7290004137021,שמנת לבישול 10%שומן250מ,"תנובה בע""מ",250 מיליליטר,Dairy
7290004137311,גבינת עמק 9% 400 גרם,"תנובה בע""מ",400 גרם,Dairy
7290004170097,עוגת קרנץ שוקולד 600 גר,סהרון,600 גרם,Snacks
7290004170103,עוגת קרנץ אגוז+קינמון600,סהרון,600 גרם,Other
7290004170141,בורקס גבינה גדול 160 גרם,"גידרון תעשיות בע""מ",160 גרם,Dairy
7290004199203,300 קסמי שיניים מלחיה,H.G.W PRODUC,1 יחידות,Other
7290004199784,כפפות לטקס סייב טאץ 100,אינטרסן,1 יחידות,Other
7290004199791,כפפות לטקס סייב טאץ 100,אינטרסן,1 יחידות,Other
7290004199807,כפפות לטקס סייב טאץ 100,אינטרסן,1 יחידות,Other
7290004219079,לבבות דקל פרוסות 400 גרם,אלימנטוס אי קונסרבס,400 גרם,Other
7290004219277,אנשובי ארוך בצנצנת 78ג,פלוט אס.פי.איי,78 גרם,Other
7290004219505,פלפלים אדומים קלויים650ג,קוראהן פזלרמה וי דיס אי.,650 גרם,Vegetables
7290004225285,בסגנון דנאבלו 100 גרם,,100 גרם,Other
7290004228804,עלי בצק למילוי סיגרים 45,"שלושת האופים בע""מ",450 גרם,Other
7290004230371,מקלות בורקס פילו פיצה600,שגב,600 גרם,Prepared
7290004230944,מקלות בורקס פילו גבינה60,"שלושת האופים בע""מ",600 גרם,Dairy
7290004324605,מון בלאן גב.כחולה7% 120ג,"שלושת האופים בע""מ",120 גרם,Other
7290004339173,המבורגר קינואה 400 גרם,,400 גרם,Meat & Fish
7290004339401,המבורגר אורז עדשים400גרם,,400 גרם,Meat & Fish
7290004339425,שווארמה מן הצומח 350 גרם,,350 גרם,Other
7290004339432,סייטן בסגנון טבעי 500 גר,,500 גרם,Other
7290004339456,סטייק מהצומח פרוס דק 250,---,250 גרם,Other
7290004339463,נתח עסיסי סגנון סטייק 30,---,300 גרם,Other
7290004339692,סייטן קפוא ביתי 500 גרם,,500 גרם,Frozen
7290004339784,המבורג.ניויורק על האש400,,400 גרם,Other
7290004494315,"דלתון כנען מוסקאטו750מ""ל",יקב דלתון,750 מיליליטר,Other
7290004494384,דלתון רוזה אסטייט 750 מל,"יקב דלתון בע\""מ",750 מיליליטר,Other
7290004537272,פול שדה בשקית 800 גרם,לינאי,800 גרם,Other
7290004554903,פנטסיה שוקו וניל פרווה1ל,"גלידת שטראוס בע""מ",1 ליטר,Frozen
7290004584306,סופר גמדים תות בננה4*100,"שטראוס בריאות בע""מ",400 גרם,Fruit
7290004584351,גב.סימפוניה 5% 200 גרם,"שטראוס בריאות בע""מ",200 גרם,Other
7290004584528,יוגורט ביו 1.7%דנונה200ג,"שטראוס בריאות בע""מ",200 גרם,Dairy
7290004585907,דני וניל 1.5% שומן 125 ג,"שטראוס בריאות בע""מ",125 גרם,Other
7290004639006,קוסקוס ביתי מוקפא 800 גר,מטעמי פאר,800 גרם,Other
7290004645632,דג אמנון שלם קפוא 400 גר,רוזנרס,1 יחידות,Frozen
7290004658953,"סוביניון בלאן P.C 750מ""ל",יקבי כרמל,750 מיליליטר,Other
7290004685010,לחם מחמצת שיפון קל 500 ג,"י.את.א.ברמן בע\""מ",500 גרם,Other
7290004685027,לחם מחמצת וחיטה מלאה500,"י.את.א.ברמן בע\""מ",500 גרם,Other
7290004685089,לחם חמניות 500 גרם,מאפית ברמן,500 גרם,Other
7290004685126,לחם הארץ חמישה דגנים750ג,"י.את.א.ברמן בע\""מ",750 גרם,Other
7290004685157,לחם שיפון 100%פרוס 750ג,"י.את.א.ברמן בע\""מ",750 גרם,Other
7290004685195,לחם 10 דגנים פרוס 750גרם,"י.את.א.ברמן בע\""מ",750 גרם,Other
7290004685201,לחם הארץ שיפון אגוזים500,"י.את.א.ברמן בע\""מ",500 גרם,Other
7290004685225,לחם פומפרניקל 750 גרם,"י.את.א.ברמן בע\""מ",750 גרם,Other
7290004685430,לחם הארץ כוסמין100% 500ג,"י.את.א.ברמן בע\""מ",500 גרם,Other
7290004685447,לחמניות כוסמין 6יח 450ג,מאפית ברמן מקבוצת י. את,450 גרם,Other
7290004685478,10פיתות כוסמין550לחםהארץ,"מאפיית אורן משי בע""מ",550 גרם,Fruit
7290004685492,לחם הארץ גלילי קל 750 גר,"י.את.א.ברמן בע\""מ",750 גרם,Other
7290004737443,קוקטייל פירות 820 גרם,גיאנגסו יואהו פוד קו א,820 גרם,Fruit
7290004737719,אספרגוס לבן שלם מקולף330,הייז סאנקוינג פוד קו,330 גרם,Dairy
7290004846695,קבבוני השוק 800 גרם,"זהר בשר עופות ובשר בע""מ",800 גרם,Meat & Fish
7290004846763,המרגז של אוראל 400 גרם,"זהר בשר עופות ובשר בע""מ",400 גרם,Meat & Fish
7290004846909,המבורגר אסאדו 400 גרם,המבורגר אסאדו מוצר בשר ב,400 גרם,Meat & Fish
7290004846916,המבורגר אנטריקוט 400 גרם,"זהר בשר עופות ובשר בע""מ",400 גרם,Meat & Fish
7290004846923,קבב אסאדו 400 גרם,"זהר בשר עופות ובשר בע""מ",400 גרם,Meat & Fish
7290004952136,קמח כוסמין מלא אורגני1קג,טחנת קמח יפו,1 קילוגרם,Other
7290004952785,פריכיות כוסמת דק.ארגנ100,,100 גרם,Other
7290004952792,פריכיות אורז דק.ארגני100,הרדוף,100 גרם,Other
7290005020162,"וויסקי בלנטיין 700 מ""ל",,700 מיליליטר,Other
7290005020346,"רום בקרדי לבן 750 מ""ל",,750 מיליליטר,Dairy
7290005082962,פרצל,"גידרון תעשיות בע""מ",1 יחידות,Other
7290005082979,חלה דגנים קלועה 500 גרם,"גידרון תעשיות בע""מ",500 גרם,Other
7290005095245,נרות שבת 72 יחידות,HQP,1 יחידות,Other
7290005095467,נרות שבת 4 יחידות,משווק על ידי HQP,1 יחידות,Other
7290005095474,נרות שבת 6 יחידות,HQP,1 יחידות,Other
7290005095481,נרות שבת 8 יחידות 8 יחיד,משווק על ידי HQP,1 יחידות,Other
7290005095498,נרות שבת 10 יחידות,משווק על ידי HQP,1 יחידות,Other
7290005095573,מצת קליפר,,1 יחידות,Other
7290005095801,עמבה 500 גרם,,500 גרם,Other
7290005095931,נרות שבת 20 יחידות,משווק על ידי HQP,1 יחידות,Other
7290005111761,"בונזו בשר 3 ק""ג",united pet food,3 קילוגרם,Meat & Fish
7290005113222,מיקס זיתים 340 גרם,,340 גרם,Other
7290005200786,תפוציפס ט.שמנת ובצל50גר,"פפסיקו הלאס בע""מ",50 גרם,Snacks
7290005201882,קפה טורקי 200 גרם עלית,שטראוס קפה בי.וי.,200 גרם,Drinks
7290005287206,טונה סטארקיסט בשמן4*160ג,תאי יוניון,640 גרם,Meat & Fish
7290005287251,טונה סטארקיסט במים4*160ג,טונה ויאטנם אל.טי.די,640 גרם,Meat & Fish
7290005317194,ביסקוויט בטעם וניל 110 ג,אפיפית,110 גרם,Snacks
7290005317200,קרקר טופז מלח הדר 110 גר,אפיפית,110 גרם,Snacks
7290005416262,"יוג.עיזים תות 500מ""ל טל",,500 מיליליטר,Fruit
7290005416279,"יוג.עיזים פ.יער500מ""ל טל",,500 מיליליטר,Other
7290005416415,יוגורט עזים טבעי 3% 200ג,,200 גרם,Dairy
7290005416491,יוגורט מחלב עיזים 750 מל,,750 מיליליטר,Dairy
7290005418709,קר.לחות נטורל קיבוע תלתל,קרליין,400 מיליליטר,Other
7290005418716,קר.לחות לתלתלים נטורל400,סנו,400 מיליליטר,Other
7290005423635,ריצפז פלוס דוחה תיקנים2ל,סנו,2 ליטר,Other
7290005423734,מרכך מקסימה אולטרה 4 ל,סנו,4 ליטר,Other
7290005425646,סנוקליר ניקוי חלונות 1ל,סנו,1 ליטר,Other
7290005426940,K-300 פלוס8 קוטל חרקי400,סנו,400 מיליליטר,Other
7290005427619,גל אקסטרים ירוק 1קג כיף,קוסמופארם,1 קילוגרם,Other
7290005430602,אוקסיגן מ.כתמ.מרסס 750מ,,750 מיליליטר,Other
7290005431883,מלבי חלבי 165 גרם,עדן קינוחים,165 גרם,Dairy
7290005431906,קדאיף 82 גרם,עדן קינוחים,82 גרם,Other
7290005431913,עוגת גבינה פירורים 92 גר,עדן קינוחים,92 גרם,Dairy
7290005431920,עוגת גב.פירורים לייט78גר,עדן קינוחים,78 גרם,Other
7290005431937,טירמיסו 82 גרם,עדן קינוחים,82 גרם,Other
7290005431968,מלבי שמנת 150 גרם,עדן קינוחים,150 גרם,Dairy
7290005500688,"מסיכה לשיער פנינה 1 ק""ג",א.ל ארמן,1 קילוגרם,Other
7290005559709,בורקס פיצה 700 גרם,"מעדנות בע""מ",700 גרם,Prepared
7290005559990,בצק פילאס תורקי 600 גרם,"מעדנות בע""מ",600 גרם,Other
7290005610509,מארז צנונית (ק),קטיף,400 גרם,Other
7290005651069,"לה קט מיקס 2.85 ק""ג",---,2.85 קילוגרם,Other
7290005651427,מעדני בשר לכלבים בונזו3י,FIDELE SAS,1.2 קילוגרם,Meat & Fish
7290005680052,טמפוני או-בה סופר + 32יח,JOHNSON&JOHNSON,1 יחידות,Other
7290005686405,בננה ציפס 200 גרם,דין שיווק,200 גרם,Snacks
7290005718021,שטרודל גבינה,סהרון,540 גרם,Dairy
7290005718038,"שטרודל תפו""ע",סהרון,540 גרם,Other
7290005838002,דניאלה מעדן גבינה 88 גרם,"שטראוס בריאות בע""מ",88 גרם,Dairy
7290005838613,סקי מעדן גבינה וניל 125ג,"שטראוס בריאות בע""מ",125 גרם,Dairy
7290005838972,גב.סקי 5% 125 גרם,"שטראוס בריאות בע""מ",125 גרם,Other
7290005839078,דנונה ביו 3% 8*150 גרם,"שטראוס בריאות בע""מ",1.2 קילוגרם,Other
7290005839108,גב.סימפוניה 5%+זיתים200ג,"שטראוס בריאות בע""מ",200 גרם,Other
7290005839313,מילקי טופ שוקול.מגולג141,"שטראוס גרופ בע""מ",141 גרם,Drinks
7290005896439,בירה מכבי בקבוק חוזר500מ,,500 מיליליטר,Drinks
7290005896453,בירה מכבי7.9%בק.חוזר500מ,"טמפו משקאות בע""מ",500 מיליליטר,Drinks
7290005938245,פסטו קלאסי 220 גרם,נטו,220 גרם,Other
7290005966088,יין אדום הר חרמון 750 מל,יקב רמת הגולן,750 מיליליטר,Drinks
7290005992018,יוגורט עיזים מלא 3% 500מ,MKN,500 מיליליטר,Dairy
7290005992575,גב.בולגרית למריחה5% 250ג,מחלבות גד,250 גרם,Dairy
7290005992735,גבינת לאבנה 5% 250ג גד,מחלבות גד,250 גרם,Dairy
7290005996009,סלמי גלילי מעושן 400 גרם,מעדני יחיעם\n,400 גרם,Other
7290005996092,סלמי מילאנו יבש 250 גרם,יחיעם,250 גרם,Other
7290005996238,פסטרמה בדבש דק דק יחיעם,יחיעם,120 גרם,Sauces & Spreads
7290005996283,פסטרמה חזה בקר דק דק120ג,יחיעם,120 גרם,Meat & Fish
7290005996290,סלמי איטלקי דק דק יחיעם,יחיעם,120 גרם,Other
7290005996740,סלמי פפרוני 300 גרם,מעדני יחיעם\n,300 גרם,Other
7290006199027,שלגון וניל מצופה תות,פלקו בעמ,600 גרם,Frozen
7290006199942,גלידל דובדבן 8יח,פלקו בעמ,640 גרם,Frozen
7290006229427,מים סאן בנדטו 6*500מל,,3 ליטר,Drinks
7290006241504,פריגת תפוזים מרוכז קפוא,גת,280 מיליליטר,Frozen
7290006241511,פריגת נענע פריז 280 מל,גת,280 מיליליטר,Other
7290006241689,פריגת לימון פריז 280 מל,גת,280 מיליליטר,Fruit
7290006251107,תה מסאלה צאי 25שק*2גרם,ויסוצקי,50 גרם,Drinks
7290006251275,תה ירוק סיני קלאסי25*1.5,ויסוצקי,37 גרם,Drinks
7290006251343,חליטת פסיפלורה+מנגו 25שק,ויסוצקי,62 גרם,Fruit
7290006251374,תה ירוק לימונית+גינגר25,ויסוצקי,37 גרם,Drinks
7290006251589,תה ירוק נענע 50שק*1.5גרם,ויסוצקי,75 גרם,Drinks
7290006256089,גאטו נגרו קברנה סובינ750,פינקה לה סליה,750 מיליליטר,Other
7290006256775,"גאטו נגרו מלבק 750 מ""ל",פינקה לה סליה,750 מיליליטר,Other
7290006265500,פטריות שמפניון-בודד,מרינה,1 יחידות,Vegetables
7290006271174,גחנון בצק לאפיה 700גרם,"מעדנות בע""מ",700 גרם,Other
7290006271181,גחנון אפוי מעדנות 750גר,"מעדנות בע""מ",750 גרם,Other
7290006271648,מיני בורקס תפוא 800,"מעדנות בע""מ",800 גרם,Prepared
7290006271655,מיני בורקס גבינה 800 גרם,"מעדנות בע""מ",800 גרם,Dairy
7290006374738,קונפיטורה תות 340 גרם,"ב.א מזוןבע""מ",340 גרם,Fruit
7290006376718,גלטין טהור 24 גרם,ר.ס. חברה ליבוא וייצור מ,24 גרם,Other
7290006390745,שבלול עם צימוקים,"גידרון תעשיות בע""מ",1 יחידות,Other
7290006390752,חלה מתוקה עגולה,"גידרון תעשיות בע""מ",1 יחידות,Other
7290006391025,ביגלה ירושלמי,"גידרון תעשיות בע""מ",1 יחידות,Other
7290006451477,לחם מחמצת צרפתי 550 גרם,"גידרון תעשיות בע""מ",1 יחידות,Other
7290006451484,לחם מחמצת אגוז+צימוק550ג,"גידרון תעשיות בע""מ",1 יחידות,Other
7290006451491,לחם מחמצת זיתי קלמטה550ג,"גידרון תעשיות בע""מ",1 יחידות,Other
7290006451507,לחם מחמצת כוסמין 550גרם,"גידרון תעשיות בע""מ",1 יחידות,Other
7290006451514,לחם מחמצת דגנים 550 גרם,"גידרון תעשיות בע""מ",1 יחידות,Other
7290006451521,לחם מחמצת שיפון 550 גרם,"גידרון תעשיות בע""מ",1 יחידות,Other
7290006451699,לחם מחמצת עגבניות ובצל .,"גידרון תעשיות בע""מ",1 יחידות,Vegetables
7290006451934,לחם מחמצת אגוזים 550 גרם,"גידרון תעשיות בע""מ",1 יחידות,Other
7290006451996,לחמניית כוסמין .,"גידרון תעשיות בע""מ",1 יחידות,Other
7290006492432,מוצרלה בייבי 150ג גד,מחלבות גד,150 גרם,Dairy
7290006492616,בולגרית פרוס מעודנ5% 250,מחלבות גד,250 גרם,Dairy
7290006492630,גליל גבינת עיזים16% 180ג,מחלבות גד,180 גרם,Dairy
7290006492685,לאבנה עיזים 5%שומן 250גר,מחלבות גד,250 גרם,Dairy
7290006492852,גבינה לבנה 5% עיזים 250ג,מחלבות גד,250 גרם,Dairy
7290006492913,ציזיקי למריחה 5% 250 גרם,,250 גרם,Other
7290006511157,פטריות שמפניון שלמות400ג,,400 גרם,Vegetables
7290006567048,פתיתי קוסקוס 350 גרם,קוסקוס מזון,350 גרם,Other
7290006585042,בסט סכיני גילוח לגבר,,1 יחידות,Other
7290006618078,אסטוניש מרסס למטבח 750מ,אסטוניש -לידס,750 מיליליטר,Other
7290006618146,מדליק פחם נוזלי 500מ הפי,דאץ פליים,500 מיליליטר,Other
7290006644480,"תפוזינה תפוז 500 מ""ל",יפאורה תבורי בעמ,500 מיליליטר,Fruit
7290006644510,"תפוזינה ענבים 500 מ""ל",יפאורה תבורי בעמ,500 מיליליטר,Fruit
7290006652027,במבה מארז 20 * 15 גרם,"אסם תעשיות מזון בע""מ",300 גרם,Snacks
7290006653819,קוסקוס דק 350 גרם,קוסקוס מזון,350 גרם,Other
7290006660596,קמח עדשים אדומות,"דג""ש",500 גרם,Meat & Fish
7290006660602,מי קוקוס אורגני 1 ליטר,בן טרה גוינט סטוק,1 ליטר,Other
7290006660640,"קמח טף 500 גרם דג""ש","דג""ש",500 גרם,Meat & Fish
7290006664532,דנונה תות 3% 150 גרם,"שטראוס בריאות בע""מ",150 גרם,Fruit
7290006664655,"אקטימל לבן 8*100 מ""ל","שטראוס בריאות בע""מ",800 מיליליטר,Dairy
7290006664693,דנונה אפרסק 3% 150 גרם,"שטראוס בריאות בע""מ",150 גרם,Fruit
7290006664990,דנונה ביו 1.7% 8*150גרם,"שטראוס בריאות בע""מ",1.2 קילוגרם,Other
7290006666307,סלט חומוס 300 גרם,סלטי משני,300 גרם,Sauces & Spreads
7290006666314,סלט טחינה 300 גרם משני,סלטי משני,300 גרם,Sauces & Spreads
7290006666338,סלט טחינה ירוקה 300 גרם,סלטי משני,300 גרם,Sauces & Spreads
7290006666345,חציל במיונז 300ג משני,סלטי משני,300 גרם,Sauces & Spreads
7290006666352,סלט חציל בטחינה 300 גרם,סלטי משני,300 גרם,Sauces & Spreads
7290006666413,סלט כרוב שוודי 300 גרם,סלטי משני,300 גרם,Prepared
7290006666437,סלט טורקי 300 גרם,סלטי משני,300 גרם,Prepared
7290006666444,סלט מטבוחה 300 גרם,סלטי משני,300 גרם,Prepared
7290006666451,סלט סלסה 300 גרם,סלטי משני,300 גרם,Prepared
7290006666468,סלט גזר בלימון 300 גרם,סלטי משני,300 גרם,Prepared
7290006666529,סלט פלפל מרוקאי 300 גרם,סלטי משני,300 גרם,Prepared
7290006666826,סחוג ירוק 150 גרם,סלטי משני,150 גרם,Prepared
7290006681003,קרמיסימו תות לימון 1.33ל,"גלידת שטראוס בע""מ",1.33 ליטר,Frozen
7290006704511,תפוח אדמה למיקרוגל,בייבי של אמא אדמה,700 גרם,Vegetables
7290006724779,ממרח עגבניות מיובשות 185,נני,185 גרם,Sauces & Spreads
7290006724786,ממרח פלפלים קלויים 185 ג,נני,185 גרם,Sauces & Spreads
7290006739407,שניצל תירס 98 קלוריות630,זוגלובק,630 גרם,Meat & Fish
7290006739421,סלמי מעושן איטלקי 300 גר,זוגלובק,300 גרם,Other
7290006739445,שניצל תירס קלאסי 750 גרם,זוגלובק,750 גרם,Meat & Fish
7290006739544,כתף בקר 300 גרם,זוגלובק,300 גרם,Meat & Fish
7290006742278,פסטרמה גחלים זוגלובק 330,זוגלובק,330 גרם,Meat & Fish
7290006742292,פסטרמה בדבש זוגלובק 330ג,זוגלובק,330 גרם,Sauces & Spreads
7290006748072,זר רגע של שקט יחידה,פרחי ליידי דיאן,1 יחידות,Other
7290006748096,זר לב בוער יחידה,פרחי ליידי דיאן,1 יחידות,Other
7290006748119,זר פראי בלב יחידה,שונות,1 יחידות,Other
7290006748133,זר פריחה קסומה יחידה,פרחי ליידי דיאן,1 יחידות,Other
7290006748157,זר פריחת הלב יחידה,פרחי ליידי דיאן,1 יחידות,Other
7290006748225,זר הקסם של זואי יחידה,שונות,1 יחידות,Other
7290006748249,זר הפריחה הנצחית יחידה,שונות,1 יחידות,Other
7290006748430,זר דייט ראשון יחידה,פרחי ליידי דיאן,1 יחידות,Other
7290006748515,זר וויבים של אהבה יחידה,פרחי ליידי דיאן,1 יחידות,Other
7290006748539,זר פטריסיה המושלמת יחידה,פרחי ליידי דיאן,1 יחידות,Other
7290006748591,זר נפלאות הטבע יחידה,פרחי ליידי דיאן,1 יחידות,Other
7290006748638,זר מכל הלב יחידה,פרחי ליידי דיאן,1 יחידות,Other
7290006748669,זר קשת בענן יחידה,פרחי ליידי דיאן,1 יחידות,Other
7290006748683,זר השמחה של דורין יחידה,פרחי ליידי דיאן,1 יחידות,Other
7290006748706,זר נגיעה של גן עדן,פרחי ליידי דיאן,1 יחידות,Other
7290006764065,בירה נשר מאלט בק.חוזר500,"טמפו משקאות בע""מ",500 מיליליטר,Drinks
7290006764072,"גולדסטאר בק.חוזר 500 מ""ל","טמפו משקאות בע\""מ",500 מיליליטר,Other
7290006764096,בירה איגל בקבוק חוזר500מ,"טמפו משקאות בע\""מ",500 מיליליטר,Drinks
7290006764485,בירה נשר מאלט בקב.6*330מ,"טמפו משקאות בע""מ",1.98 ליטר,Drinks
7290006788399,דאו.קרליין רולאון נושם75,---,75 מיליליטר,Other
7290006788429,דאו.קרליין רולאון כתום75,אמיליה קוסמטיקס,75 מיליליטר,Other
7290006788436,דאו.קרליין רולאון ורוד75,קרליין,75 מיליליטר,Other
7290006788443,דאו.קרליין רולאון סגול75,אמיליה קוסמטיקס,75 מיליליטר,Other
7290006805850,תערובת להכנת פנקייק440גר,גנרל מילס,440 גרם,Other
7290006822192,אושן ספריי חמוציות דיאט,מבשלות בירה בינלאומיות ב,1 ליטר,Drinks
7290006866363,מיץ אשכוליות אדומות 1 ל,"גניר 1992 בע\""מ",1 ליטר,Drinks
7290006941466,שמן קנולה 1 ליטר,GRADOIL REFINEY,1 ליטר,Sauces & Spreads
7290006960740,גיוזה עוף מאמא מרי 300ג,"מאמא מרי בע""מ",300 גרם,Meat & Fish
7290006960771,גיוזה בקר מאמא מרי300ג,"מאמא מרי בע""מ",300 גרם,Meat & Fish
7290006960788,גיוזה פטריות מאמאמרי300ג,"מאמא מרי בע""מ",300 גרם,Vegetables
7290006960979,כיסונים בשר אורלסקי800ג,"מאמא מרי בע""מ",800 גרם,Meat & Fish
7290006960986,כיסונים בשר מיוחדים 800ג,"מאמא מרי בע""מ",800 גרם,Meat & Fish
7290006960993,כיסונים בשר משפחתיים800ג,"מאמא מרי בע""מ",800 גרם,Meat & Fish
7290006983152,קרוטונים מתובלים למרק400,עינת,400 גרם,Prepared
7290006983176,לחמית שיפון 230 גרם,"אסם תעשיות מזון בע""מ",230 גרם,Other
7290006983206,פלאפל בקלי קלות 180 גרם,"אסם תעשיות מזון בע""מ",180 גרם,Other
7290006983763,עוגה בטעם שוקולד 400 גרם,"אסם תעשיות מזון בע""מ",400 גרם,Snacks
7290006983770,עוגת הבית שיש אסם 400 גר,"אסם תעשיות מזון בע""מ",400 גרם,Other
7290006983787,עוגת שוקולד ציפס 400 גר,"אסם תעשיות מזון בע""מ",400 גרם,Snacks
7290006983794,עוגת הבית תפוז 400 גרם,"אסם תעשיות מזון בע""מ",400 גרם,Fruit
7290006992208,דייסת מטרנה 8 דגנים 200ג,מטרנה תעשיות ש.מ,200 גרם,Other
7290006992390,דייסת וניל מטרנה 200 גרם,מטרנה תעשיות ש.מ,200 גרם,Other
7290008104050,תחליב רחצה קלאסיק220מל,כצט,220 מיליליטר,Other
7290008175173,"חמאה לל""ת מלח200ג ואליו",ואליו אל.טי.די,200 גרם,Dairy
7290008175210,פרמזנו מגורדת90ג גולדן,זנטי אס.איי.,90 גרם,Other
7290008175692,אטריות ביצים400ג מנת השף,לונגהי פינהונג פודס קו,400 גרם,Other
7290008175814,פטריות חתוכות400 ויליפוד,,400 גרם,Vegetables
7290008263047,ספגטי קמח לבן אורגני500ג,הרדוף,500 גרם,Dairy
7290008263054,ספגטי קמח מלא אורגני500ג,הרדוף,500 גרם,Other
7290008263658,"משקה סויה ללת""ס 1 ליטר",,1 ליטר,Drinks
7290008268004,דובדבן אדום ארוז,בראשית,250 גרם,Other
7290008268011,דובדבן לבן ארוז,בראשית,250 גרם,Dairy
7290008268448,אוכמניות ארוז 125גרם,בראשית,125 גרם,Other
7290008340618,סלמון מעושן מצונן 100 גר,ויליגר,100 גרם,Meat & Fish
7290008343466,בצק פילו 500 גרם,"שגמור בע""מ",500 גרם,Other
7290008343558,סיגרים בשר 1 קג,"שלושת האופים בע""מ",1 קילוגרם,Meat & Fish
7290008343565,סיגרים תפוא 1 קג,"שלושת האופים בע""מ",1000 גרם,Other
7290008343602,קובה בשר מטוגן 1 קג של,"שלושת האופים בע""מ",1 קילוגרם,Meat & Fish
7290008343626,פלאפל 1קג,"שלושת האופים בע""מ",1000 גרם,Other
7290008344272,100%המבורגר400ג טיבוןויל,"טיבון ויל אחזקות בע""מ",400 גרם,Meat & Fish
7290008345132,הרינג כבוש 240 גרם,דלידג - נטו,240 גרם,Other
7290008345576,איקרה ביתית לבנה 300 גרם,דלידג - נטו,300 גרם,Other
7290008345583,איקרה ביתית ורודה 300 גר,דלידג - נטו,300 גרם,Other
7290008349949,מעדן פרי תות שדה 284 גרם,בית אל מזון בעמ,284 גרם,Dairy
7290008349994,מעדן פרי פירות יער 284 ג,בית אל מזון בעמ,284 גרם,Dairy
7290008350501,בייבי מוצרלה 18% 150 גרם,קאזייפיצו פוגליאזה פ.ל,150 גרם,Dairy
7290008367240,עוגת דבש אפויה 365 גרם,סהרון,365 גרם,Sauces & Spreads
7290008409049,מיני דק שניצל שומשום,תנובה גליל שותפות מוגבלת,500 גרם,Meat & Fish
7290008409100,אצבעות שניצל בשומשום 700,תנובה גליל שותפות מוגבלת,700 גרם,Meat & Fish
7290008409124,שניצל גונגל 700 גרם,תנובה גליל שותפות מוגבלת,700 גרם,Meat & Fish
7290008409216,שניצל דק דק פריך 700 גרם,"תנובה בע""מ",700 גרם,Meat & Fish
7290008409315,מיני דק שניצלונים 500גרם,תנובה גליל שותפות מוגבלת,500 גרם,Meat & Fish
7290008409551,שניצל עוף אמיתי מעודן700,תנובה גליל שותפות מוגבלת,700 גרם,Meat & Fish
7290008409582,שניצל מתובל 700 גרם,תנובה גליל שותפות מוגבלת,700 גרם,Meat & Fish
7290008409605,כוכבי עוף בציפוי מעודן,תנובה גליל שותפות מוגבלת,700 גרם,Meat & Fish
7290008409773,קציצות עוף והודו אמיתיות,תנובה גליל שותפות מוגבלת,700 גרם,Meat & Fish
7290008425414,נקטר שזיף100%פרי ללס1ל,נוקדי המדבר,1 ליטר,Fruit
7290008425438,חליטת צמח.לואיזה/לימונ1,נוקדי המדבר,1 ליטר,Other
7290008425445,מיץ אשכול.ללתס אורגני1ל,נוקדי המדבר,1 ליטר,Drinks
7290008425476,חליטת צמחים נענע לימון1ל,נוקדי המדבר,1 ליטר,Fruit
7290008425513,"מיץ תפוח ללת""ס אורגני1ל",נוקדי המדבר,1 ליטר,Drinks
7290008425704,נקטר שזיף אורגני 1 ליטר,נוקדי המדבר,1 ליטר,Fruit
7290008458788,נאגטס מן הצומח 180 גרם,פיוצר פוד גרופ,180 גרם,Other
7290008458801,בורגר מן הצומח 227 גרם,פיוצר פוד גרופ,227 גרם,Other
7290008458818,טחון מן הצומח 160 גרם,פיוצר פוד גרופ,160 גרם,Other
7290008458825,כדור בשר מהצומח200אינסטד,פיוצר פוד גרופ,200 גרם,Meat & Fish
7290008458832,אצבעות דג מן הצומח,פיוצר פוד גרופ,168 גרם,Meat & Fish
7290008458863,רצועות עוף מן הצומח,פיוצר פוד גרופ,160 גרם,Meat & Fish
7290008458979,נאגטס דג מן הצומח 168 גר,פיוצר פוד גרופ,168 גרם,Meat & Fish
7290008461238,סרדין רוברט חריף בשמן115,"רמירז, מטוסינוס",115 גרם,Other
7290008464024,גולדסטאר פח לא מסונן500מ,,500 מיליליטר,Other
7290008464130,גולדסטאר לא מסוננת6*330מ,,1.98 ליטר,Other
7290008464222,בירה מכבי פחית7.9% 500מ,"טמפו משקאות בע\""מ",500 מיליליטר,Drinks
7290008464468,בירה גולדסטאר פחית 500מל,"טמפו משקאות בע""מ",500 מיליליטר,Drinks
7290008464475,"בירה מכבי פחית 500 מ""ל","טמפו משקאות בע\""מ",500 מיליליטר,Drinks
7290008464604,"בירה הייניקן פחית 500מ""ל","טמפו משקאות בע""מ",500 מיליליטר,Drinks
7290008464611,"הסודה של טמפו 275 מ""ל","טמפו משקאות בע""מ",275 מיליליטר,Drinks
7290008464673,גולדסטאר SLOW BREW פח500,"טמפו משקאות בע\""מ",500 מיליליטר,Other
7290008464697,"בירה מכבי 7.9% 6*330מ""ל",,1.98 ליטר,Drinks
7290008464703,"בירה מכבי 6 בק*330 מ""ל","טמפו משקאות בע""מ",1.98 ליטר,Drinks
7290008464734,גולדסטארSLOW BREW 6*330,"טמפו משקאות בע""מ",1.98 ליטר,Other
7290008464741,"בירה גולדסטאר בק6*330מ""ל","טמפו משקאות בע\""מ",1.98 ליטר,Drinks
7290008464796,"בירה הייניקן בק6*330 מ""ל","טמפו משקאות בע""מ",1.98 ליטר,Drinks
7290008464802,"בירה הייניקן פח 6*330מ""ל",היינקן,1.98 ליטר,Drinks
7290008493413,פירורי גריסיני 200 גרם,"מאיר את בייגל תעשיות בע""",200 גרם,Other
7290008493710,פירורי גריסיני זהב 200ג,"מאיר את בייגל תעשיות בע""",200 גרם,Other
7290008500005,"תערובת לבראוניז לל""ג415ג","גנרל מילס- Inofita, Vi",415 גרם,Other
7290008639095,פחזניות מצוננות 280גרם,קפולסקי,280 גרם,Other
7290008670142,"רקנאטי יסמין אדום 750מ""ל",,750 מיליליטר,Other
7290008670159,"רקנאטי יסמין לבן 750 מ""ל",,750 מיליליטר,Dairy
7290008670920,רקנאטי מרלו 2022 750 מל,"יקבי רקנאטי בע\""מ",750 מיליליטר,Other
7290008670937,"רקנאטי סירה 2022 750 מ""ל","יקבי רקנאטי בע\""מ",750 מיליליטר,Other
7290008690713,אושן ספריי חמוציות 1ליטר,מבשלות בירה בינלאומיות ב,1 ליטר,Drinks
7290008693134,דניאלה תות מוקצף5% 88גרם,"שטראוס בריאות בע""מ",88 גרם,Fruit
7290008713900,לחם שיפון עגול 750 גרם,מאפיית אנג\ל אורנים מא,750 גרם,Other
7290008745239,תפוציפס קראנצ טעם טבעי,"שטראוס פריטו ליי בע""מ",50 גרם,Snacks
7290008747547,תפוציפס קראנצ ט.טבעי200,"שטראוס פריטו ליי בע""מ",200 גרם,Snacks
7290008748384,שוקו.מריר70% 100 ספלנדיד,"שטראוס גרופ בע""מ",100 גרם,Drinks
7290008750677,שוקולד פרה ממולדה100ג,"שטראוס גרופ בע""מ",100 גרם,Snacks
7290008752244,תפוציפס קראנצ גריל 50ג,"שטראוס פריטו ליי בע""מ",50 גרם,Snacks
7290008753111,תפוציפס מקסיקני 50 גרם,"שטראוס פריטו ליי בע""מ",50 גרם,Snacks
7290008757034,"שוופס סודה חד פעמי250מ""ל",יפאורה תבורי בעמ,250 מיליליטר,Drinks
7290008757980,ספרינג קרטוניות רימונים,יפאורה תבורי בעמ,1 ליטר,Other
7290008775816,ערגליות שוקו 300 גרם,"אסם תעשיות מזון בע""מ",300 גרם,Drinks
7290008775823,ערגליות תות 300 גרם,"אסם תעשיות מזון בע""מ",300 גרם,Fruit
7290008801010,"קברנה מרלו P.C 750 מ""ל",אגודת הכורמים הקואופרטיב,750 מיליליטר,Other
7290008801522,"יין קונקורד 750מ""ל",אגודת הכורמים הקואופרטיב,750 מיליליטר,Drinks
7290008801546,"מוסקט קינג דיווד 750 מ""ל",אגודת הכורמים הקואופרטיב,750 מיליליטר,Other
7290008801843,קברנה סוביניון סלקטד750מ,,750 מיליליטר,Other
7290008801850,אמרלד ריזלינג סלקטד750מל,אגודת הכורמים הקואופרטיב,750 מיליליטר,Other
7290008802291,"מרלו P.C 750 מ""ל",אגודת הכורמים הקואופרטיב,750 מיליליטר,Other
7290008802529,"וינו לבן חצי יבש 750 מ""ל",יקבי כרמל,750 מיליליטר,Dairy
7290008802895,קברנה סוביניון.P.C 750מל,אגודת הכורמים הקואופרטיב,750 מיליליטר,Other
7290008803090,"מרלו סדרה אזורית 750 מ""ל",אגודת הכורמים הקואופרטיב,750 מיליליטר,Other
7290008804189,"קברנה סדרה אזורית 750מ""ל",אגודת הכורמים הקואופרטיב,750 מיליליטר,Other
7290008804332,"שיראז אדום יבש 750P.Cמ""ל",אגודת הכורמים הקואופרטיב,750 מיליליטר,Other
7290008805520,"קברנה מרלו סלקטד 750 מ""ל",,750 מיליליטר,Other
7290008805964,קברנה שיראז סדרה אזורית,יקבי כרמל,750 מיליליטר,Other
7290008806961,גל.קרמיסימו שוקוציפ1.33,"גלידת שטראוס בע""מ",1.33 ליטר,Frozen
7290008806985,נישנושים קרמיסימו 630ג,"גלידת שטראוס בע""מ",630 גרם,Frozen
7290008909853,קוקה קולה זירו בקבוק500מ,---,500 מיליליטר,Drinks
7290008975780,"בונזו גזע קטן 3 ק""ג",united pet food,3 קילוגרם,Other
7290008989473,ממרח חרובים ט.שוקולד350ג,,350 גרם,Sauces & Spreads
7290009137859,"משקה מצונן 350 מ""ל",,350 מיליליטר,Drinks
7290009150537,שוקולד שוויצרי 100 גרם,,1 יחידות,Snacks
7290009396867,מארז לחמניית ביס 8יח,"גידרון תעשיות בע""מ",1 יחידות,Other
7290009397550,חמישיית מאפין דבש גידרון,,200 גרם,Sauces & Spreads
7290009397642,5עוגות מאפין שוקולד200ג,סהרון,200 גרם,Snacks
7290009397697,מאפין שוקו ציפס5יח200ג,סהרון,200 גרם,Snacks
7290009398021,לחמניית ביס באגט,"גידרון תעשיות בע""מ",1 יחידות,Other
7290009398748,פס גבינה מעודן+אוכמנ650ג,סהרון,500 גרם,Dairy
7290009398786,5 פיתות אסליות 500 גרם,מאפיית שלמה א. אנגל,500 גרם,Fruit
7290009398847,לחמניית חלה מתוקה,"גידרון תעשיות בע""מ",1 יחידות,Other
7290009399288,פס גבינה אפוי 500 גרם,סהרון,500 גרם,Dairy
7290009399639,חלת שושנים,"גידרון תעשיות בע""מ",1 יחידות,Other
7290009399707,מארז 4יח לחמניה גידרול,"גידרון תעשיות בע""מ",1 יחידות,Other
7290009399868,לחמניית חלה קלה,"גידרון תעשיות בע""מ",1 יחידות,Other
7290009401790,פיתה קמח מלא מארז 5*100ג,מאפיית שלמה א. אנגל,500 גרם,Other
7290009401912,מארז פרצלס 3יח,"גידרון תעשיות בע""מ",1 יחידות,Other
7290009950106,"משקה אנרגיה מצונן 250מ""ל",,250 מיליליטר,Drinks
7290009950137,"בירה מצוננת 330 מ""ל",,330 מיליליטר,Drinks
7290009950168,"מים מצוננים 750 מ""ל",,750 מיליליטר,Drinks
7290009951325,מים מינרליים בק.אישי500מ,,500 מיליליטר,Drinks
7290009952292,מארז5יח חצי באגט רגיל,"גידרון תעשיות בע""מ",1 יחידות,Other
7290009952308,מארז 4יח לחמניית דגנים,"גידרון תעשיות בע""מ",1 יחידות,Other
7290009952339,מארז 8 לחמניות אצבע,"גידרון תעשיות בע""מ",1 יחידות,Other
7290009952346,מארז 4 לחמניית חלה,"גידרון תעשיות בע""מ",1 יחידות,Other
7290009952377,מארז 5יח לחמנית קשר,"גידרון תעשיות בע""מ",1 יחידות,Other
7290009952674,"משקה מצונן 330 מ""ל",,330 מיליליטר,Drinks
7290009952858,משקה מצונן 1 ליטר,,1 ליטר,Drinks
7290009952896,בירה מצוננת בקב.חוזר500מ,,500 מיליליטר,Drinks
7290009952995,מים מינרליים 1.5 ליטר,,1.5 ליטר,Drinks
7290009954999,"מים מצוננים 500 מ""ל",,500 מיליליטר,Drinks
7290009955002,מים מצוננים 1.5 ליטר,,1.5 ליטר,Drinks
7290009955019,משקה מצונן 1.5 ליטר,,1.5 ליטר,Drinks
7290009956221,מים מצוננים 2 ליטר,,2 ליטר,Drinks
7290009957556,3 סופגניות גדולות + ריבה,"גידרון תעשיות בע""מ",1 יחידות,Sauces & Spreads
7290009957792,מאפה לחמניית פרצל יחידה,אס.פי.דז.או.או.,1 יחידות,Other
7290010002023,כורכום הודי טחון 100 גרם,א.ל ייצור ושיווק תבלינים,100 גרם,Other
7290010002078,פלפל שחור טחון 100 גרם,א.ל ייצור ושיווק תבלינים,100 גרם,Vegetables
7290010002092,פלפל שחור גרוס דק 90 גרם,א.ל ייצור ושיווק תבלינים,90 גרם,Vegetables
7290010002108,פלפל שחור גרוס גס 90 גרם,א.ל ייצור ושיווק תבלינים,90 גרם,Vegetables
7290010002122,פפריקה הונגרית מתוקה100ג,א.ל ייצור ושיווק תבלינים,100 גרם,Other
7290010002139,פפריקה הונגרית חריפה100ג,א.ל ייצור ושיווק תבלינים,100 גרם,Other
7290010002146,פפריקה מרוקאית מתוקה100ג,א.ל ייצור ושיווק תבלינים,100 גרם,Other
7290010002153,פפריקה מרוקאית חריפה100ג,א.ל ייצור ושיווק תבלינים,100 גרם,Other
7290010002214,צילי מקסיקני גרוס 70גרם,א.ל ייצור ושיווק תבלינים,70 גרם,Other
7290010002283,תבלין על האש 100 גרם,א.ל ייצור ושיווק תבלינים,100 גרם,Sauces & Spreads
7290010002320,תבלין גריל עוף 100 גרם,א.ל ייצור ושיווק תבלינים,100 גרם,Sauces & Spreads
7290010002368,תערובת חוויאג למרק100גר,א.ל ייצור ושיווק תבלינים,100 גרם,Prepared
7290010003709,פלפל שחור טחון בשקית50ג,,50 גרם,Vegetables
7290010003754,כמון טחון בשקית 50 גרם,,50 גרם,Other
7290010023141,חליטת לימונענע 25ש*2.2גר,ויסוצקי,55 גרם,Other
7290010032303,דבש פרחי הדר 500ג צוקרמן,,500 גרם,Sauces & Spreads
7290010032310,דבש פרחי בר 500 גרם,,500 גרם,Sauces & Spreads
7290010032426,"דבש אקליפטוס 1 ק""ג",,1 קילוגרם,Sauces & Spreads
7290010065332,"מחית תפו""ע בננה190פרינוק",פרוטה פודיווין איי.אס,190 גרם,Fruit
7290010065349,מחית סלט פירות190 פרינוק,פרוטה פודיווין איי.אס,190 גרם,Prepared
7290010066513,טונה בשמן צמחי פילטונה4,תעשיות פילטונה,632 גרם,Meat & Fish
7290010066575,טונה במי מלח פילטונה4,תעשיות פילטונה,632 גרם,Meat & Fish
7290010066582,טונה בשמן קנולה פילטונה4,תעשיות פילטונה,632 גרם,Meat & Fish
7290010116348,מיקס מיני חטיפי עלית390ג,"שטראוס גרופ בע""מ",390 גרם,Other
7290010116355,מארז מיני פסק זמן400ג,"שטראוס גרופ בע""מ",400 גרם,Other
7290010116980,שוקולית בשקית850ג עלית,שטראוס קפה בי.וי.,850 גרם,Drinks
7290010124503,שומן כבש - קפוא,"בלדי בע\""מ",200 גרם,Frozen
7290010153503,שעועית ענק 400 גרם,מיה תעשיות מזון מ.ת.מ. ב,400 גרם,Other
7290010153534,קמח תירס 400 גרם מיה,מיה,400 גרם,Vegetables
7290010154005,סחוג תימני 250 גרם,נטו,250 גרם,Other
7290010154012,לימון בלאדי 250 גרם,נטו,250 גרם,Fruit
7290010154050,ממרח שיפקה כבוש חריף 250,תבליני ביטון יוחאי,250 גרם,Sauces & Spreads
7290010154241,סלט חזרת 250 גרם,נטו,250 גרם,Prepared
7290010154265,פלפל צומה ביטון 250 גרם,נטו,250 גרם,Vegetables
7290010154678,אריסה מרוקאית 250 גרם,---,250 גרם,Other
7290010154685,סלט שום כתוש 250 גרם,---,250 גרם,Prepared
7290010192052,סלרי עלים (ק),קטיף.,1 יחידות,Other
7290010192069,סלרי ראש -שורש ועלים (ק),קטיף.,1 יחידות,Other
7290010192144,סלרי עלים חתוך (ק),קטיף.,1 יחידות,Other
7290010237531,"פפסי בקבוק 500 מ""ל",,500 מיליליטר,Other
7290010237548,"פפסי זירו בקבוק 500 מ""ל",,500 מיליליטר,Other
7290010237586,"סבן אפ זירו בקבוק500מ""ל",,500 מיליליטר,Other
7290010237784,"מכבי שנדי ליים 6*330 מ""ל","טמפו משקאות בע\""מ",1.98 ליטר,Other
7290010237890,בירה הייניקן בק.חוזר500מ,"טמפו משקאות בע""מ",500 מיליליטר,Drinks
7290010259359,אטריות ביצים רחבות 200 ג,,200 גרם,Other
7290010259823,מנת השף נודלס בטעם עוף70,,70 גרם,Meat & Fish
7290010259830,מנת השף נודלס טעם סיני70,,70 גרם,Other
7290010259847,מנת השף נודלס טעם תירס70,,70 גרם,Vegetables
7290010259854,מנת השף נודלס פטריות70ג,נאמצו,70 גרם,Vegetables
7290010259861,מנת השף נודלס ירקות70ג,נאמצו,70 גרם,Vegetables
7290010259977,שמן קנולה מזוכך ויליפוד,בונגי פולין אס.פי.זד.או,1 ליטר,Sauces & Spreads
7290010259991,צנימים 250 גרם,,250 גרם,Other
7290010328505,"מיני חלוה ללת""ס15יח*10גר","אחדות בע""מ א.ת. ברקן",150 גרם,Other
7290010328819,"ממרח טחינה שוק.ללת""ס400ג","אחדות ביח""ר לטחינה",400 גרם,Sauces & Spreads
7290010471669,דנונה בר תות קורנפ.175גר,"שטראוס בריאות בע""מ",175 גרם,Fruit
7290010472307,גמדים לשתיה תות בננ8*100,"שטראוס בריאות בע""מ",800 מיליליטר,Fruit
7290010472390,דני שוקולד 8*125גרם,"שטראוס בריאות בע""מ",1 קילוגרם,Snacks
7290010548019,רוטב אסייתי למוקפץ 160ג,דורות,160 גרם,Sauces & Spreads
7290010548514,דורות עשבי תיבול איטלק70,דורות,70 גרם,Other
7290010582686,ליצי ארוז (ק),מור פירות השרון,1 יחידות,Fruit
7290010609079,טרופיקש משקה ענבים10*200,,2 ליטר,Drinks
7290010632787,צימרוני אוזניים מעץ300יח,L.Y.Q.TRADI,1 יחידות,Other
7290010650002,פטריות יער מארז,חוות פטריות תקוע בעמ,170 גרם,Vegetables
7290010650033,מארז בצלי שאלוט,גורמה,1 יחידות,Vegetables
7290010650040,פטריות שיטאקי מארז,חוות פטריות תקוע,100 גרם,Vegetables
7290010650293,בצלצלי שאלוט מקולפים,חוות פטריות תקוע,250 גרם,Vegetables
7290010650576,פטריות שינוקי מארז,חוות פטריות תקוע,150 גרם,Vegetables
7290010650767,אנדיב אדום,חוות פטריות תקוע,1 יחידות,Vegetables
7290010650828,פטריות שימאגי לבנות,שנגחאי פינק פוד קומפני,150 גרם,Vegetables
7290010650958,פטריות בייבי מלך היער,חוות פטריות תקוע,200 גרם,Vegetables
7290010650996,פטריות שימאגי חומות,שנגחאי פינק פוד קומפני,150 גרם,Vegetables
7290010748860,ק.ידיים אפקטיב קר יבש150,פישר מעבדות פרמצבטיות בע,150 מיליליטר,Other
7290010748884,ק.גוף אפקטיב קר יבש 700מ,פישר מעבדות פרמצבטיות בע,700 מיליליטר,Other
7290010777099,פיתות מרקם מיוחד8 אקספרס,פיתה אקספרס,800 גרם,Prepared
7290010777297,12 פיתות ביס 600ג אקספרס,פיתה אקספרס,600 גרם,Fruit
7290010777358,פיתה100% כוסמין 8*50 גרם,פיתה אקספרס,400 גרם,Other
7290010777488,10פיתות מחמצת300ג אקספרס,פיתה אקספרס,300 גרם,Fruit
7290010777525,פיתות כוסמין6*50ג אקספרס,פיתה אקספרס,300 גרם,Fruit
7290010838219,ממתיק סטיביה 100שק,"שוגארט בע""מ",100 גרם,Other
7290010839865,רוטב רימונים 320 גרם,ראסאגרה גידה דיס טיקראט,320 גרם,Sauces & Spreads
7290010945306,חלב 3% בקרטון 2 ליטר,---,2 ליטר,Dairy
7290010945481,גבינה לבנה 5% שומן 500 ג,---,500 גרם,Dairy
7290010970018,תמרים מרוסקים 500 גרם,,500 גרם,Other
7290010970100,שמן שומשום כבישה קרה250מ,"ג.מ טעם הארץ בע""מ",250 מיליליטר,Sauces & Spreads
7290010970254,"חומץ יין לבן 500 מ""ל","ג.מ טעם הארץ בע""מ",500 מיליליטר,Sauces & Spreads
7290010970759,"סירופ מלבי 250 מ""ל","ג.מ טעם הארץ בע""מ",250 מיליליטר,Other
7290010970766,"מי ורדים 250 מ""ל","ג.מ טעם הארץ בע""מ",250 מיליליטר,Other
7290011015862,סירופ דיאט לימונענע750מל,---,750 מיליליטר,Other
7290011015985,"סירופ דיאט אננס 750 מ""ל",גבעת חיים,750 מיליליטר,Fruit
7290011017866,"פחית קוקה קולה 330 מ""ל",---,330 מיליליטר,Drinks
7290011017873,פחית קוקה קולה זירו330מל,---,330 מיליליטר,Drinks
7290011018184,פיוז-טי אפרסק 500מל,,500 מיליליטר,Fruit
7290011018368,"בירה ויינשטפן 6*330 מ""ל",---,1.98 ליטר,Drinks
7290011018443,פחית פאנטה ט.אורנג330מל,---,330 מיליליטר,Other
7290011018474,סיידר תפוחים אלכוהולי330,"קרלסברג קרואטיה , יבואן:",330 מיליליטר,Fruit
7290011018832,"קוקה קולה 6*330 מ""ל",---,1.98 ליטר,Drinks
7290011018917,"קוקה קולה זירו 6*330 מ""ל",החברה המרכזית לייצור משק,1.98 ליטר,Drinks
7290011051358,"שוופס סודה לימון 250 מ""ל",יפאורה תבורי בעמ,250 מיליליטר,Drinks
7290011051433,"שוופס מוגז אפרסק 500 מ""ל",יפאורה תבורי בעמ,500 מיליליטר,Fruit
7290011051440,שוופס מוגז פירות יער500מ,יפאורה תבורי בעמ,500 מיליליטר,Fruit
7290011064020,בולגרית למריחה+תבלינ200ג,גבינות עמיר ניצן,200 גרם,Dairy
7290011064075,לבנה אבו גוש200ג ניצן,הגבינות של ניצן,200 גרם,Dairy
7290011064099,פינצוס פלפלונים +גב125ג,גבינות עמיר ניצן,125 גרם,Dairy
7290011081492,קרמיסימו 3שוקולדים 1.33ל,"גלידת שטראוס בע""מ",1.33 ליטר,Frozen
7290011081690,קרמיסימו שוקו ציפ 1.33ל,"גלידת שטראוס בע""מ",1.33 ליטר,Frozen
7290011110109,מארז תירס צהוב יח (ק),"יגור חקלאות בע""מ",1 יחידות,Vegetables
7290011126209,גן קסום תפוח+קינמון 25שק,ויסוצקי,67 גרם,Fruit
7290011126452,חליטת קמומיל+נענע25ש*1.5,ויסוצקי,37 גרם,Other
7290011126469,חל.קמומיל+דבש גן קסום25ש,ויסוצקי,37 גרם,Sauces & Spreads
7290011126957,תה ירוק ארל גריי25שק1.5X,ויסוצקי,37 גרם,Drinks
7290011128050,גזר צבעוני יחידה,גזר שליט,1 יחידות,Vegetables
7290011131050,"גרנולה פקאן 1 ק""ג",וויטליה,1 קילוגרם,Other
7290011131371,מוזלי קראנצי בוטנ+שקד1ק,וויטליה,1 קילוגרם,Other
7290011131395,מוזלי 30% פירות 1קג גרין,וויטליה,1 קילוגרם,Fruit
7290011131968,"גרנולה אגוזים 1 ק""ג",וויטליה,1 קילוגרם,Other
7290011131975,"גרנולה פירות 1 ק""ג",וויטליה,1 קילוגרם,Fruit
7290011132552,"בירה פאולנר 4*330 מ""ל",מבשלת פאולנר,1.32 ליטר,Drinks
7290011132583,"פפסי זירו מארז 6*500 מ""ל","טמפו משקאות בע\""מ",3 ליטר,Other
7290011133375,"מכבי שנדי אפרסק 6*330מ""ל","טמפו משקאות בע\""מ",1.98 ליטר,Fruit
7290011133634,"פפסי זירו פחית 6*330מ""ל","טמפו משקאות בע\""מ",1.98 ליטר,Other
7290011154035,"תרכיז תפוחים סחוט 500מ""ל",---,500 מיליליטר,Fruit
7290011154080,"תרכיז תפוחים צלול 500מ""ל",---,500 מיליליטר,Fruit
7290011194215,דניאלה בננה 88 גרם,"שטראוס בריאות בע""מ",88 גרם,Fruit
7290011194246,קוטג 5% 250ג שטראוס,"שטראוס בריאות בע""מ",250 גרם,Dairy
7290011223038,עלים לקרמשניט בונומי300ג,בונומי ס.פ.א,300 גרם,Other
7290011235000,אספרגוס טרי )ק(,יבולי הבשור,1 יחידות,Other
7290011235048,שיבה יחידה,קטיף.,1 יחידות,Other
7290011235567,בצל ירוק,יבולי הבשור,1 יחידות,Vegetables
7290011239213,חטיפים מתוקים -מחרום,בני ריאד מחרום,1 יחידות,Other
7290011239237,חטיף אגוזים ישראלי 250גר,בני ריאד מחרום,250 גרם,Snacks
7290011239404,חטיפים שונים ארוזים330ג,בני ריאד מחרום,330 גרם,Other
7290011254018,שעועית מש 500 גרם,מיה תעשיות מזון מ.ת.מ. ב,500 גרם,Other
7290011254346,"קינואה 1 ק""ג מיה",מיה,1 קילוגרם,Other
7290011254759,שעועית שחורה 500 גרם,מיה תעשיות מזון מ.ת.מ. ב,500 גרם,Other
7290011312381,מארז פורטבלו למילוי,מרינה,1 יחידות,Other
7290011372002,בדי בדיקה יהודית,אריסטוקרט,1 יחידות,Other
7290011378028,"חלבה וניל ללת""ס 350 גרם",רושדי תעשיות מזון,350 גרם,Dairy
7290011378769,חטיפי חלבה וניל 7*18 גרם,רושדי תעשיות מזון,126 גרם,Dairy
7290011378776,חטיפי חלבה פיסטוק 7*18 ג,רושדי תעשיות מזון,126 גרם,Dairy
7290011379018,פטריות שמפניון - צמד,מרינה,1 יחידות,Vegetables
7290011426033,פשתן טחון ט.מהדרין 300גר,,300 גרם,Other
7290011426071,פשתן טחון אורגני 300 גרם,,300 גרם,Other
7290011426248,סובין חיטה 150 גרם,,150 גרם,Other
7290011426293,סובין שיבולת שועל 500 גר,,500 גרם,Other
7290011426507,שמן פשתן טבע מהדרין400מל,,400 מיליליטר,Sauces & Spreads
7290011426521,"שמן פשתן אורגני 400 מ""ל",,400 מיליליטר,Sauces & Spreads
7290011426576,שקדימון 300 גרם,,300 גרם,Other
7290011438142,"משקה חלב בטעם קפה 350מ""ל",מחלבת יטבתה,350 מיליליטר,Drinks
7290011447267,מטרנה חלבי שלב 1 700ג,מטרנה תעשיות ש.מ,700 גרם,Dairy
7290011447304,מטרנה חלבי שלב 3 700ג,מטרנה תעשיות ש.מ,700 גרם,Dairy
7290011447373,מטרנה מהדרין שלב 2 700גר,מטרנה תעשיות ש.מ,700 גרם,Other
7290011447748,"סופר קט טונה 3 ק""ג",,3 קילוגרם,Meat & Fish
7290011447908,"סופר קט עוף 3 ק""ג",ביופט,3 קילוגרם,Meat & Fish
7290011489595,קרקר טופז שומשום 110 גרם,מגדניות הדר,110 גרם,Snacks
7290011489625,ביסקוויט בטעם שוקו 110 ג,אפיפית,110 גרם,Snacks
7290011498092,מרציפן נטו 200 גרם,הבאר מעדנים,200 גרם,Other
7290011498108,מרציפן נטו 75 גרם,אלמנדוס,75 גרם,Other
7290011498177,ממרח שקד לבן מקולף 700 ג,---,700 גרם,Sauces & Spreads
7290011498511,ממרח חלבה מלא350שקד תבור,שקד תבור,350 גרם,Sauces & Spreads
7290011498740,שקד מלא טחון בכבישה300 ג,,300 גרם,Other
7290011498870,חט.תמרים +חמאת שקדים150ג,---,150 גרם,Other
7290011498894,חט.תמר חמאת בוטנים150ג,---,150 גרם,Other
7290011498900,חטיף תמר+חמאת שקד 150 גר,שקד תבור,150 גרם,Snacks
7290011498917,חטיפי תמר+קוקוס מצופ150ג,,150 גרם,Other
7290011498948,חטיפ.תמר+ציפוי שוקולד150,---,150 גרם,Snacks
7290011498955,חמאת בוטנים300ג שקד תבור,שקרצי,300 גרם,Other
7290011498962,שקד לבן בכבישה קרה 300 ג,מרכז השקד,300 גרם,Dairy
7290011498979,שקד לבן בתוספת סיבים 300,מרכז השקד,300 גרם,Dairy
7290011498986,חטיף תמרים+חמאת קשיו150ג,שקד תבור,150 גרם,Snacks
7290011498993,חמאת קשיו 300ג שקד תבור,שקד תבור,300 גרם,Other
7290011499051,פטה כבשים 20% 250ג,מחלבות גד,250 גרם,Dairy
7290011499105,גב.בולגרית מסורתית5% 250,מחלבות גד,250 גרם,Dairy
7290011499112,גבינה בולגרית 16% 250גרם,מחלבות גד,250 גרם,Dairy
7290011499129,קוב.בולג.מעודנת 5% 200ג,DSH,200 גרם,Other
7290011499303,פטה מעודנת עיזים5% 250ג,DSH,250 גרם,Other
7290011499327,גב.בולגרית מעודנת5% 250ג,DSH,250 גרם,Dairy
7290011499341,גבינת קאשקבל 200ג גד,מחלבות גד,200 גרם,Dairy
7290011499358,פטה עיזים 20% שומן 200 ג,מחלבות גד,200 גרם,Dairy
7290011499365,גבינת חלומי 24% 200ג גד,מחלבות גד,200 גרם,Dairy
7290011499419,גבינה במרקם שמנת 5% שומן,מחלבות גד,200 גרם,Dairy
7290011499624,גבינת שמנת 30% טבעי200גר,מחלבות גד,200 גרם,Dairy
7290011499846,ריקוטה פרסקה 9% 300 גרם,,300 גרם,Dairy
7290011505561,סינר ויניל עם כיס נובי,E.L.CO LTD,1 יחידות,Other
7290011505806,200 קיסמי שיניים פלסטיק,W.H.J.C.CO,1 יחידות,Other
7290011515683,מאגדת אקסטרים וניל 6יח,גלידות נסטלה (נגה גלידות,432 גרם,Frozen
7290011515911,מאגדת לייט ריבת חלב,גלידות נסטלה (נגה גלידות,312 גרם,Frozen
7290011525712,אל סבון לפני השינה1 ליטר,פישר מעבדות פרמצבטיות בע,1 ליטר,Other
7290011525729,שמפו לפני השינה קמיל 1ל,BIO FISHER CHEMIPAL),1 ליטר,Other
7290011570507,קמח רב תכליתי ל.גלוטן450,אשבל מזון פונקציונלי בע\,450 גרם,Other
7290011570644,קמח לחם ללא גלוטן 500 גר,אשבל מזון פונקציונלי בע\,500 גרם,Other
7290011570781,כרגיל תע.לעוגה וניל450גר,אשבל מזון פונקציונלי בע\,450 גרם,Snacks
7290011570798,כרגיל תע.עוגת שוקולד450ג,אשבל מזון פונקציונלי בע\,450 גרם,Snacks
7290011570934,תערובת להכנה פנקייק400ג,אשבל בעמ,400 גרם,Other
7290011587581,פילה אנשובי צנצנת 100גרם,אינוורסינס פריסקו,100 גרם,Meat & Fish
7290011587598,פילה אנשובי 45 גרם,אינוורסינס פריסקו,45 גרם,Meat & Fish
7290011598211,סנו אנטי קאלק נ.כללי700מ,סנו,700 מיליליטר,Other
7290011618025,בייבי ביס בטעם טבעי 50 ג,want-want,50 גרם,Other
7290011618216,בייבי ביס טעם בננה 50 גר,want-want,50 גרם,Fruit
7290011622428,כתמטמינים חטיף בריאות45ג,אשבל,45 גרם,Snacks
7290011668570,חגיגת גרנולה פ.יבשים500ג,אפקט טבעי,500 גרם,Other
7290011668587,גרנולה עשירה 500 גרם,אפקט טבעי,500 גרם,Other
7290011668594,תוספת בריאה לסלט 550 גרם,אפקט טבעי,550 גרם,Prepared
7290011800840,טחינה בלאדי400 גרם צבר,סלטי צבר,400 גרם,Sauces & Spreads
7290011830144,פתיתים אורגנים כוסמין400,,400 גרם,Other
7290011830168,פירורי לחם ארגנ.כסמין200,"חטיפים מן הטבע בע""מ",200 גרם,Other
7290011830236,בייגלה אורגני מקמח כוסמי,,200 גרם,Other
7290011860271,ביסבול 700 גרם תפוגן,"תפוגן תעשיות בע""מ",700 גרם,Other
7290011876388,קציצות עוף ובקר 600גרם,תנובה גליל שותפות מוגבלת,600 גרם,Meat & Fish
7290011876494,שניצל עוף ותירס 750 גרם,"תנובה בע""מ",750 גרם,Meat & Fish
7290011876722,"שניצל לל""ג 600ג מאמא עוף",תנובה גליל שותפות מוגבלת,600 גרם,Meat & Fish
7290011876739,אצבע שניצל ללג600מאמאעוף,תנובה גליל שותפות מוגבלת,600 גרם,Meat & Fish
7290011878825,נקטר אגס אורגני 1 ליטר,נוקדי המדבר,1 ליטר,Fruit
7290011931162,"סוכרלוז נוזלי 220 מ""ל",ביסקול בעמ,220 מיליליטר,Other
7290011947316,זיתים קלמטה 215 גרם,---,215 גרם,Other
7290011947798,זית קלמטה ללא גלעין190גר,---,190 גרם,Other
7290011964344,שום גבישי 120 גרם,תבליני טעם וריח,120 גרם,Other
7290011964436,"גריל עוף 1 ק""ג",תבליני טעם וריח,1 קילוגרם,Meat & Fish
7290011964658,מלח לימון 170 גרם,תבליני טעם וריח,170 גרם,Fruit
7290011964689,תיבול על האש 100 גרם,תבליני טעם וריח,100 גרם,Other
7290011971694,ספגטי טריקולור 500 גרם,,500 גרם,Other
7290011996062,"אורז לסושי 1 ק""ג",דאקסה מייסריאס אספנולאס,1 קילוגרם,Other
7290011996109,"צילי מתוק 700 מ""ל",---,700 מיליליטר,Other
7290011996123,אצות נורי גולד 10 דף25גר,מאן גון פודס בעמ,25 גרם,Other
7290011996178,רוטב סויה בסגנון יפני300,GUANGDONG GOOD TASTE FOO,300 מיליליטר,Sauces & Spreads
7290011996222,"נוזל אגוזי קוקוס 400 מ""ל",אסיאטיק אגרו אינדוסטרי,400 מיליליטר,Other
7290011996277,מחצלת עגולה לסושי,FUZHOU J,1 יחידות,Other
7290011996482,צופ-סטיקס חד פעמי יח,פוזו גינקינגיאן אימפור,1 יחידות,Other
7290011996499,מקלוני אורז דקים 400 גרם,FUJIAN LONGHAI ANLIDA,400 גרם,Other
7290011996529,"מקלוני אורז 5 מ""מ 400 גר",THAI ASIA RICE,400 גרם,Other
7290011996581,"רוטב חמוץ מתוק 300 מ ""ל",KRS,300 מיליליטר,Sauces & Spreads
7290011996604,"רוטב פאד תאי 300 מ""ל",KRS,300 מיליליטר,Sauces & Spreads
7290011996642,שומשום שחור קלוי 100 גרם,,100 גרם,Other
7290011996703,אצות וואקאמה מיובשות 100,קיינגדאו יוקינג,100 גרם,Other
7290011996741,"חומץ אורז 500 מ""ל",---,500 מיליליטר,Sauces & Spreads
7290011996758,תערובת קמחים לטמפורה500ג,KINGZEST SHENYANG,500 גרם,Other
7290011996765,משחת ווסאבי 43 גרם,DALIAN T,43 גרם,Other
7290011996789,פנקו פירורי לחם 200 גרם,גיאננסו פוד סיינס,200 גרם,Fruit
7290011996819,אטריות שעועית 250 גרם,YANAI YINSIDA,250 גרם,Other
7290011996888,"רוטב טריאקי 300 מ""ל",---,300 מיליליטר,Sauces & Spreads
7290012001994,חרדל דיזון ריין 350 גרם,ריין דיזון,350 גרם,Sauces & Spreads
7290012009105,מארז אוכמניות 125 גרם,,1 יחידות,Other
7290012019036,שיני שום כבושים בחומץ330,ליני דשן פוד,330 גרם,Sauces & Spreads
7290012019258,"רסק תפו""ע 4 * 113 גרם",אינדיאן סאמר,452 גרם,Other
7290012019265,"רסק תפו""ע ללת""ס 4*113 גר",אינדיאן סאמר,452 גרם,Other
7290012019272,"רסק תפו""ע וקינמון 4*113ג",אינדיאן סאמר,452 גרם,Other
7290012022005,קריספיות חיטה טבעי 60 גר,דילייט,60 גרם,Other
7290012022050,קריספיות חיטה מלאה 75 גר,דילייט,75 גרם,Other
7290012022067,קריספיות קידס 30 גרם,דילייט,30 גרם,Other
7290012086113,עגבניות שרי אשכולות,קטיף.,460 גרם,Vegetables
7290012117091,אב.כביסה מקסימה סנסטיב6ק,,6 קילוגרם,Other
7290012208614,עגבניות מרוסקות 700 גרם,,700 גרם,Vegetables
7290012208768,וופל בלגי ללא גלוטן 250ג,מאפה פסח,250 גרם,Snacks
7290012208904,פתיתי שמרים מיובשים200,---,200 גרם,Other
7290012226120,קבנוס 135 גרם,זוגלובק,135 גרם,Other
7290012226991,"נקניקיות גמבו 1.5 ק""ג",זוגלובק,1500 גרם,Meat & Fish
7290012227912,קבנוס מעודן 135 גרם,זוגלובק,135 גרם,Other
7290012227974,פסטרמה בדבש דק דק דק,זוגלובק,120 גרם,Sauces & Spreads
7290012227981,פסטרמה ברביקיו דק דק דק,זוגלובק,120 גרם,Meat & Fish
7290012227998,חזה בקר דק דק 120 גרם,זוגלובק,120 גרם,Meat & Fish
7290012228261,נקניקיות קנקרס300זוגלובק,זוגלובק,300 גרם,Meat & Fish
7290012228278,נקניקיות בוקוורסט310ג,זוגלובק,310 גרם,Meat & Fish
7290012244018,עוג.מוס ר.חלב+שוק.לבן1קג,סהרון,1 יחידות,Dairy
7290012244032,עוגת מוס היער השחור,סהרון,1 יחידות,Other
7290012244278,עוגת היער השחור-פרווה720,סהרון,720 גרם,Other
7290012244643,מארז פיתה תימנית5יח*100ג,מאפיית שלמה א. אנגל,1 יחידות,Other
7290012309311,ערמונים קלופים שלמים100ג,דין שיווק,100 גרם,Other
7290012309939,חלבה מסולסלת 450 גרם,,450 גרם,Dairy
7290012367700,ק.גוף אפקטיב קר שיבול700,פישר מעבדות פרמצבטיות בע,700 מיליליטר,Other
7290012404955,ספרינג קולקש.חמוציות1.25,יפאורה תבורי בעמ,1.25 ליטר,Other
7290012413636,תה ירוק צאי מסאלה 25שק,ויסוצקי,37 גרם,Drinks
7290012413643,תה ירוק קמומיל 25שק*1.5ג,ויסוצקי,37 גרם,Drinks
7290012522581,שניצל תירס טבעול ל.גלוטן,טבעול,664 גרם,Meat & Fish
7290012561337,שורש כורכום כתוש 70 גרם,דורות,70 גרם,Other
7290012561405,בצל קצוץ ומטוגן 180 גרם,דורות,180 גרם,Vegetables
7290012561658,מיץ לימון טבעי במגשית 65,דורות,65 גרם,Drinks
7290012576591,"גוורצטרמינר רזרב 750 מ""ל",יקבי ברקן שיווק והפצה בע,750 מיליליטר,Other
7290012576607,"קברנה פרמייר 750 מ""ל",יקבי ברקן,750 מיליליטר,Other
7290012576614,"ריזלינג פרמייר 750 מ""ל",יקבי ברקן שיווק והפצה בע,750 מיליליטר,Other
7290012588501,איילנד מנגו 1 ליטר,פאראגאלה דה אגיפשן קו,1 ליטר,Fruit
7290012588518,איילנד נקטר גויאבה 1ליטר,פאראגאלה דה אגיפשן קו,1 ליטר,Other
7290012645112,יוגורט עיזים בדלי 750גרם,מחלבת סוסיא,750 גרם,Dairy
7290012645129,יוגורט כבשים בדלי 750גרם,מחלבת סוסיא,750 גרם,Dairy
7290012645297,יוגורט עיזים ביו 150 גרם,מחלבת סוסיא,150 גרם,Dairy
7290012645389,יוגורט עיזים לשתיה 1 ל,מחלבת סוסיא,1 ליטר,Dairy
7290012803055,סוכרלוז 100 שקיות,"שוגארט בע""מ",100 גרם,Other
7290012884986,"ציפס לתנור 1.5 ק""ג","תפוגן תעשיות בע""מ",1.5 קילוגרם,Snacks
7290012901355,מקרוני+רוטב גבינה206ג,הנדריקס פודס,206 גרם,Sauces & Spreads
7290012901959,ארוחת פסטה+רוטב גבינה156,הנדריקס פודס,156 גרם,Sauces & Spreads
7290012901973,שעועית אדומה 400 גרם,יורוקום אס.אר.אל,400 גרם,Other
7290012911095,"רוטב סויה כהה 500 מ""ל",HEALTY FOOD,500 מיליליטר,Sauces & Spreads
7290012911262,מירין רוט.תיבול בישול500,---,500 מיליליטר,Other
7290012911293,דפי אורז עגולים 300 גרם,SAFOCO,300 גרם,Other
7290012911415,מחית קארי ירוק 400 גרם,KRS,400 גרם,Other
7290012911422,מחית קארי אדום 400 גרם,KRS,400 גרם,Other
7290012911477,"קרם קוקוס 400 מ""ל",---,400 מיליליטר,Other
7290012911644,סריראצה רוט.צילי חריף435,---,435 מיליליטר,Other
7290012911675,פטריות שטאקי מיובשות85גר,שנחאי דיאשאן אדיבלנו 729,85 גרם,Vegetables
7290012911804,"שמן שומשום 150 מ""ל",---,150 מיליליטר,Sauces & Spreads
7290012911866,דפי אורז מרובע300ג22X22,SAFOCO,300 גרם,Other
7290012911934,שבבי אורז 227 גרם,---,227 גרם,Other
7290012911941,"רוטב צילי מתוק ללת""ס700",KRS,700 מיליליטר,Sauces & Spreads
7290012921025,"בירה מלכה בהירה 330 מ""ל",בירה מלכה,330 מיליליטר,Drinks
7290012921032,"בירה מלכה אדמונית 330מ""ל",בירה מלכה,330 מיליליטר,Drinks
7290012921056,"בירה מלכה חיטה 330 מ""ל",,330 מיליליטר,Drinks
7290012938405,רדיד אלומיניום דיימונד,ריינולדס,7600 מטרים,Other
7290012962448,מדליק פחמים נוזל250 איזי,S.C.B.V,250 מיליליטר,Other
7290012962561,500 קיסמי שיניים במבוק,Z.H.LNDUS,1 יחידות,Other
7290012962578,300צמרוני אוזניים בקופסא,S.T.O Co Ltd,1 יחידות,Other
7290013027399,לחם מלא100%+שיפון-קל750ג,מאפיית שלמה א. אנגל,750 גרם,Other
7290013083661,מטרנה אקסטרה קר שלב1 700,מטרנה תעשיות ש.מ,700 גרם,Other
7290013083678,מטרנה אקסטרה קר שלב2 700,מטרנה תעשיות ש.מ,700 גרם,Other
7290013083685,מטרנה אקסטרה קר שלב3 700,מטרנה תעשיות ש.מ,700 גרם,Other
7290013090010,עגבניה אשכולות אורגני (ק,,500 גרם,Vegetables
7290013090133,מארז צנונית אורגנית,,1 יחידות,Other
7290013090157,חסה ערבית אורגנית- יח,גרין,1 יחידות,Vegetables
7290013090171,חסה לבבות אורגנית,גרין,1 יחידות,Vegetables
7290013090225,סלרי עלים אורגני - יח,גרין,1 יחידות,Other
7290013090294,דובדבן אורגני יחידה,גרין,1 יחידות,Other
7290013090355,מארז תאנים - אורגניות,גרין,1 יחידות,Other
7290013090362,עלי מנגולד אורגני -יחידה,גרין,1 יחידות,Fruit
7290013090379,בצל ירוק אורגני יחידה,גרין,1 יחידות,Vegetables
7290013090386,לוף (כרישה) אורגני - יח,גרין,1 יחידות,Other
7290013090409,קייל אורגני - יחידה,גרין,1 יחידות,Other
7290013090430,בוקצוי אורגני - יחידה,,1 יחידות,Other
7290013090454,פלפל חריף אדום אורגני יח,גרין,1 יחידות,Vegetables
7290013090461,תרד עלים אורגני - יחידה,גרין,1 יחידות,Other
7290013090485,בזיליקום אורגני,גרין,1 יחידות,Other
7290013090492,כוסברה אורגנית,גרין,1 יחידות,Other
7290013090508,נענע אורגנית - יח,גרין,1 יחידות,Other
7290013090515,פטרוזיליה אורגנית יחידה,גרין,1 יחידות,Other
7290013090546,עגבנ.שרי תמר אורגני,יבולי בר אורגני,1 קילוגרם,Other
7290013090553,שרי ליקופן ארוז אורגני,גרין,1 יחידות,Other
7290013090577,מארזמלפפון בייבי אורגני,גרין,1 יחידות,Vegetables
7290013090683,פלפל ביס מתוק אורגני יח,גרין,1 יחידות,Vegetables
7290013090768,ברוקולי אורגני מארז,"משק צור עין יהב בע""מ",1 יחידות,Vegetables
7290013090850,חסה סלנובה אורגני יחידה,גרין,1 יחידות,Vegetables
7290013090867,מארז שורש כורכום אורגני,,1 יחידות,Other
7290013117212,בורקס פילו גבינה 600 גרם,"מעדנות בע""מ",600 גרם,Dairy
7290013117229,"בורקס פילו תפו""א 600 גרם","מעדנות בע""מ",600 גרם,Prepared
7290013117410,בצק פריך מתוק 450X2 900,"מעדנות בע""מ",900 גרם,Other
7290013117427,בצק פריך מלוח 450X2גרם 0,"מעדנות בע""מ",900 גרם,Other
7290013117526,בצק שמרים למאפים מתוקים,"מעדנות בע""מ",900 גרם,Other
7290013121028,לחם לבן ללא גלוטן 500גרם,,500 גרם,Dairy
7290013121035,לחם פשתן ללא גלוטן 500גר,,500 גרם,Other
7290013121103,4י שליש באגט400 גריןלייט,,400 גרם,Other
7290013121110,4לחמניות בורגר350גריןליט,,350 גרם,Other
7290013121127,לחמניות מיני לא גלוטן420,,460 גרם,Other
7290013121158,4לחמנית סנדביץ460גריןליט,,460 גרם,Other
7290013121165,6לחמניות נקניק460גריןליט,,460 גרם,Meat & Fish
7290013121752,לחם לבן ביתי ללא גלוטן 7,,700 גרם,Dairy
7290013121776,"לחם כפרי ללת""ס700 גרם",,700 גרם,Other
7290013128393,תמר מגהול סופר עסיסי,"דוד חי בע""מ",1 יחידות,Other
7290013144195,תערובת כדורי שוקולד500גר,א.ל ייצור ושיווק תבלינים,500 גרם,Snacks
7290013144201,תערובת פנקייק 400 גרם,א.ל ייצור ושיווק תבלינים,400 גרם,Other
7290013144218,תערובת עוגת וניל 560 גרם,א.ל ייצור ושיווק תבלינים,560 גרם,Other
7290013144317,גוני גלילית וופל 18יח,הגביע,1 יחידות,Snacks
7290013144393,"תמצית בטעם וניל 50 מ""ל",א.ל ייצור ושיווק תבלינים,50 מיליליטר,Other
7290013144751,סירופ בטעם מייפל 500גרם,א.ל ייצור ושיווק תבלינים,500 גרם,Other
7290013144768,סירופ בטעם שוקולד 500גרם,א.ל ייצור ושיווק תבלינים,500 גרם,Snacks
7290013145192,שומשום 100 גרם,א.ל ייצור ושיווק תבלינים,100 גרם,Other
7290013145277,עלים לקרמשניט 300 גרם,MARISTELLA SRL,300 גרם,Other
7290013145949,אבקת סוכר אריזת פטנט250ג,א.ל ייצור ושיווק תבלינים,250 גרם,Other
7290013153418,מיץ סחוט לימון נענע 1 לי,---,1 ליטר,Drinks
7290013215017,פטריות שמפניון - צמד,מרינה,420 גרם,Vegetables
7290013215031,פטריות פורטבלו למילוי,חוות שמפניון,1 יחידות,Vegetables
7290013215123,פטריות שמפניון למילוי,קטיף.,1 יחידות,Vegetables
7290013215314,פטריות פורטובלו - צמד,"חוות הדרום בע""מ",1 יחידות,Vegetables
7290013215369,פטריות מעורב - צמד,"חוות הדרום בע""מ",1 יחידות,Vegetables
7290013215901,צמד פטריות פורטובלו 600ג,חוות שמפניון,600 גרם,Vegetables
7290013215918,צמד פטריות מעורב,חוות שמפניון,600 גרם,Vegetables
7290013215925,צמד פטריות שמפניון יחידה,חוות שמפניון,600 גרם,Vegetables
7290013215956,פטריות פורטובלו 300 גרם,חוות שמפניון,300 גרם,Vegetables
7290013215970,פטריות שמפיניון יחידה,חוות שמפניון,300 גרם,Vegetables
7290013267665,מאג.מיני סולרו טרופי5*59,"גלידת שטראוס בע""מ",295 גרם,Frozen
7290013268020,מקסימה סופר מרוכז פרש 1ל,סנו,1 ליטר,Other
7290013268891,אוקסיגן גל 3ליטר,סנו,3 ליטר,Other
7290013268990,מקסימה מרכך מרוכז ביו1ל,סנו,1 ליטר,Other
7290013269003,מקסימה מרכך בייבי 1 ליטר,סנו,1 ליטר,Other
7290013269621,נוזל רצפה מלון 2ל ריצפז,סנו,2 ליטר,Fruit
7290013269911,"סנו ק-333 750מ""ל",,750 מיליליטר,Other
7290013276124,בירה נגב אמבר אייל 330מל,הכרם,330 מיליליטר,Drinks
7290013284136,מלפפונים במלח 7-9 560גרם,פריניר,560 גרם,Other
7290013284143,מלפפונים במלח 10-12 560ג,פריניר,560 גרם,Other
7290013284150,מלפפו.13-17במלח560פריניר,פריניר,560 גרם,Other
7290013284167,מלפפונים במלח 18-25 560ג,פריניר,560 גרם,Other
7290013284310,פריניר רוטב לפסטה 240גר,,240 גרם,Sauces & Spreads
7290013284662,פריניר רוטב פיצה 240גר,,240 גרם,Sauces & Spreads
7290013310101,שיפודי במבוק גמבו 50 יח,,1 יחידות,Other
7290013310163,מדליק פחם מוצק 40 יחידות,BX.P,1 יחידות,Other
7290013310477,שיפודי במבוק שטוחים 25יח,,1 יחידות,Other
7290013358356,פירורי לחם מוזהבים320גרם,עינת,320 גרם,Other
7290013358417,רוטב טריאקי אסייאתי300מ,קי.אר.אס. ספייסי פוד,300 מיליליטר,Sauces & Spreads
7290013358493,קרם קוקוס 400מ מאסטר שף,תאי קוקונט פבליק קומפני,400 מיליליטר,Other
7290013358530,"רוטב צילי מתוק 700 מ""ל",קי.אר.אס. ספייסי פוד,700 מיליליטר,Sauces & Spreads
7290013358547,"רוטב צילי חריף 700 מ""ל",מסוונג רונרוג בעמ,700 מיליליטר,Sauces & Spreads
7290013366108,אספרגוס טרי )ק(,כרמלים שדות חדשים,400 גרם,Other
7290013366634,חסה סלנובה הידרופוני )ק(,כרמלים שדות חדשים,160 גרם,Vegetables
7290013366665,לבבות חסה גמביט (ק),כרמלים שדות חדשים,1 יחידות,Vegetables
7290013366689,חסה לאליק הידרופוני (ק),כרמלים שדות חדשים,220 גרם,Vegetables
7290013366719,באקצ'וי הידרופוני )ק(,כרמלים שדות חדשים,200 גרם,Other
7290013381972,סרדין בש.חמניה124ג נאמן,ריזהאו גרין לייף,124 גרם,Other
7290013381989,סרדין בשמן+צלי124ג נאמן,ריזהאו גרין לייף,124 גרם,Other
7290013430250,בירה אלכסנדר חיטה 330 מל,אלכסנדר גורדון,330 מיליליטר,Drinks
7290013430304,"אלכסנדר גרין 330 מ""ל",אלכסנדר גורדון,330 מיליליטר,Other
7290013433077,גרנולה אגוז/פירות300גר,אפקט טבעי,300 גרם,Fruit
7290013433084,גרנולה46%פירות+רכיבהם300,אפקט טבעי,300 גרם,Fruit
7290013433091,גרנולה 8% שוקולד מריר300,אפקט טבעי,300 גרם,Snacks
7290013433107,גרנולה חלבה תמר קשיו300ג,אפקט טבעי,300 גרם,Dairy
7290013433244,גרנולה 18% חלבון 300 גרם,אפקט טבעי,300 גרם,Dairy
7290013433336,גרנולה 48% סופרפוד 300 ג,אפקט טבעי,300 גרם,Other
7290013440648,מאג.קרחוני אבטיח5י נסטלה,גלידות נסטלה (נגה גלידות,540 גרם,Frozen
7290013453044,"עוגיות שוקולד ציפס לל""ס","דני וגלית בע""מ",230 גרם,Snacks
7290013453068,עוגיות כוסמין פירות יער,,240 גרם,Snacks
7290013453075,עוגיות שיבולת שועל טחינה,,270 גרם,Sauces & Spreads
7290013453082,עוג.כוסמין ושוקוציפס230,,230 גרם,Snacks
7290013453136,עוגיות כוסמין תפוחים230ג,,230 גרם,Snacks
7290013453266,מקלוני כוסמין וקצח 200 ג,"דני וגלית בע""מ",200 גרם,Other
7290013453280,מקלוני כוסמין וזעתר200גר,"דני וגלית בע""מ",200 גרם,Other
7290013453488,עוג מרוקאיות מכוסמין 230,"דני וגלית בע""מ",230 גרם,Other
7290013453501,ביסקוטי כוסמין שוקולד200,"דני וגלית בע""מ",200 גרם,Snacks
7290013453624,עוגיות שוקולד ציפס230גר,"דני וגלית בע""מ",230 גרם,Snacks
7290013453631,כדורי שוקולד+בוטנים230ג,"דני וגלית בע""מ",230 גרם,Snacks
7290013453679,"עוגיות אוכמניות ללת""ס230","דני וגלית בע""מ",230 גרם,Snacks
7290013453686,עוגיות מייפל/ופקאן 230 ג,,230 גרם,Snacks
7290013453693,עוגיות גרידת לימון 230 ג,,230 גרם,Snacks
7290013472199,ערמונים קלופים+קלויים100,בייגינג פוינונג צסטנאט,100 גרם,Other
7290013492005,"תפו""א למיקרו (ק)","צילי זהבי בע""מ",700 גרם,Vegetables
7290013521408,אבקת מרק ירקות אורג200ג,,200 גרם,Prepared
7290013531117,רוטב פסטה לילדים יכין,"זנלכל בע""מ",240 גרם,Sauces & Spreads
7290013531346,סירופ דיאט לימונענע 1ל,"זנלכל בע""מ",1 ליטר,Other
7290013531759,שעועית אפויה במים 550גרם,"זנלכל בע""מ",550 גרם,Other
7290013540874,נתחי טונה בשמן קנולה414,תעשיות פילטונה,414 גרם,Meat & Fish
7290013579607,מנות סלמון נורווגי עםעור,סלמאר איי אס,600 גרם,Meat & Fish
7290013585233,"ספרייט זירו 330 מ""ל",---,330 מיליליטר,Other
7290013585257,"ספרייט זירו 500 מ""ל",---,500 מיליליטר,Other
7290013585387,קולה זירו 1 ליטר,---,1 ליטר,Drinks
7290013585394,קוקה קולה 1 ליטר,---,1 ליטר,Drinks
7290013585967,ספרייט זירו פחיות 6*330מ,---,1.98 ליטר,Other
7290013608260,מיץ רימונים סחוט 1 ל,גניר,1 ליטר,Drinks
7290013608864,משקה פירות הדר סחוט 1 לי,"גניר 1992 בע\""מ",1 ליטר,Drinks
7290013645050,"פירורי לחם לל""ג300 שרהלה",,300 גרם,Other
7290013677563,קינואה אדומה 500ג מיה,מיה,500 גרם,Other
7290013677655,סודה לשתיה צנצנת 600 גרם,מיה תעשיות מזון מ.ת.מ. ב,600 גרם,Drinks
7290013677822,"גריסי פנינה 1 ק""ג מיה",מיה,1 קילוגרם,Other
7290013677846,"כוסמת 1 ק""ג מיה",מיה,1 קילוגרם,Other
7290013683595,עוגת פס שביל החלב 600 גר,סהרון,600 גרם,Dairy
7290013683618,"עוגת קצפת שוקולד 1.3 ק""ג",סהרון,1.3 קילוגרם,Snacks
7290013683625,עוגת קצפת ריבת חלב 1.3קג,סהרון,1.3 קילוגרם,Dairy
7290013683632,עוגת קצפת עם אגוזים1.3קג,סהרון,1.3 קילוגרם,Other
7290013771216,פטאקי 16%שומן 250 גרם,מחלבות רמת הגולן,250 גרם,Dairy
7290013771384,יוגורט יווני6.5%שומן400ג,מחלבות רמת הגולן,400 גרם,Dairy
7290013787392,רביולי גבינות330ג ריקו,דודו איטליאן פרודקטס בע\,330 גרם,Dairy
7290013787408,רביולי בטטה 330 גרם,דודו איטליאן פרודקטס בע\,330 גרם,Other
7290013787415,רביולי תרד וריקוטה 330גר,דודו איטליאן פרודקטס בע\,330 גרם,Dairy
7290013787422,רביולי פטריות כמהין 330ג,דודו איטליאן פרודקטס בע\,330 גרם,Vegetables
7290013843678,100כפפות ניטרילLשחור KGR,שניב תעשיות נייר,1 יחידות,Other
7290013843685,100כפפות ניטרילMשחור KGR,שניב תעשיות נייר,1 יחידות,Other
7290013843692,100כפפות ניטרילSשחור KGR,שניב תעשיות נייר,1 יחידות,Other
7290013847454,טונה סטארקיסט קנולה4*160,טונה ויטנאם קו. אל.טי.די,640 גרם,Meat & Fish
7290013847645,טונה בש.זית סטארקיסט3*80,תאי יוניון מנופקצורינג,240 גרם,Meat & Fish
7290013848758,גל לכביסה בייבי 3 ליטר,סנו,3 ליטר,Other
7290013903594,רסק תפוחים טבעי 670 גרם,טעמי הגליל,670 גרם,Fruit
7290013927101,"עוגה ללת""ס תפו""ע 450 גרם","אחדות ביח""ר לטחינה",450 גרם,Sauces & Spreads
7290013927156,"עוגה ללת""ס פ.יער450ג","אחדות בע""מ א.ת. ברקן",450 גרם,Snacks
7290013994295,קינואה אדומה אורגנית 500,אול אורגני,500 גרם,Other
7290013994301,קינואה שחורה אורגנית 500,אול אורגני,500 גרם,Other
7290013994318,קינואה טריקולור אורגנית,אול אורגני,500 גרם,Other
7290013994417,גרע.שיבולת שועל אורג500ג,אול אורגני,500 גרם,Other
7290013994554,אורז בסמטי לבן אורגני500,אול אורגני,500 גרם,Dairy
7290013994578,סובין שיבולת שועל 300גר,אול אורגני,300 גרם,Other
7290013994653,קינואה אורגנית 500 גרם,אול אורגני,500 גרם,Other
7290013994776,גרגירי תירס קפוא אורג800,פינגווין,800 גרם,Frozen
7290013994783,שעועית עדינ.קפוא אורג800,פינגווין,800 גרם,Frozen
7290013994790,לקט ירקות קפוא אורגני800,פינגווין,800 גרם,Frozen
7290013994806,אפונה עדינה קפוא אורג600,פינגווין,600 גרם,Frozen
7290013994820,שומשום שחור אורגני 300 ג,אול אורגני,300 גרם,Other
7290013994912,קמח כוסמין 70%אורגני 1קג,---,1 קילוגרם,Other
7290014002197,חליטת קמומיל ולימונית25ש,ויסוצקי,37 גרם,Other
7290014002203,חליטת לימונית לואיזה 25ש,ויסוצקי,37 גרם,Other
7290014002944,חליטת חמדת השקד 25ש*2.3ג,ויסוצקי,57 גרם,Other
7290014002982,תה ירוק סטיביה+לימונית25,ויסוצקי,37 גרם,Drinks
7290014021518,חטיף אננס קראנצי20ג פרי,לנאקו שוואנגטי פודסטאף,20 גרם,Snacks
7290014021549,חטיף תפוח קראנצי20ג פרי,---,20 גרם,Snacks
7290014021716,חטיף מנגו קראנצי20ג פרי,---,20 גרם,Snacks
7290014046016,פסטרמה של פעם 250גרם,יחיעם,250 גרם,Meat & Fish
7290014046474,"נקניקיות עוף 1.5 ק""ג",יחיעם,1.5 קילוגרם,Meat & Fish
7290014046757,סלמי תה 300 גרם,יחיעם,300 גרם,Drinks
7290014056008,"שפירא פייל אייל 330 מ""ל","מבשלת שפירא בע\""מ\n",330 מיליליטר,Other
7290014056053,"שפירא איי.פי.איי 330 מ""ל","מבשלת שפירא בע\""מ\n",330 מיליליטר,Other
7290014059085,משחת סנסודיין לשיקום75מ,DE MICLEN,75 מיליליטר,Other
7290014079236,פטריות פורטובלו- בודד,מרינה,220 גרם,Vegetables
7290014079847,פטריות פורטובלו - צמד,מרינה,1 יחידות,Vegetables
7290014094543,"תרסיס שמן קנולה 186 מ""ל",,186 מיליליטר,Sauces & Spreads
7290014094833,צימוק בהיר 300 גרם,דין שיווק,300 גרם,Other
7290014094840,צימוק כהה 300 גרם,דין שיווק,300 גרם,Other
7290014094857,פקאן סיני 150 גרם,דין שיווק,150 גרם,Other
7290014094895,אגוזי מלך קלופים 150 גרם,דין שיווק,150 גרם,Other
7290014094901,פקאן קלוף150ג ששון הקולה,דין שיווק,150 גרם,Drinks
7290014095861,שבולת שועל דקה 400 גרם,דין שיווק,400 גרם,Other
7290014095960,שיבולת שועל עבה 400 גרם,דין שיווק,400 גרם,Other
7290014217003,פפריקה מעושנת במיכל90ג,תבליני טעם וריח,90 גרם,Other
7290014217010,תערובת לדגים במיכל90ג,תבליני טעם וריח,90 גרם,Meat & Fish
7290014217119,תערובת תיבול לציפס100ג,תבליני טעם וריח,100 גרם,Snacks
7290014217140,תערובת ראס אל חנות100ג,תבליני טעם וריח,100 גרם,Other
7290014217157,תערובת תיבול טוסקנה120ג,תבליני טעם וריח,120 גרם,Other
7290014217164,תבלין פטרוזליה 20 גרם,תבליני טעם וריח,20 גרם,Sauces & Spreads
7290014217171,תערובת תיבול גריל דג100ג,תבליני טעם וריח,100 גרם,Meat & Fish
7290014217225,גריל עוף במיכל 120 גרם,תבליני טעם וריח,120 גרם,Meat & Fish
7290014217263,תערובת תיבול לפרגיות100ג,תבליני טעם וריח,100 גרם,Other
7290014217362,תיבול לקציצות 100 גרם,תבליני טעם וריח,100 גרם,Prepared
7290014217478,תער.עשבי תיבול איטלקי30ג,תבליני טעם וריח,30 גרם,Other
7290014217485,תערובת תיבול קייגון100ג,תבליני טעם וריח,100 גרם,Other
7290014217492,תערובת תיבול פילדלפיה100,תבליני טעם וריח,100 גרם,Other
7290014217522,תערובת לחם שום 100 גרם,תבליני טעם וריח,100 גרם,Other
7290014218321,בורקס יפו גבינה 600גרם,"מעדנות בע""מ",600 גרם,Dairy
7290014218338,"בורקס יפו תפו""א 600גרם","מעדנות בע""מ",600 גרם,Prepared
7290014218932,חטיפי פיצה זיתים 710גרם,"מעדנות בע""מ",710 גרם,Prepared
7290014241589,מיקס אגוז+חמוציות150הטיב,גי אנד גי,150 גרם,Other
7290014256620,"קריניאנו באזז 750 מ""ל",יקבי כרמל,750 מיליליטר,Other
7290014256637,"מוסקטו באזז 750 מ""ל",יקבי כרמל,750 מיליליטר,Other
7290014321168,לחם לס פרוס 320 גרם,,320 גרם,Other
7290014321182,לחמניות לס קיטו 390 גרם,,390 גרם,Other
7290014321199,קרקרים פשתן צילי 125 גרם,,125 גרם,Snacks
7290014321205,קרקרים עם גרעיני פשתן125,,125 גרם,Snacks
7290014321229,בייגלה קיטו 170 גרם,---,170 גרם,Other
7290014321472,אלולוז אבקת ממתיק 400 גר,"דלימקס 2013 בע""מ",400 גרם,Other
7290014321977,שטוחונים בתוספת חלבון150,,150 גרם,Dairy
7290014325012,זרעי ציה 200 גרם,מיה תעשיות מזון מ.ת.מ. ב,200 גרם,Other
7290014325036,סוכריות גלי שמחות 600גרם,סרוון סקרלמה גידה,600 גרם,Snacks
7290014325050,קורנפלור 500 גרם מיה,מיה,500 גרם,Other
7290014426061,משחת שיניים הלו קיטי50מ,כצט,50 מיליליטר,Other
7290014455245,גרנה פדנו משולש 200 גרם,גרנה פדני איטליה,200 גרם,Other
7290014455252,גרנה פדנו מגורדת 100 גרם,---,100 גרם,Other
7290014455320,כדור מוצרלה פרסקה 100גרם,מחלבות גד,100 גרם,Dairy
7290014455467,מעדן שיבולת שועל 150 גרם,מחלבות גד,150 גרם,Dairy
7290014462342,מארז אבוקדו בשל האס,"גליל שיווק מקומי אגש""ח",1 יחידות,Other
7290014471412,מוזלי בוטן לוז ושקד850גר,דין שיווק,850 גרם,Other
7290014471429,מוזלי פירות יבשים 850ג,דין שיווק,850 גרם,Fruit
7290014471443,גרנולה אגוזים850גר,דין שיווק,850 גרם,Other
7290014503137,דלתון כנען אדום גליל750,---,750 מיליליטר,Other
7290014503144,"דלתון כנען גליל750מ""ל",יקב דלתון,750 מיליליטר,Other
7290014503625,דלתון קברנה סוביניון 750,"יקב דלתון בע\""מ",750 מיליליטר,Other
7290014503632,"דלתון מרלו אסטייט 750מ""ל","יקב דלתון בע""\מ",750 מיליליטר,Other
7290014503830,דלתון שרדונה אסטייט 750,"יקב דלתון בע""\מ",750 מיליליטר,Other
7290014525290,סלים דליס קריספי תות125ג,סלים דליס,125 גרם,Fruit
7290014525313,סלים דליס קריספי שוק125ג,סלים דליס,125 גרם,Other
7290014562462,"תרכיז תפוחים 650 מ""ל",,650 מיליליטר,Fruit
7290014587113,קמח קוקוס אורגני 500 גרם,הירו נייצר פרודקטס,500 גרם,Other
7290014648081,10סכין גילוח חדפLA BELLE,נינגבי הווארד,1 יחידות,Other
7290014648098,5סכין גילוח חדפ LA BELLE,נינגבי הווארד,1 יחידות,Other
7290014648913,פדים קוסמטיים שלישיה,נינגבי הווארד,1 יחידות,Other
7290014651920,קבוקים שומשום200גרם הטיב,גי אנד גי,200 גרם,Other
7290014692299,גבינת ברי 125 גרם,,125 גרם,Dairy
7290014692305,גבינת קממבר 125ג אירו,,125 גרם,Dairy
7290014692565,גרעיני תירס מתוק 320 גרם,,320 גרם,Vegetables
7290014692817,מוצרלה מגורדת 200ג אירו,,200 גרם,Dairy
7290014704718,קפה טורקי רגואן 150 גרם,רוני רגואן ושות,150 גרם,Drinks
7290014704725,מארז קפה רגואן 2*100 גר,רוני רגואן ושות,200 גרם,Drinks
7290014731264,100כוסות לשתיה קרה 180מל,YL TR,1 יחידות,Other
7290014749245,צונגו שומשום 600 גרם,מוצרי עוף טוב,600 גרם,Meat & Fish
7290014749726,שניצל קריספי ביתי 700גרם,מוצרי עוף טוב,700 גרם,Meat & Fish
7290014749764,שניצל ביתי מעודן 700 גרם,מוצרי עוף טוב,700 גרם,Meat & Fish
7290014749849,שניצל דק קריספי שומשום,מוצרי עוף טוב,720 גרם,Meat & Fish
7290014758100,יוגורט ביו3% 8*150 תנובה,,1.2 קילוגרם,Dairy
7290014758117,יוגורט ביו1.5% 8יח תנובה,,1.2 קילוגרם,Dairy
7290014758162,חלב עיזים4%שומן 1ל תנובה,,1 ליטר,Dairy
7290014758681,קוטג 1% 250 גרם,,250 גרם,Dairy
7290014759084,גבינת נפוליאון 16% 225גר,,225 גרם,Dairy
7290014759978,גבינת קשקבל / גלעד 200גר,"תנובה בע""מ",200 גרם,Dairy
7290014759985,גבינת גבע / פרמזן 200 גר,"תנובה בע""מ",200 גרם,Dairy
7290014759992,רוקפור גליל26% כבשים140ג,"תנובה בע""מ",140 גרם,Other
7290014760134,מעדן סויה בטעם וניל 125ג,---,125 גרם,Dairy
7290014760141,משקה שקדים טרי 1 ליטר,סוי מגיק,1 ליטר,Drinks
7290014760448,גבינה צהובה 22% 400 גרם,"תנובה בע""מ",400 גרם,Dairy
7290014760912,גוש חלב28%מהדרין400גרם,"תנובה בע""מ",400 גרם,Dairy
7290014761056,יולו שוקולד חלב מעולה123,,123 גרם,Snacks
7290014761063,יולו שוק.מריר מעולה123ג,,123 גרם,Other
7290014761070,יולו שוק.לבן מעולה123ג,,123 גרם,Dairy
7290014761414,יולו שכבות שוקולד 123 גר,,123 גרם,Snacks
7290014761612,יולו שכבות שוקו.מריר122ג,מחלבת אלון תבור,122 גרם,Drinks
7290014762220,גלי בטעם ענבים 125 גרם,"תנובה בע""מ",125 גרם,Fruit
7290014762800,מעדן סויה עם שוקולד,סוי מגיק,125 גרם,Snacks
7290014762831,נפוליאון+חלפיניו24% 225ג,"תנובה בע""מ",225 גרם,Other
7290014785007,גרגירי טפיוקה קטן 400 גר,---,400 גרם,Other
7290014785052,רוטב פטריות צמחוני 500מל,HEALTY FOOD,500 מיליליטר,Sauces & Spreads
7290014785564,אטריות מוכנות אודון200גר,QINGDAO PRIMA,200 גרם,Other
7290014785571,אטריות מוכנות להקפצה200ג,QINGDAO PRIMA,200 גרם,Other
7290014785588,אטריות ראמן מוכנות 200גר,קינגדאו פרימה פודס,200 גרם,Other
7290014785991,רוטב סויה ללא גלוטן500מל,GUANGZHOU LIANYI,500 מיליליטר,Sauces & Spreads
7290014791091,"שוופס לימונייד 500 מ""ל",יפאורה תבורי בעמ,500 מיליליטר,Other
7290014803671,סרדין ברוטב עגבני125נאמן,ריזהאו גרין לייף,125 גרם,Sauces & Spreads
7290014890145,גבינת שמנת 25%יעקס 225גר,משק יעקבס,225 גרם,Dairy
7290014890152,גב.שמנת זיתים25%יעקבס225,משק יעקבס,225 גרם,Dairy
7290014890169,גב.שמנת שום שמיר25% 225ג,משק יעקבס,225 גרם,Dairy
7290014890176,ריקוטה סגנון איטלק5% 250,משק יעקבס,250 גרם,Dairy
7290014890206,קרם פרש שמנת 40% 250ג,משק יעקבס,250 גרם,Dairy
7290014890572,יוגורט עיזים3.5% ביו850ג,גבינות משק יעקבס,850 גרם,Dairy
7290014890589,יוגורט יווני 8% 850 גרם,גבינות משק יעקבס,850 גרם,Dairy
7290014901261,"מסכת קרטין סטייל 500 מ""ל",א.ל ארמן,500 מיליליטר,Other
7290014901896,"מי פה 500 מ""ל סנסודיין",DE MICLEN,500 מיליליטר,Other
7290014935969,שום קלוף 500 ג,גינחיאן חינקין פריזינג,500 גרם,Other
7290014940901,לחם פשוט מלא 750 גרם,מאפיית שלמה א. אנגל,750 גרם,Other
7290015014021,לבבות חסה כשר (ק),א.מ.תקומה עשבי תיבול,1 יחידות,Vegetables
7290015014182,מארז לבבות חסה,א.מ.תקומה עשבי תיבול,1 יחידות,Vegetables
7290015014274,מארז צנונית (ק),א.מ.תקומה עשבי תיבול,400 גרם,Other
7290015039130,"חמאה בלגית לל""ת מלח 200ג",---,200 גרם,Dairy
7290015039246,טונה בשמן צמחי 4*160 גרם,,640 גרם,Meat & Fish
7290015039338,טונה במי מלח4*160ג,,640 גרם,Meat & Fish
7290015039635,גבינת פרמזן 200ג אירו,זנטי,200 גרם,Dairy
7290015055000,עגבניה שרי יובל ליקופן,,460 גרם,Vegetables
7290015127561,נקטר אגס תפו100%פרי ללס1,נוקדי המדבר,1 ליטר,Fruit
7290015129121,אטריות קונגאק נודלס270גר,,270 גרם,Other
7290015129145,אטריות קונגאק ספגטי270גר,,270 גרם,Other
7290015129220,פסטה קוסקוס קונגאק 270 ג,סצואן סנטאיואן,270 גרם,Other
7290015129251,פסטה פטוציני קונגאק270ג,סצואן סנטאיואן,270 גרם,Other
7290015129350,סקיני סופ פטריות 284ג,סצואן סנטאיואן,284 גרם,Vegetables
7290015129619,רוטב טריאקי ללתס ללג330מ,שאנדונג סיסיר בריוינג פו,330 מיליליטר,Sauces & Spreads
7290015129749,פסטה שיב.שועל נודלס270 ג,סצואן סנטאיואן,270 גרם,Other
7290015129756,פסטה שב.שועל פטוציני270ג,סצואן סנטאיואן,270 גרם,Other
7290015150590,תה ירוק גינגר חריף25שק,ויסוצקי,37 גרם,Drinks
7290015155823,מחית תפוח עץ120ג פרינוק,פרוטה פודיווין איי.אס,120 גרם,Fruit
7290015155830,מחית תפוח+בננה120 פרינוק,פרוטה פודיווין איי.אס,120 גרם,Fruit
7290015155847,מחית סלט פירות120 פרינוק,פרוטה פודיווין איי.אס,120 גרם,Prepared
7290015156776,מח.פירות טרופי120פרינוק,פרוטה פודיווין איי.אס,120 גרם,Fruit
7290015156790,מחית לפתן פירות120פרינוק,פרוטה פודיווין איי.אס,120 גרם,Fruit
7290015156813,מח.פרי מעורב120ג פרינוק,פרוטה פודיווין איי.אס,120 גרם,Other
7290015161176,"שמן קוקוס אורגני 330 מ""ל",אן.אם.קיי אגרו אינדסטריז,330 מיליליטר,Sauces & Spreads
7290015161190,שמן קוקוס אורגני 1 ליטר,אן.אם.קיי אגרו אינדסטריז,1 ליטר,Sauces & Spreads
7290015161244,קרם קוקוס אורגני17% שומן,NARA COCOLAND,400 מיליליטר,Drinks
7290015161831,פת פריכה אמרנט ל.ג100ג,אקסטרודו בציצה,100 גרם,Other
7290015161848,פת פריכ.כוסמ.קינוא100ל.ג,אקסטרודו בציצה,100 גרם,Other
7290015161862,פת פריכה+ערמונים100ל.ג,אקסטרודו בציצה,100 גרם,Other
7290015161930,פסטה מקמח עדשים 250ג,GOVI FARM,250 גרם,Other
7290015324007,פלפל שחור גרוס בשקית80ג,תבליני טעם וריח,80 גרם,Vegetables
7290015324014,פלפל שחור טחון בשקית80ג,תבליני טעם וריח,80 גרם,Vegetables
7290015324038,פפריקה בשמן בשקית 80 גרם,תבליני טעם וריח,80 גרם,Other
7290015324045,פפריקה חריפה בשקית 80גרם,תבליני טעם וריח,80 גרם,Other
7290015324052,פפריקה מתוקה בשקית 80גרם,תבליני טעם וריח,80 גרם,Other
7290015324069,גריל עוף בשקית 80 גרם,תבליני טעם וריח,80 גרם,Meat & Fish
7290015324076,זעתר בשקית 80 גרם,תבליני טעם וריח,80 גרם,Other
7290015324083,מלח לימון בשקית 80 גרם,תבליני טעם וריח,80 גרם,Fruit
7290015324090,כמון בשקית 80 גרם,תבליני טעם וריח,80 גרם,Other
7290015324106,כורכום בשקית 80 גרם,תבליני טעם וריח,80 גרם,Other
7290015324168,על האש בשקית 80 גרם,תבליני טעם וריח,80 גרם,Other
7290015324526,תערובת תיבול לפרגיות 80,תבליני טעם וריח,80 גרם,Other
7290015324557,בהרט לבישול מיכל גדול80ג,תבליני טעם וריח,80 גרם,Other
7290015324564,כוסברה טחונה מיכל גדול70,תבליני טעם וריח,70 גרם,Other
7290015324663,תבלין צילי גרוס 70 גרם,תבליני טעם וריח,70 גרם,Sauces & Spreads
7290015350150,אדום חצי יבש של סגל750מל,"כרמיצבי-אחים סגל בע""מ",750 מיליליטר,Other
7290015366380,ספריי דוחה יתוש70מ ספירה,סאסא קוסמטיקס,70 מיליליטר,Other
7290015366670,משחת שיניים אקווה פרש100,HALEON,100 מיליליטר,Other
7290015395045,קינואה 400 גרם,"שקדיה גבע בע""מ",400 גרם,Other
7290015597210,מאג.קורנטו וניל פרוה6*63,"גלידת שטראוס בע""מ",378 גרם,Frozen
7290015597326,מאגדת אייס לייט 10*71ג,"גלידת שטראוס בע""מ",710 גרם,Frozen
7290015599023,צהובה טבעונית קלאסי200ג,,200 גרם,Other
7290015599054,צהובה טבעונית צדר 200גר,,200 גרם,Other
7290015599061,צהובה טבעונית מוצרלה200ג,אריויה,200 גרם,Dairy
7290015599078,צהובה טבעו.עשבי תיבול200,,200 גרם,Other
7290015599283,חביתה טבעונית 250 גרם,א.ל ייצור ושיווק תבלינים,250 גרם,Other
7290015599504,ממרח טעם חמאה אורגני225ג,דראגסבייאק,225 גרם,Sauces & Spreads
7290015662031,ספירולינה טריה 140 גרם,"אלגמור בע""מ",140 גרם,Other
7290015673013,טחון מהצומח 500ג טבע דלי,,500 גרם,Other
7290015673181,המבורגר קלאסי+ברוקולי400,טבע דלי,400 גרם,Meat & Fish
7290015673198,המבורגר טקסס+פטריות 400ג,טבע דלי,400 גרם,Meat & Fish
7290015673204,קבב מהצומח+פטרוזיליה400ג,טבע דלי,400 גרם,Meat & Fish
7290015673211,טחון מהצומח לבולונז500גר,טבע דלי,500 גרם,Other
7290015673464,שווארמה מן הצומח 400 גרם,---,400 גרם,Other
7290015726528,עוגת פס מוס טירמיסו,סהרון,500 גרם,Other
7290015726535,עוגת פס מוס בלגי פרווה,סהרון,500 גרם,Other
7290015733977,מטרנה קומפורט 700ג HM-O,מטרנה תעשיות ש.מ,700 גרם,Other
7290015766005,עגבניות שרי אדומות,טל נחום,460 גרם,Vegetables
7290015766012,עגבניות שרי נחומי,עידו נחום,460 גרם,Vegetables
7290015766043,עגבניות שרי מיקס,טל נחום,460 גרם,Vegetables
7290015775243,הטיב - חמאת פיסטוק 200 ג,גי אנד גי,200 גרם,Other
7290015781008,"יין ויזן מרלו 750 מ""ל","יקב טפרברג 1870 בע""מ",750 מיליליטר,Drinks
7290015781015,"יין ויזן מלבק 750 מ""ל","יקב טפרברג 1870 בע""מ",750 מיליליטר,Drinks
7290015781046,יין ויזן לבן חצי יבש750,"יקב טפרברג 1870 בע""מ",750 מיליליטר,Drinks
7290015781053,יין ויזן לבן יבש 750 מל,"יקב טפרברג 1870 בע""מ",750 מיליליטר,Drinks
7290015781091,"קברנה ויזן 750 מ""ל","יקב טפרברג 1870 בע""מ",750 מיליליטר,Other
7290015781107,יין סנגובזה אימפרשן750מ,"יקב טפרברג 1870 בע""מ",750 מיליליטר,Drinks
7290015781114,"מרלו אימפרשן 750 מ""ל","יקב טפרברג 1870 בע""מ",750 מיליליטר,Other
7290015781121,"קברנה אימפרשן 750 מ""ל","יקב טפרברג 1870 בע""מ",750 מיליליטר,Other
7290015781138,"שרדונה אימפרשן 750 מ""ל","יקב טפרברג 1870 בע""מ",750 מיליליטר,Other
7290015781152,"יין רוזה אימפרשן 750 מ""ל","יקב טפרברג 1870 בע""מ",750 מיליליטר,Drinks
7290015781169,יין חצי יבש אימפרשן 750,"יקב טפרברג 1870 בע""מ",750 מיליליטר,Drinks
7290015781268,"מוסקטו אדום מתוק750 מ""ל","יקב טפרברג 1870 בע""מ",750 מיליליטר,Other
7290015781275,"מוסקטו לבן מתוק 750 מ""ל","יקב טפרברג 1870 בע""מ",750 מיליליטר,Dairy
7290015781282,גוורצטרמינר אימפרשן750מ,,750 מיליליטר,Other
7290015781299,"יין ויזן שיראז 750 מ""ל","יקב טפרברג 1870 בע""מ",750 מיליליטר,Drinks
7290015879705,"תערובתאיטלקית לאפיה לל""ג",,1 קילוגרם,Other
7290015879712,"תערובת לל""ג לאפיית עוגות",,500 גרם,Other
7290015879729,תערובת לאפיה ללא גלוטן.,,500 גרם,Other
7290015968508,"כוסות פלסטיק 180 מ""ל 100",Y.P.A,1 יחידות,Other
7290015979122,סלרי עלים (ק),זנזורי,1 יחידות,Other
7290015979436,סלק עלים/מנגולד (ק),זנזורי,1 יחידות,Fruit
7290015979559,חסה ערבית,קטיף.,1 יחידות,Vegetables
7290015979870,כרוב סיני,"ש.ד זנזורי ובניו בע""מ",1 יחידות,Vegetables
7290016006346,"שוופס סודה 6*500 מ""ל",יפאורה תבורי בעמ,3 ליטר,Drinks
7290016077759,רוטב ברביקיו קלאסי 480גר,ה.י.היינץ הולדינג בי.וי,480 גרם,Sauces & Spreads
7290016087123,פריניר רוטב עגב קלאסי240,פריניר,240 גרם,Sauces & Spreads
7290016087147,פריניר רוטב עגב.לפיצה240,פריניר,240 גרם,Sauces & Spreads
7290016087192,פריניר עגב.מרוסקות מרוכז,פריניר,230 גרם,Other
7290016087215,פריניר עגבנ מרוסקות 230ג,פריניר,230 גרם,Other
7290016087222,פריניר רוטב לשקשוקה 230ג,פריניר,230 גרם,Sauces & Spreads
7290016087239,פריניר רוטב לשקשוקה 230ג,פריניר,230 גרם,Sauces & Spreads
7290016087499,עגבניות חתוכות דק 3*400ג,פריניר,1.2 קילוגרם,Vegetables
7290016087529,רוטב עגבניות פריניר 400ג,פריניר,400 גרם,Sauces & Spreads
7290016087758,גרעיני תירס מתוק 550 גרם,פריניר,550 גרם,Vegetables
7290016087765,גרעיני תירס קל 550 גרם,פריניר,550 גרם,Vegetables
7290016087772,גרגירי חומוס שלמים 550 ג,פריניר,550 גרם,Sauces & Spreads
7290016087796,גרעיני תירס מתוק 400 גרם,---,400 גרם,Vegetables
7290016087802,גרעיני תירס קל 400 גרם,פריניר,400 גרם,Vegetables
7290016087833,פרח ברוקלי קפוא700פריניר,,700 גרם,Frozen
7290016087840,פרח כרובית קפוא700פריניר,,700 גרם,Frozen
7290016087901,גרגירי חומוס שלמים 400 ג,---,400 גרם,Sauces & Spreads
7290016087918,שעועית לבנה מושרית 400 ג,---,400 גרם,Other
7290016096491,טונה בהירה שמן צמחי3*80ג,תעשיות פילטונה,240 גרם,Sauces & Spreads
7290016096507,טונה בשמן קנולה3*80 גרם,תעשיות פילטונה,240 גרם,Meat & Fish
7290016102796,8 גביעי אחסון 1/4 ליטר,ר.שמאי,1 יחידות,Other
7290016146004,קמח שקד קלוף 300 גר,שקד תבור,300 גרם,Other
7290016156416,קציצות עדשים כתומות225ג,---,225 גרם,Prepared
7290016162219,כדורי שוקולד פרווה 300 ג,תופינים מקבוצת קפולסקי,300 גרם,Snacks
7290016162264,עוגת גבינה רנסנס 450 גרם,קפולסקי,450 גרם,Dairy
7290016197600,דיפנד תחבושות נורמל12יח,קימברלי קלארק,1 יחידות,Other
7290016197617,דיפנד תחבושות אקסטרה10י,קימברלי קלארק,1 יחידות,Other
7290016197624,דיפנד תחבושות סופר8יח,קימברלי קלארק,1 יחידות,Other
7290016197839,ש.אשפהXLחזקות 2*10 ניקול,חוגלה קימברלי,1 יחידות,Other
7290016217711,איקרה לבנה 200 גרם,סלטי שמיר 2006 בעמ,200 גרם,Prepared
7290016217728,איקרה אדומה 200 גרם,סלטי שמיר 2006 בעמ,200 גרם,Prepared
7290016233995,פילה אנשובי בשמן זית45גר,אינוורסינס פריסקו,45 גרם,Meat & Fish
7290016245325,לחם טחינה פרוס 450 גרם,ביכורים,450 גרם,Sauces & Spreads
7290016246018,חלבה מיקס פינוקיות10*20ג,רושדי תעשיות מזון,200 גרם,Dairy
7290016246445,טחינה מעודנת שומש.מלא310,רושדי תעשיות מזון,310 גרם,Sauces & Spreads
7290016270952,שום יבש ברשת אורגני,דנטל,1 יחידות,Other
7290016273090,סוכריה על מקל בטעמים31גר,,31 גרם,Snacks
7290016276534,"שקדיה שמן קוקוס 330 מ""ל",פיביטי,330 מיליליטר,Sauces & Spreads
7290016276756,מעדן 4 פירות 100% פרי (,סיטי פודסטף,284 גרם,Dairy
7290016299021,מרכך טיפולי חומצה 450מל,---,450 מיליליטר,Other
7290016299076,שמפו טיפולי חומצה 450מל,---,450 מיליליטר,Other
7290016299199,סרום חומצה היאלרונית100מ,ארגניה יצור ושיווק,100 מיליליטר,Other
7290016299755,"מרכך קיק ארגניה 450 מ""ל",---,450 מיליליטר,Other
7290016299878,מסיכה טיפולית לשיער500מ,---,500 מיליליטר,Other
7290016299885,"מסיכת קיק ארגניה 500 מ""ל",---,500 מיליליטר,Other
7290016299892,מסיכה לשיער קרטין 500מל,---,500 מיליליטר,Other
7290016314762,פרובנציאל מטיאס 200 גרם,סלטי שמיר 2006 בעמ,200 גרם,Prepared
7290016314779,פילה מטיאס הולנדי 200גרם,סלטי שמיר 2006 בעמ,220 גרם,Meat & Fish
7290016314786,הרינג כבוש עם בצל 220 גר,סלטי שמיר פל דג,220 גרם,Meat & Fish
7290016314816,סלט הרינג עם מיונז 200 ג,סלטי שמיר פל דג,200 גרם,Sauces & Spreads
7290016314823,סלט מטיאס עם מיונז 200 ג,סלטי שמיר 2006 בעמ,200 גרם,Sauces & Spreads
7290016314847,סלמון מובחר 100גרם,סלטי שמיר פל דג,100 גרם,Meat & Fish
7290016334050,סלרי עלים חתוך (ק),א.מ.תקומה עשבי תיבול,1 יחידות,Other
7290016334166,לוף/ כרישה (ק),א.מ.תקומה עשבי תיבול,1 יחידות,Other
7290016334173,מארז פלפלון 200גרם (ק),א.מ.תקומה עשבי תיבול,200 גרם,Vegetables
7290016334180,מלפפון בייבי 300גר (ק),א.מ.תקומה עשבי תיבול,300 גרם,Vegetables
7290016334388,פלפל צילי (ק),א.מ.תקומה עשבי תיבול,1 יחידות,Vegetables
7290016334463,שורש סלרי (ק),א.מ.תקומה עשבי תיבול,1 יחידות,Other
7290016334500,לבבות חסה בשקית (ק),א.מ.תקומה עשבי תיבול,1 יחידות,Vegetables
7290016334579,פטרוזיליה ארוזה (ק),א.מ.תקומה עשבי תיבול,1 יחידות,Other
7290016334586,כוסברה ארוזה (ק),א.מ.תקומה עשבי תיבול,1 יחידות,Other
7290016334593,שמיר ארוז (ק),א.מ.תקומה עשבי תיבול,1 יחידות,Other
7290016334609,נענע ארוזה (ק),א.מ.תקומה עשבי תיבול,1 יחידות,Other
7290016334616,בצל ירוק (ק),א.מ.תקומה עשבי תיבול,1 יחידות,Vegetables
7290016334623,סלרי עלים (ק),א.מ.תקומה עשבי תיבול,1 יחידות,Other
7290016334647,סלק עלים/מנגולד (ק),א.מ.תקומה עשבי תיבול,1 יחידות,Fruit
7290016334784,גינגר ארוז (ק),א.מ.תקומה עשבי תיבול,250 גרם,Other
7290016334975,אספרגוס (ק),א.מ.תקומה עשבי תיבול,1 יחידות,Other
7290016372496,חליטת גינגר ודבש 25שק,ויסוצקי,45 גרם,Sauces & Spreads
7290016416961,מוס גבינה+תות שדה400ג,קפולסקי,400 גרם,Dairy
7290016437423,16 תחתון סופג לאישהL,---,1 יחידות,Other
7290016437454,דיפנד תחתון סופג לגברS/M,---,1 יחידות,Other
7290016437591,תחתונים סופגיםM קוטקס8יח,חוגלה קימברלי,1 יחידות,Other
7290016437607,תחתונים סופגים קוטקס8יח,חוגלה קימברלי,1 יחידות,Other
7290016437645,האגיס פרידום פנטס32 שלב5,---,1 יחידות,Other
7290016437652,האגיס פרידום פנטס26 שלב6,---,1 יחידות,Other
7290016497243,ביגלה רומני 150גרם,"גידרון תעשיות בע""מ",150 גרם,Other
7290016497519,בייגל טוסט לבן,"גידרון תעשיות בע""מ",150 גרם,Dairy
7290016497526,בגט רוסטיק לבן 280ג,"גידרון תעשיות בע""מ",280 גרם,Dairy
7290016505023,ממתק שוק.קרם נוגט100פנדה,"פנדה מוצרים טבעונים בע""מ",100 גרם,Other
7290016509342,ס.אסלה כחול אקטיב3*50סוד,הנקל סוד,150 גרם,Other
7290016509786,גל כביסה פרסיל 2.5 ליטר,הנקל סוד,2.5 ליטר,Other
7290016509809,גל כב.פרסיל קולור 2.5 ל,הנקל סוד,2.5 ליטר,Other
7290016509830,גל כב.פרסיל בייבי 2.5 ל,הנקל סוד,2.5 ליטר,Other
7290016524994,ברבוניה מנוקדת 400 גרם ל,,400 גרם,Other
7290016584004,חטיפוני גזר 130 גרם,גיזרונים קיבוץ שלוחות,130 גרם,Vegetables
7290016584011,חטיפוני גזר 350 גרם,גיזרונים קיבוץ שלוחות,350 גרם,Vegetables
7290016606164,פריגורט תות אורגני 500 ג,חוות גבעות עולם,500 גרם,Fruit
7290016606171,פריגורט עיזים פ.יער 500ג,חוות גבעות עולם,500 גרם,Other
7290016606188,פריגורט עיזים פסיפלור500,חוות גבעות עולם,500 גרם,Other
7290016606201,פריגורט עיזים פרג 500 גר,חוות גבעות עולם,500 גרם,Other
7290016606522,יוגורט טבעי חלב עיזים850,לולי חוות גבעות עולם,850 גרם,Dairy
7290016621365,אל סבון כחול קמיל 1ליטר,פישר מעבדות פרמצבטיות בע,1 ליטר,Other
7290016682038,מיץ תפוזים100% סחוט 400מ,---,400 מיליליטר,Drinks
7290016682052,"משקה קל לימונענע 400 מ""ל",---,400 מיליליטר,Drinks
7290016682083,"שייק תות בננה משק""ל 400מ",פריניב,400 מיליליטר,Fruit
7290016682243,מיץ 100%אשכולית אדומה 1ל,---,1 ליטר,Drinks
7290016682342,מיץ תפוזים סחוט ולנסיה2ל,פריניב,2 ליטר,Drinks
7290016682359,מיץ תפוזים סחוט שמוטי2ל,---,2 ליטר,Drinks
7290016682366,מיץ תפוח עץ צלול 2 ליטר,---,2 ליטר,Drinks
7290016682373,משקה קל לימונדה בלדי 2ל,---,2 ליטר,Drinks
7290016682397,נקטר חמוציות 2 ליטר,---,2 ליטר,Other
7290016682496,חמוציות99%פרי 1ל פריניב,פריניב,1 ליטר,Other
7290016682687,משקה מנגו+חלבון400מ,פריניב,400 מיליליטר,Drinks
7290016682731,מיץ תפוזים סחוט שמוטי1ל,פריניב,1 ליטר,Drinks
7290016717631,"מוסקטו P.C 750 מ""ל",אגודת הכורמים הקואופרטיב,750 מיליליטר,Other
7290016717754,"יין ישן נושן 750 מ""ל",אגודת הכורמים הקואופרטיב,750 מיליליטר,Drinks
7290016809039,מארז פלפל צילי חריף (ק),"צילי זהבי בע""מ",1 יחידות,Vegetables
7290016809046,פלפל חריף חלפיניו (ק),"צילי זהבי בע""מ",200 גרם,Vegetables
7290016809329,מארז בצלצלי שאלוט (ק),"צילי זהבי בע""מ",230 גרם,Vegetables
7290016809473,מארז פלפל פדרון (ק),"צילי זהבי בע""מ",190 גרם,Vegetables
7290016818611,רביולי פרמזן וריקוטה300ג,דורום תעשיות מזון ופסטה,300 גרם,Dairy
7290016818628,רביולי בטטה 300 גרם,דורום תעשיות מזון ופסטה,300 גרם,Other
7290016818635,רביולי גבינות 300 גרם,דורום תעשיות מזון ופסטה,300 גרם,Dairy
7290016818642,רביולי פטריות ופרמזן300ג,דורום תעשיות מזון ופסטה,300 גרם,Vegetables
7290016818659,רביולי במילוי גבינה 300ג,דורום תעשיות מזון ופסטה,300 גרם,Dairy
7290016818666,רביולי תרד וריקוטה 300 ג,דורום תעשיות מזון ופסטה,300 גרם,Dairy
7290016818673,ניוקי תפוח אדמה 300 גרם,דורום תעשיות מזון ופסטה,300 גרם,Vegetables
7290016818918,רביולי גבינה לילדים 300ג,דורום תעשיות מזון ופסטה,300 גרם,Dairy
7290016818932,רביולי פיצה לילדים 300 ג,דורום תעשיות מזון ופסטה,300 גרם,Prepared
7290016865943,אטריות ביצים פטוציני400,פ.פ.פ טאביט פולין,400 גרם,Other
7290016866643,מ.ש.פרודונטקס פרש 75מ,DE MICLEN,75 מיליליטר,Other
7290016866674,"מש.פרודונטקס מלבין 75מ""ל",DE MICLEN,75 מיליליטר,Other
7290016867008,לחם כוסמין וחיטה מלאה750,"המאפה של ד""ר מרק",750 גרם,Prepared
7290016867046,פיתות קלות כוסמין 6 יח,,303 גרם,Fruit
7290016867053,לחם מחמצת כוסמין מלא450ג,,450 גרם,Other
7290016867114,לחם קל מכוסמין מלא 450 ג,,400 גרם,Other
7290016867176,לחמ.קלות שומ.כוסמין 350ג,,350 גרם,Other
7290016867282,פיתות כוסמין מלא 8 יח,"המאפה של ד""ר מרק",404 גרם,Prepared
7290016867299,8 לחמניות כוסמין דר מרק,"המאפה של ד\""ר מרק בריאות",1 יחידות,Prepared
7290016897043,חליט.כורכום גינגר20ש*2ג,"תה עדנים בע""מ",40 גרם,Drinks
7290016897906,חל.צאי קקאו אורג20*2.25ג,"תה עדנים בע""מ",45 גרם,Drinks
7290016897944,תה קלאסי 100שק תה עדנים,---,150 גרם,Drinks
7290016967074,לחם אנגל חיטה מלאה750ג,מאפיית שלמה א. אנגל,750 גרם,Other
7290017023212,"שוופס מוגז תפוח 4*330מ""ל",יפאורה תבורי בעמ,1.32 ליטר,Fruit
7290017023229,שוופס מוגז תות ליים4*330,יפאורה תבורי בעמ,1.32 ליטר,Fruit
7290017023236,"שוופס מוגז ענבים4*330מ""ל",יפאורה תבורי בעמ,1.32 ליטר,Fruit
7290017023854,שוופס סודה זכוכית4*250מל,יפאורה תבורי בעמ,1 ליטר,Drinks
7290017023861,שוופס סודה לימון4*250מל,יפאורה תבורי בעמ,1 ליטר,Drinks
7290017023878,שוופס סודה נענע 4*250מל,יפאורה תבורי בעמ,1 ליטר,Drinks
7290017031323,אטריות ביצים פפרדלה400ג,פ.פ.פ טאביט פולין,400 גרם,Other
7290017040318,"פיצה מרגריטה לל""ג330גר",PAZZAMI\n,330 גרם,Prepared
7290017040325,פיצה איטלקית טבעוניתכשלפ,PIZZAMI\n,360 גרם,Prepared
7290017040462,"פוקצה לל""ג+שמן זית330גר",---,330 גרם,Sauces & Spreads
7290017040554,מאפה דונאטס תות 111 גרם,---,111 גרם,Fruit
7290017040561,מאפה דונאטס וניל 111 גרם,---,111 גרם,Other
7290017040578,מאפה דונאטס שוקולד 111 ג,---,111 גרם,Snacks
7290017040622,פיצה מרגריטה בטעם 330,---,330 גרם,Prepared
7290017040776,מאפה דונאטס קרמל מלוח111,,111 גרם,Other
7290017046457,פחזניות קרם וניל 400 גרם,"גידרון תעשיות בע""מ",400 גרם,Other
7290017058146,"רסק תפו""ע עם אפרסק4*113",אינדיאן סאמר,452 גרם,Fruit
7290017065007,מוצרלה פרוסות22% 150 גרם,מחלבות גד,150 גרם,Dairy
7290017065137,ריקוטה למריחה 5% 200 גרם,מחלבות גד,200 גרם,Dairy
7290017065168,גבינה כחולה30% 100ג גד,ST.CLEMENS-BOMHOLMWS,100 גרם,Dairy
7290017065175,גב.מנצגו פרוסה39% 150גר,QUESERIAS,150 גרם,Other
7290017065212,קרם מסקרפונה 38% 250 גרם,מחלבות גד,250 גרם,Dairy
7290017065236,בולגרית מעודנת 24% 250 ג,מחלבות גד,250 גרם,Dairy
7290017065434,פרוסות גאודה30%בקר200גרם,מחלבות גד,200 גרם,Dairy
7290017065526,קוואטרו פורמאגי 300 גרם,מחלבות גד,300 גרם,Dairy
7290017065588,יוגורט יווני 10% 600 גרם,MKN,600 גרם,Dairy
7290017065618,פקורינו פרוס 34% 150גר,,150 גרם,Other
7290017065649,קרם פטיסייר 250 גרם,מחלבות גד,250 גרם,Dairy
7290017065663,פטה עיזים מעודנ 16% 250ג,מחלבות גד,250 גרם,Dairy
7290017065731,גבינת שמנת+כמהין200ג30%,מחלבות גד,200 גרם,Dairy
7290017065786,צדר 200 גרם,מחלבות גד,200 גרם,Dairy
7290017065977,פרוסות גבינת צדר 150גרם,מחלבות גד,150 גרם,Dairy
7290017065984,מק אנד ציז מיקס מגור200,מחלבות גד,200 גרם,Dairy
7290017068374,שמרים יבשים 500 גרם,מיה,500 גרם,Other
7290017068848,סוכריות צבעוניות לקישוט,מיה,180 גרם,Snacks
7290017068855,סוכריות שוקולד לקישוט,מיה תעשיות מזון,180 גרם,Snacks
7290017088051,50חיתולי בייביסיטר מידה3,די.פי.אל תעשיות מוצרים ח,1 יחידות,Other
7290017088075,38חיתול בייביסיטר מידה4+,די.פי.אל תעשיות מוצרים ח,1 יחידות,Other
7290017088082,34חיתול בייביסיטר מידה5,די.פי.אל תעשיות מוצרים ח,1 יחידות,Other
7290017088099,30חיתולי בייביסיטר מידה6,די.פי.אל תעשיות מוצרים ח,1 יחידות,Other
7290017088815,12 תחבושות לשתן נורמל,EURFIL s.r.l,1 יחידות,Other
7290017088822,10 תחבושות לשתן אקסטרה,EURFIL s.r.l,1 יחידות,Other
7290017088846,8 תחבושות בריז לשתן מקסי,EURFIL s.r.l,1 יחידות,Other
7290017105895,גרג.חומוס הכנה ביתית560ג,"זנלכל בע""מ",560 גרם,Sauces & Spreads
7290017121895,סחוג אדום 140 גרם,"מדשא תעשיות מזון בע""מ",140 גרם,Other
7290017142395,פסטה+טונה בשמן זית 160ג,"יוניקורד ח.צ בע""מ",160 גרם,Meat & Fish
7290017142401,קינואה+טונה בשמן זית160ג,"יוניקורד ח.צ בע""מ",160 גרם,Meat & Fish
7290017142418,אורז ועדשים+טונה 160ג,"יוניקורד ח.צ בע""מ",160 גרם,Meat & Fish
7290017217321,נרות חימום לבנדר 50 יח,T.G.C LTD,1 יחידות,Other
7290017217338,נרות חימוםוניל 50 יח,T.G.C LTD,1 יחידות,Other
7290017217918,"מדליק פחם נוזלי 500 מ""ל",SEL CHEMIE B.V,500 מיליליטר,Other
7290017232485,קרקר מרובע פרו220 eatsan,אפיפית,220 גרם,Snacks
7290017232508,קרקר חטיפית פרו180איטסין,אפיפית,180 גרם,Snacks
7290017275796,חטיפי חלוה בטעם וניל300ג,"אחדות ביח""ר לטחינה",300 גרם,Sauces & Spreads
7290017291390,שורש כורכום יחידה,POMMER,1 יחידות,Other
7290017291567,שורש גינגר ארוז,ANQIU,250 גרם,Other
7290017291949,שום קלוף 170 גרם,JINING HARVEST INTERNATI,170 גרם,Other
7290017304885,לחם שיפון מלא פרוס 750גר,מאפיית שלמה א. אנגל,750 גרם,Other
7290017325347,מקלות ביגלה כוסמין 200גר,אם החיטה,200 גרם,Other
7290017325422,"פריכ.אורז מלא ללת""מ100 ג","פרח תעשיות מזון בע""מ",100 גרם,Other
7290017325453,"משקה שקדים ללת""ס 1 ליטר",ליקואטס,1 ליטר,Drinks
7290017325514,שזיף מיובש אורגנ200הרדוף,---,200 גרם,Fruit
7290017325521,דובדבנים שחור מיובש100גר,---,100 גרם,Other
7290017325774,ספגטי אורגני מכוסמין400ג,,400 גרם,Other
7290017325781,פסטה ריגטיני כוסמין400ג,,400 גרם,Other
7290017325910,קורנפלקס אורגני הרדוף375,לאמרי,375 גרם,Other
7290017325972,משקה שיבול.שועל 0%סוכר1ל,ליקואטס,1 ליטר,Drinks
7290017325996,תערובת אבקות חלבון 150 ג,,150 גרם,Dairy
7290017334479,שמן זית ארומה פירותית750,אליעד,750 מיליליטר,Sauces & Spreads
7290017334493,שמ.זית ארומה זית ירוק750,אליעד,750 מיליליטר,Other
7290017440279,אל סבון קידס ויטמינים750,BIO FISHER CHEMIPAL),750 מיליליטר,Other
7290017440309,שמפו קידס ויטמינים750 nk,BIO FISHER CHEMIPAL),750 מיליליטר,Other
7290017440323,שמפו ומרכך קידס ויטמינים,---,750 מיליליטר,Other
7290017456041,באן מאפה מאודה,פרש אסיה,200 גרם,Other
7290017457574,סבון אסלה פרחים3*50ג סוד,הנקל סוד,150 גרם,Other
7290017457727,מרכך מרוכז סוד כחול850מל,---,850 מיליליטר,Other
7290017457932,מרכך פרש כחול 850מל,---,850 מיליליטר,Other
7290017516561,חטיפ.חלבון אגוזי לוז3*60,---,180 גרם,Dairy
7290017589633,"קברנה רזרב גולד 750 מ""ל",יקבי ברקן,750 מיליליטר,Other
7290017617688,ס.ק Deli נ.פילה טונה120ג,תאי יוניון מנופקצורינג,120 גרם,Meat & Fish
7290017617695,ס.ק Deli נ.פילה טונה120ג,תאי יוניון,120 גרם,Meat & Fish
7290017617701,ס.ק Deli נ.פילה טונה120ג,תאי יוניון מנופקצורינג,120 גרם,Meat & Fish
7290017637501,תחליב רחצה קוקוס 600מ MB,סאסא קוסמטיקס,600 מיליליטר,Other
7290017637600,MB מרכך לשיער רגיל לברק,סאסא קוסמטיקס,500 מיליליטר,Other
7290017637617,MB מסכת הזנה משקמת 250מ,סאסא קוסמטיקס,250 מיליליטר,Other
7290017637624,"שמפו לשיער רגיל 500 מ""ל",סאסא קוסמטיקס,500 מיליליטר,Other
7290017637631,"מרכך לשיער רגיל 500 מ""ל",סאסא קוסמטיקס,500 מיליליטר,Other
7290017637662,MB שמפו לגוון בלונד500מ,סאסא קוסמטיקס,500 מיליליטר,Other
7290017637761,מרכך קרטין ללא מלחים500מ,סאסא קוסמטיקס,500 מיליליטר,Other
7290017677804,"רוטב סויה קיקומן 444 מ""ל",קיקומן פודז אינק,444 מיליליטר,Sauces & Spreads
7290017718071,פטל אוסנה שחור 125 גרם,פרי יערים,125 גרם,Other
7290017812069,ריזלינג-שרדונה אקסלנס750,יקבי כרמל,750 מיליליטר,Other
7290017812571,מיץ ענבים תירוש אדום 1 ל,יקבי כרמל,1 ליטר,Drinks
7290017812588,תירוש מיץ ענבים לבן 1 ל,יקבי כרמל,1 ליטר,Drinks
7290017864341,תפוח אדמה למיקרו (ק),א.מ.תקומה עשבי תיבול,700 גרם,Vegetables
7290017872957,מכשיר+סכין גילוח כתום,---,1 יחידות,Other
7290017872971,סכיני גילוח אדג כתום4יח,---,1 יחידות,Other
7290017873350,קרם יד.פנגל אינטנסיב100,"דנלוג אינטרקוסמא בע\""מ",100 מיליליטר,Other
7290017888095,שוופס מוגז עדין יער4*330,יפאורה תבורי בעמ,1.32 ליטר,Other
7290017888101,שוופ.מוגז עדין אפרס4*330,יפאורה תבורי בעמ,1.32 ליטר,Other
7290017888729,סודה שוופס 1 ליטר,יפאורה תבורי בעמ,1 ליטר,Drinks
7290017888972,מי עדן ספורט פקק 1 ליטר,"מופק ממקור בזלתי עדן 1,",1 ליטר,Other
7290017894089,קמח שיבולת שועל 500 גרם,"דג""ש",500 גרם,Meat & Fish
7290017894201,סודה לשתייה ללא אלומיניו,"דג""ש",500 גרם,Drinks
7290017894263,קטשופ אורגני 490 גרם,דואמנטו,490 גרם,Sauces & Spreads
7290017894270,אבקת אפייה ללא אלומיניום,"דג""ש",500 גרם,Meat & Fish
7290017894317,עוג.כוסמין מלא שוקולד250,גנדולה ביסקוטי,250 גרם,Snacks
7290017894324,חמאת אגוזי נמר קשיו350 ג,נטורפוד,350 גרם,Other
7290017894331,חמאת אגוזי נמר קשיו ולוז,נטורפוד,350 גרם,Other
7290017894348,חמאת אגוזי נמר שקדים350ג,נטורפוד,350 גרם,Other
7290017894355,ופלים אורג.קמח כוסמין200,"גילרו בע""מ",200 גרם,Snacks
7290017894515,דגש אבקת מרק ירקות 400 ג,אף. סי. תבליני הגליל,400 גרם,Prepared
7290017894522,דגש אבקת מרק בטעם עוף400,אף. סי. תבליני הגליל,400 גרם,Meat & Fish
7290017894577,מיץ גזר אורגני100% 750מל,נטורפוד,750 מיליליטר,Drinks
7290017894584,מיץ סלק אורגני100% 750מל,נטורפוד,750 מיליליטר,Drinks
7290017894591,מיץ100%תפוח מנגו אורג750,נטורפוד,750 מיליליטר,Drinks
7290017894676,אגוז קשיו אורגני 200 גרם,"לונג סון בע\""מ",200 גרם,Other
7290017894683,אגוז קשיו קלוי אורגני200,"לונג סון בע\""מ",200 גרם,Other
7290017894690,מיץ100%אגס/תפוח אורג750מ,נטורפוד,750 מיליליטר,Drinks
7290017894867,מיץ אננס אורגני100% 750מ,נטורפוד,750 מיליליטר,Drinks
7290017894904,כדורי דגנים ט.שוקולד375ג,נטורפוד,375 גרם,Snacks
7290017894911,טבעות דגנ.שיבולת שועל375,נטורפוד,375 גרם,Other
7290017894928,צדפי דגנים ט.שוקולד375גר,נטורפוד,375 גרם,Snacks
7290017894966,"חטיף ציפס תפו""א אורג100",HARVEST,100 גרם,Snacks
7290017894973,חטיף ציפס ירקות שורש100,HARVEST,100 גרם,Snacks
7290017894980,חטיף ציפס בטטה אורג100ג,HARVEST,100 גרם,Snacks
7290017907055,שמרים יבשים 225 גרם,"גורן הנגב, טחנת קמח טל",225 גרם,Other
7290017907208,קמח רב תכליתי 500 גרם,,500 גרם,Other
7290017907215,קמח תמי למאפה שמרים500ג,---,500 גרם,Other
7290017907222,"קמח תופח לל""ג500ג תמי","פוראטוס ישראל לל""ג בע""מ",500 גרם,Other
7290017907239,תערובת לעוגת שוקולד450ג,---,500 גרם,Snacks
7290017907246,סולת תמי 300 גרם,---,300 גרם,Other
7290017907253,פתיתים ללא גלוטן 300 גרם,"פוראטוס ישראל לל""ג בע""מ",300 גרם,Other
7290017917382,קמיל אל סבון לידיים 1 ל,פישר מעבדות פרמצבטיות בע,1 ליטר,Other
7290017917467,א.סבון ש. שועל קמיל1ליטר,פישר תעשיות פרמצבטיות בע,1 ליטר,Other
7290017928098,בייגלה שטוחלה מלח 330גר,"מאיר את בייגל תעשיות בע""",330 גרם,Other
7290017928227,בייגלה שטוחלה פינוקים300,"מאיר את בייגל תעשיות בע""",300 גרם,Other
7290017928616,בייגלה שטוחלה שומשום300ג,"מאיר את בייגל תעשיות בע""",300 גרם,Other
7290017928685,בייגלה שמיניות מלח 400 ג,"מאיר את בייגל תעשיות בע""",400 גרם,Other
7290017928807,בייגלה אצבעות שומשום300ג,"מאיר את בייגל תעשיות בע""",300 גרם,Other
7290017928821,גריסיני קלאסי 200 גרם,"מאיר את בייגל תעשיות בע""",200 גרם,Other
7290017932354,ארוחת מקרוני עם גבינה206,---,206 גרם,Dairy
7290017932408,רוטב פסטה מרינרה קלאס680,גאובני,680 גרם,Sauces & Spreads
7290017932415,רוטב עג.פסטה בזיליקום680,גאובני,680 גרם,Sauces & Spreads
7290017932422,רוטב פסטה עם שום קלו680ג,גאובני,680 גרם,Sauces & Spreads
7290017932439,ארוח.אטריות אורז ללג170,---,170 גרם,Other
7290017947105,לחם בסגנון אמריקה 500 גר,מאפיית שלמה א. אנגל,500 גרם,Other
7290017947464,פיתות כוסמין 8*55ג אנגל,מאפיית שלמה א. אנגל,440 גרם,Fruit
7290017947495,לחמנ.כוסמין אנגל6יח450ג,מאפיית שלמה א. אנגל,1 יחידות,Other
7290017947891,לחם כוסמין+חיטה מלאה750ג,מאפיית שלמה א. אנגל,750 גרם,Other
7290017947921,לחמ.בורגר אמריקה6*85אנגל,מאפיית שלמה א. אנגל,510 גרם,Other
7290017947938,לחמ.מיני בורגר8*50 אנגל,מאפיית שלמה א. אנגל,400 גרם,Other
7290017962009,גרנולה ונילה-אגוזים330ג,"דני וגלית בע""מ",330 גרם,Other
7290017962023,גרנולה מייפל-תמר-פקאן330,"דני וגלית בע""מ",330 גרם,Other
7290017969787,"צלחות גדולות1PPק""ג",ארכפלסט,1 קילוגרם,Other
7290018011126,מאגדת קרחון משולב 5*80ג,"תמרה בע""מ",400 גרם,Other
7290018011324,מאגדת קרחון סורבה 5*80גר,"תמרה בע""מ",400 גרם,Other
7290018011331,גלידת שוקולד 475מ תמרה,"תמרה בע""מ",475 מיליליטר,Frozen
7290018011362,גלידת שמנת טעם ליים+יוזו,"תמרה בע""מ",475 מיליליטר,Frozen
7290018011522,מאגדת שלגון שוק.בננה5*80,"תמרה בע""מ",400 גרם,Frozen
7290018011539,גלידת חלבה475מ תמרה,"תמרה בע""מ",475 מיליליטר,Frozen
7290018011713,מאגדת יוגורט תות 5*80גר,"תמרה בע""מ",400 גרם,Dairy
7290018011720,"גלידת סורבה אננס 475 מ""ל","תמרה בע""מ",475 מיליליטר,Frozen
7290018011737,גלידת אייס קפה 475מ תמרה,"תמרה בע""מ",475 מיליליטר,Frozen
7290018011928,סורבה ליצי אננס475מ תמרה,"תמרה בע""מ",475 מיליליטר,Fruit
7290018011935,גל.יוגורט+אמרנה475מ תמרה,"תמרה בע""מ",475 מיליליטר,Dairy
7290018043134,אול אין שוק.לבן עוגיות60,מדיטרנד,60 גרם,Snacks
7290018071069,משטחי החתלה מרופדים 8 יח,F.H.P.CO LT,1 יחידות,Other
7290018077368,בורקס גבינה ביקרי 800 גר,"גידרון תעשיות בע""מ",800 גרם,Dairy
7290018077375,"בורקס תפו""א ביקרי 800 גר","גידרון תעשיות בע""מ",800 גרם,Prepared
7290018091111,מאמאמיה פיצה עם זיתים,"מעדנות בע""מ",510 גרם,Prepared
7290018091142,מאמאמיה פיצה מקסיקנית,"תנובה בע""מ",500 גרם,Prepared
7290018091531,חטיפי פיצה עם גבינה 650ג,"מעדנות בע""מ",650 גרם,Dairy
7290018091548,בצק עלים חמאה מעדנות600ג,"תנובה בע""מ",600 גרם,Dairy
7290018091708,מאמאמיה פ.מרגריטה470גר,"מעדנות בע""מ",470 גרם,Other
7290018091883,בצק פילו 500 גרם,אראבאטזיס,500 גרם,Other
7290018091937,מאמאמיה פיצה עם תירס,"מעדנות בע""מ",480 גרם,Prepared
7290018131343,"להקרמריה שוקווניל כשל""פ",גלידות נסטלה (נגה גלידות,1.4 ליטר,Frozen
7290018131879,מאגדת אקסטרים ריבת חלב,גלידות נסטלה (נגה גלידות,432 גרם,Frozen
7290018132340,מטרנה גולד שלב 1 700 גרם,מטרנה תעשיות ש.מ,700 גרם,Other
7290018132388,מטרנה גולד שלב 2 700 גרם,מטרנה תעשיות ש.מ,700 גרם,Other
7290018132425,מטרנה גולד שלב3 700ג בדץ,מטרנה תעשיות ש.מ,700 גרם,Other
7290018140543,כמו בשר טחון 300ג,---,300 גרם,Meat & Fish
7290018165027,"רוזה רזרב גולד 750 מ""ל",יקבי ברקן שיווק והפצה בע,750 מיליליטר,Other
7290018165447,"מרלו רזרב גולד 750 מ""ל",יקבי ברקן שיווק והפצה בע,750 מיליליטר,Other
7290018192658,פטריות מעורב - צמד,מרינה,1 יחידות,Vegetables
7290018198148,ציפס קריספי1.25ק תפוגן,"תפוגן תעשיות בע""מ",1.25 קילוגרם,Snacks
7290018198254,פוטטוס קריספי1.25ק תפוגן,"תפוגן תעשיות בע""מ",1250 גרם,Other
7290018198629,תפוגן קריספי בטטה לתנור,"תפוגן תעשיות בע""מ",500 גרם,Other
7290018198810,ציפס קראנצ כפרי1.25תפוגן,"תפוגן תעשיות בע""מ",1.25 קילוגרם,Snacks
7290018237373,פסטרמה גריל מנתח שלם 300,מוצרי עוף טוב,300 גרם,Meat & Fish
7290018237410,פסט במעשנה מנתח שלם300,מוצרי עוף טוב,300 גרם,Meat & Fish
7290018237984,סלמי פפרוני פיקנטי320גר,מוצרי עוף טוב,320 גרם,Meat & Fish
7290018249086,ממרח ט.חלווה פיסטוק350ג,,350 גרם,Sauces & Spreads
7290018249123,אינסטנט פודינג וניל 50גר,"נטורל קייקס בע\""מ",50 גרם,Other
7290018249154,ממרח קקאו אגוזי לוז350ג,"אחדות ביח""ר לטחינה",350 גרם,Sauces & Spreads
7290018249260,סוכר חום סוויטנגו 400 גר,"דרך לחיות ד.י בע""מ",400 גרם,Other
7290018249444,שוקו 400ג סוויטאנגו,"דרך לחיות ד.י בע\""מ",400 גרם,Drinks
7290018249499,סוויטאנגו TO Go,ברמן,500 גרם,Other
7290018249550,אינסטנט פודינג שוקולד55ג,"נטורל קייקס בע\""מ",55 גרם,Snacks
7290018249727,סוויטאנגו תחליף סוכר400ג,"דרך לחיות בע\""מ",400 גרם,Other
7290018249802,סוויטאנגו 280גרם,"דרך לחיות בע\""מ",280 גרם,Other
7290018249833,אבקה להכנת גלי ט.תות100ג,"נטורל קייקס בע\""מ",100 גרם,Fruit
7290018249994,ממתיק שולחני700 סוויטנגו,"דרך לחיות ד.י בע""מ",700 גרם,Other
7290018265246,קארי חומוס אורגנ+אורז300,פאזלני אקספורטס,300 גרם,Sauces & Spreads
7290018265260,קארי שעועית אורג+אורז300,פאזלני אקספורטס,300 גרם,Other
7290018265277,"קארי תפו""א אורגנ+אורז300",פאזלני אקספורטס,300 גרם,Vegetables
7290018265406,"קרם קוקוס אורגני 250 מ""ל",,250 מיליליטר,Other
7290018294352,"ארק כרמל 700 מ""ל",0881\/MU: פרגוואי 8\/4,700 מיליליטר,Other
7290018359495,"תירס מהשדה ללת""ס 550 גרם","זנלכל בע""מ",550 גרם,Vegetables
7290018359518,תירס מהשדה ללתס3*200יכין,"זנלכל בע""מ",600 גרם,Vegetables
7290018359686,הקיסר חומוס ענק 550 גרם,"זנלכל בע""מ",550 גרם,Sauces & Spreads
7290018359716,רוטב לפיצה יכין 240 גר,"זנלכל בע""מ",240 גרם,Sauces & Spreads
7290018371091,בייגלה כוסמין אורגני200ג,"מאיר את בייגל תעשיות בע""",200 גרם,Other
7290018371183,זיתי קלמטה אורגניים300ג,---,300 גרם,Other
7290018371299,אובלטים מקמח חומוס 100ג,אם החיטה,100 גרם,Sauces & Spreads
7290018371305,אובלטים מקמח עדשים 100ג,אם החיטה,100 גרם,Other
7290018371312,אובלטים מקמח כוסמת 100 ג,אם החיטה,100 גרם,Other
7290018371923,פתי בר קמח מלא אורגני400,אם החיטה,400 גרם,Other
7290018371930,פתי בר קמח כוסמין 400 גר,אם החיטה,400 גרם,Other
7290018371947,פתי בר כוסמין 400 גרם,אם החיטה,400 גרם,Other
7290018380475,תמרים כבושים מגולענים100,---,500 גרם,Other
7290018394021,פטריות מלך היער מארז,"חוות פטריות תקוע בע\""מ",200 גרם,Vegetables
7290018394083,מארז שום פנינה 200גרם,גורמה,200 גרם,Other
7290018394113,פטריות שימאגי - צמד,שנגחאי פינק פוד קומפני,300 גרם,Vegetables
7290018394144,מארז בצלצלי איזי שאלוט,גורמה,350 גרם,Vegetables
7290018394151,מיקס פטריות אקזוטי מארז,חוות פטריות תקוע בעמ,400 גרם,Vegetables
7290018394359,פטריות טריו אקזוטי מארז,חוות פטריות תקוע בעמ,250 גרם,Vegetables
7290018400173,צמד ברוקולי וכרובית 800,"סנפרוסט בע\""מ",800 גרם,Vegetables
7290018400357,קוב.בטטה מוקפא800סנפרוסט,סנפרוסט,800 גרם,Other
7290018400470,כרישה חתוכה ומוקפאת 600ג,---,0.6 קילוגרם,Other
7290018441220,מא.טילון בצק עוגיות4*100,מוצרי איכות אמריקאיים,400 גרם,Snacks
7290018441251,שוקולד בראוניס סנד-וויץ,"מנה י.א בע""מ",1 יחידות,Snacks
7290018441275,נטפליקס & ציל 2 442 גרם,מוצרי איכות אמריקאיים,442 גרם,Other
7290018441282,פינט שוקול באטר ספליט436,בן אנד גריס,436 גרם,Drinks
7290018441305,מאגדת טילון טופי 400 גרם,"י.זמברג מוצרי מתחת בע""מ",400 גרם,Other
7290018441473,סורבה פרי תשוקה 500 מל,מוצרי איכות אמריקאיים,500 מיליליטר,Other
7290018441480,סורבה פינה קולדה 500 מל,מוצרי איכות אמריקאיים,500 מיליליטר,Other
7290018441503,פיסס בצק עוגיות 150 גרם,גל דאיט,150 גרם,Snacks
7290018441510,פיסס סולטד קרמל 150 גרם,גל דאיט,150 גרם,Other
7290018441527,"פיינט חלב ודבש 500 מ""ל",מוצרי איכות אמריקאיים,500 מיליליטר,Sauces & Spreads
7290018441534,מאגדת קסטה וויץ 216 גרם,אמפי,216 גרם,Other
7290018441541,פיינט בננה אגוזים כשל500,מוצרי איכות אמריקאיים,500 מיליליטר,Fruit
7290018441565,גלידה וניל פקאן בלונדי,מוצרי איכות אמריקאיים,500 גרם,Frozen
7290018441596,מאגדת פינה קולדה 4*100מ,מוצרי איכות אמריקאיים,400 מיליליטר,Other
7290018443545,פלפל צילי200-גרם )ק(,א.מ.תקומה עשבי תיבול,200 גרם,Vegetables
7290018443552,לימון ליים ארוז יחידה,א.מ.תקומה עשבי תיבול,1 קילוגרם,Fruit
7290018443705,קיסר גלאט בנספק (ק),א.מ.תקומה עשבי תיבול,1 יחידות,Other
7290018471029,שוופס סודה לימון 6*500מל,יפאורה תבורי בעמ,3 ליטר,Drinks
7290018471180,פרוט&ווג אננס תפוח גזר1ל,יפאורה תבורי בעמ,1 ליטר,Vegetables
7290018471401,פרוט&ווג אננ.בננ.כורכו1ל,יפאורה תבורי בעמ,1 ליטר,Other
7290018471906,שוופס לימונדה ורודה1.5ל,יפאורה תבורי בעמ,1.5 ליטר,Drinks
7290018471913,שוופס מוגז תפוחים1.5ל,יפאורה תבורי בעמ,1.5 ליטר,Fruit
7290018471920,שוופס מוגז ענבים 1.5ליטר,יפאורה תבורי בעמ,1.5 ליטר,Fruit
7290018471937,שוופס מוגז תות ליים 1.5ל,יפאורה תבורי בעמ,1.5 ליטר,Fruit
7290018471944,שוופס מוגז לימונייד 1.5ל,יפאורה תבורי בעמ,1.5 ליטר,Other
7290018493069,ק.ידיים אפקטיב כותנה100מ,פישר מעבדות פרמצבטיות בע,100 מיליליטר,Other
7290018500231,לחם בסגנון בריוש 750 גרם,מאפיית שלמה א. אנגל,750 גרם,Other
7290018500316,לחם כוסמין לבן 500 גרם,---,500 גרם,Dairy
7290018500361,לחם אחיד פרוס 900 גרם,מאפיית שלמה א. אנגל,900 גרם,Other
7290018500484,לחמניות אמריקה ארוכ6*90ג,מאפיית שלמה א. אנגל,540 גרם,Other
7290018500644,פיתות כוסמין לבן8*55 אגל,מאפיית אנגל,440 גרם,Dairy
7290018515105,רוטב קארי ירוק 195 גרם,---,195 גרם,Sauces & Spreads
7290018515600,"קמח טמפורה לל""ג 500 גר",KINGZEST SHENYANG,500 גרם,Other
7290018515679,רוטב תיבול ט.סריראצה460,באיקו וי פוד קי.או לטד,460 מיליליטר,Sauces & Spreads
7290018515952,לחמניות באן 200 גרם,---,200 גרם,Other
7290018516348,סלט פירות+שבולת120פרינוק,פרוטה פודיווין איי.אס,120 גרם,Prepared
7290018516362,ארוחת תפוח+בננה190פרינוק,פרוטה פודיווין איי.אס,190 גרם,Fruit
7290018540329,פיתה פיתה 8*110ג אנגל,מאפיית שלמה א. אנגל,880 גרם,Other
7290018540817,לחם מחמצת כוסמין 500 גרם,---,500 גרם,Other
7290018540824,לחם מחמצת כפרי 500 גרם,---,500 גרם,Other
7290018540831,לחם מחמצת ח.מלאה+גרעי500,---,500 גרם,Other
7290018571699,קמח שקדים 250 גרם,מיה,250 גרם,Other
7290018571798,סוכר.גלי שמחות 2 צבעים,מיה,540 גרם,Other
7290018581254,מיני פיתות כוסמין מלא8יח,,376 גרם,Fruit
7290018581407,6פיתות גוניור כוסמין לבן,מאפית טאובכד,330 גרם,Dairy
7290018593004,פטה שקדים טבעי 200 גרם,---,200 גרם,Other
7290018593011,פטה שקדים עשבי תיבול200ג,---,200 גרם,Other
7290018593035,כמוצרלה קשיו 200 גרם,---,200 גרם,Dairy
7290018593202,שיוגורט מעדן שקדים 160 ג,---,160 גרם,Dairy
7290018593233,ממרח שקדים סגנון גבינ240,---,240 גרם,Sauces & Spreads
7290018593240,ממרח שקדים עם זיתים240ג,---,240 גרם,Sauces & Spreads
7290018593257,ממרח שקדים סגנון גבינה,---,240 גרם,Sauces & Spreads
7290018593301,קשיו כמהין 200 גרם,---,200 גרם,Other
7290018593325,לאבנה שקדים 220 גרם,---,200 גרם,Other
7290018652039,להקרמריה קרמל מלוח+נוגט,גלידות נסטלה (נגה גלידות,700 גרם,Frozen
7290018652671,לה קרמריה שוקו וניל,---,1.4 ליטר,Drinks
7290018652688,לה קרמריה טרופי ופ.יער,גלידות נסטלה,0.84 ליטר,Frozen
7290018652886,מאגדת שוקו בננה מצופים,---,476 גרם,Drinks
7290018677230,ראמן סובה טום יאם חריף 6,רניאטור גריינס אנד נודלס,65 גרם,Other
7290018677247,ראמן סובה סיצואן חריף 6,רניאטור גריינס אנד נודלס,65 גרם,Other
7290018677254,ראמן סובה קוריאני חריף 7,רניאטור גריינס אנד נודלס,70 גרם,Other
7290018677605,אטריות אורז מלא ט.ירק55,רניאטור גריינס אנד נודלס,55 גרם,Other
7290018677612,ראמן אטריות אורז 55 גרם,---,55 גרם,Other
7290018677629,ראמן אטריות אורז 55 גרם,---,55 גרם,Other
7290018677636,ראמן אטריות אורז 280 גרם,---,280 גרם,Other
7290018677650,ראמן אטריות כוסמ 280 גרם,---,280 גרם,Other
7290018677896,פאד תאי בטעם עוף בלימו,רניאטור גריינס אנד נודלס,70 גרם,Meat & Fish
7290018677902,פאד תאי בטעם קלאסי 70 גר,רניאטור גריינס אנד נודלס,70 גרם,Other
7290018677919,ראמן סובה PRO בטעם עוף 7,רניאטור גריינס אנד נודלס,70 גרם,Meat & Fish
7290018677926,ראמן סובה PRO בטעם בקר 7,רניאטור גריינס אנד נודלס,70 גרם,Meat & Fish
7290018677940,אטריות ורמיצלי מאורז 240,רניאטור גריינס אנד נודלס,240 גרם,Other
7290018703076,אול אין דאבל שוקולד 60גר,מדיטרנד,60 גרם,Snacks
7290018703304,אול אין קרם עוגיות60 גרם,מדיטרנד,60 גרם,Snacks
7290018711705,קמח תפוח אדמה 500 גרם,ר.ס חברה לייבוא ויצוא,500 גרם,Vegetables
7290018724323,"מלח הימלאיה דק 1 ק""ג","ביתן ניסים ובניו בע""מ",1 קילוגרם,Other
7290018724330,תחתית פיצה מוכנה 250 גרם,מולינו ריווטי פיאטרו,250 גרם,Prepared
7290018724361,"מלח הימאליה גבישי 1 ק""ג","ביתן ניסים ובבניו בע\""מ",1 קילוגרם,Other
7290018724705,תערובת געלה 350 גרם,נטורלה,350 גרם,Other
7290018724941,חומץ תפוחים צלול 5% 1ליט,"פרידמן תעשיות חומץ בע\""מ",1 ליטר,Sauces & Spreads
7290018724958,חומץ תפוחים עם אם 5% 1ל,"פרידמן תעשיות חומץ בע\""מ",1 ליטר,Sauces & Spreads
7290018732601,מארז אבוקדו בשל,גרנות,1 יחידות,Other
7290018755136,מאג.גודיז פירות+אננס730ג,"גלידת שטראוס בע""מ",730 גרם,Frozen
7290018755143,מאגדת גודיז תות אפרסק730,"גלידת שטראוס בע""מ",730 גרם,Frozen
7290018755303,מאגדת מיני טויסטר טרופי8,מנא ס.א,312 גרם,Other
7290018755853,מאג.מיני טוויסטר מרשמלו8,מנא ס.א,312 גרם,Other
7290018755877,מאגדת מיני מגנום קלאסיק,"גלידת שטראוס בע""מ",250 גרם,Frozen
7290018755884,מאגדת מיני מגנום שוקולד,"גלידת שטראוס בע""מ",250 גרם,Frozen
7290018755907,גודיז מאגדת פרי יער-קוקו,"גלידת שטראוס בע""מ",730 גרם,Frozen
7290018757048,מארז אסאי אורגני 400גרם,גולה אינדוסטריאה קומרסיו,400 גרם,Other
7290018757116,קמח שקדים ללא גלוטן250ג,טחנת קמח טל,250 גרם,Other
7290018757123,פתיתי ש.שועל דקה 400ג,---,400 גרם,Other
7290018757147,קמח שיבולת שועל מלאה400ג,---,400 גרם,Other
7290018757154,קמח עדשים אדומות 400 ג,טחנת קמח טל,400 גרם,Other
7290018757222,בורגר פטריות טבעוני375ג,פרה מזון,375 גרם,Vegetables
7290018757246,שווארמה טבעונית 400 גרם,פרה מזון,400 גרם,Other
7290018757291,זרעי ציה לבנה 230 גרם,---,230 גרם,Other
7290018757383,לחם קמח טף טבעוני 500 גר,אשבל בעמ,500 גרם,Other
7290018757505,סודה שתיה ל.אלומיניום600,אשבל בעמ,600 גרם,Drinks
7290018757512,א.אפייה ל.אלומיניום600ג,---,600 גרם,Other
7290018757574,זרעי ציה 230 גרם,---,230 גרם,Other
7290018757710,אבקת קקאו אורגנית 100 גר,---,100 גרם,Other
7290018757857,"אגוזי נמר קלופים לל""ג300","פל""ג יזמות אגש""ח",300 גרם,Other
7290018758045,חסה לאליק אורגנית - יח,גרין,1 יחידות,Vegetables
7290018758373,אגס אורגני ארוז - יח,,1 יחידות,Fruit
7290018758502,אפרסק אורגני ארוז- יחידה,,1 יחידות,Fruit
7290018758519,נקטרינה אורגני ארוזה -יח,משק מלר,1 יחידות,Other
7290018758526,שזיף אורגני ארוז -יחידה,,460 גרם,Fruit
7290018758540,שום יבש ארוז אורגני,MONTEALBO S.A.T N5980,1 יחידות,Other
7290018758786,קיווי ארוז אורגני -יחידה,אפרים אזוב,1 יחידות,Other
7290018758939,ענבים ירוקים אורגניים,נאות סמדר,1 יחידות,Fruit
7290018758960,תפוח אדמה לבן אורגני,,1 יחידות,Dairy
7290018857885,"חמאת בוטנים 1 ק""ג",---,1 קילוגרם,Other
7290018889404,פס רד וולווט נטלי 550 גר,"נטלי פלוס בע""מ",550 גרם,Other
7290018893036,עוגיות סנדוויץ176ג צוקטה,---,176 גרם,Snacks
7290018893401,צוקטה שוקול.מריר70% 100ג,קקאו דה בורגון סאס,100 גרם,Drinks
7290018893425,ממרח חלב ואגוזי לוז700גר,נאטרא מאלה,700 גרם,Sauces & Spreads
7290018893609,שוקולד מריר 85% 100גרם,קקאו דה בורגון סאס,100 גרם,Snacks
7290018893722,צוקטה בישקוטים 200 גרם,דניסטה,200 גרם,Other
7290018893807,שוק.מריר60% 3*100ג צוקטה,אייברקקאו אס.אי.,300 גרם,Other
7290018894002,קוביות וופל קקאו250גרם,---,250 גרם,Snacks
7290018894118,לוקיטוס חמצוץ תות שדה80ג,קנדי פלוס,80 גרם,Fruit
7290018894125,לוקיטוס שטיחים חמוצים80ג,קנדי פלוס,80 גרם,Other
7290018894408,וופל קוביות לוז250גרם,---,250 גרם,Snacks
7290018894606,וופל במילוי קקאו 175ג,בלקוני,175 גרם,Snacks
7290018894804,וופל במילוי לוז175 גרם,בלקוני,175 גרם,Snacks
7290018921067,"תחליב רחצה שקדים 700 מ""ל",פישר מעבדות פרמצבטיות בע,700 מיליליטר,Other
7290018921807,קמיל בלו משחת החתלה120ג,פישר מעבדות פרמצבטיות בע,120 גרם,Other
7290018925065,מיץ תפוזים סחוט 2 ליטר,"גניר 1992 בע\""מ",2 ליטר,Drinks
7290018925072,משקה קל לימונים ונענע2ל,"גניר 1992 בע\""מ",2 ליטר,Drinks
7290018925867,מיץ תפוזים וגזר 1 ליטר,"גניר 1992 בע\""מ",1 ליטר,Drinks
7290018925881,"מיץ תפוזים וגזר 400 מ""ל","גניר 1992 בע\""מ",400 מיליליטר,Drinks
7290018928387,מחמצת טבעית מיובשת 100 ג,MOLINO MERANO,100 גרם,Other
7290018938157,רידיפיין נקניקיות מרגז,"רידיפיין מיט בע""מ",338 גרם,Meat & Fish
7290018938195,רידיפיין קבב טעם טלה 330,"רידיפיין מיט בע""מ",330 גרם,Meat & Fish
7290018938829,נתח מפורק סגנון בקר,"רידיפיין מיט בע""מ",300 גרם,Meat & Fish
7290018938850,טחון בקר350 רידיפיין מיט,"רידיפיין מיט בע""מ",350 גרם,Meat & Fish
7290018938881,בורגר פרימיום280רידיפיין,"רידיפיין מיט בע""מ",280 גרם,Other
7290018972861,אנשובי בשמן זית צנצנ100ג,קומפוניה אמריקנה דה קונס,100 גרם,Other
7290018978047,"דגניםקראנצי נוגט לל""ג375",---,375 גרם,Other
7290018989005,פולפה עגבנ.טבעית 3*400ג,"זנלכל בע""מ",1.2 קילוגרם,Other
7290018989128,סירופ בטעם ענבים 1 ליטר,"זנלכל בע""מ",1 ליטר,Fruit
7290018989135,סירופ בטעם פטל 1 ליטר,"זנלכל בע""מ",1 ליטר,Other
7290018989272,שעועית צילי 2 יח*200ג,"זנלכל בע""מ",400 גרם,Other
7290018989289,גרגירי חומוס 2 יח *200 ג,"זנלכל בע""מ",400 גרם,Sauces & Spreads
7290018989296,תורמוס 2 יח * 200 גרם,"זנלכל בע""מ",210 גרם,Other
7290018989319,שעוע.לבנה רוטב עגב.2*200,"זנלכל בע""מ",400 גרם,Sauces & Spreads
7290018989333,רסק עגבניות טבעי יכין100,"זנלכל בע""מ",100 גרם,Vegetables
7290018989357,ממרח שום מוקפא 200 גרם,"כד בני דרום בע""מ",200 גרם,Sauces & Spreads
7290018989364,שום כתוש מוקפא 80 גרם,"כד בני דרום בע""מ",80 גרם,Other
7290018989371,פטרוזיליה קצוצה מוקפאת80,"כד בני דרום בע""מ",80 גרם,Other
7290018989388,בזיליקום קצוץ קפוא 80ג,"כד בני דרום בע""מ",80 גרם,Frozen
7290018989456,גינגר קצוץ מוקפא 80 גר,"כד בני דרום בע""מ",80 גרם,Other
7290018989487,מחית עגבניות טבעית3*400ג,"זנלכל בע""מ",1200 גרם,Vegetables
7290018989678,סירופ בטעם מנגו אננס 1ל,"זנלכל בע""מ",1000 מיליליטר,Fruit
7290018989746,עגבניות מרוסק.100% 3*400,"זנלכל בע""מ",1200 גרם,Vegetables
7290019014744,מבריק חלונות פרש750מ TNX,"סאסאטק אגש""ח בע""מ",750 מיליליטר,Other
7290019014751,ניקוי כלים24% פלאוור750מ,"סאסאטק אגש""ח בע""מ",750 מיליליטר,Other
7290019014768,"ניקוי כלים 24% 750מ""ל","סאסאטק אגש""ח בע""מ",750 מיליליטר,Other
7290019014782,מרסס אקונומיקה לבנדר750מ,"סאסאטק אגש""ח בע""מ",750 מיליליטר,Other
7290019014799,מסיר אבנית לאמבטיה 750 מ,"סאסאטק אגש""ח בע""מ",750 מיליליטר,Other
7290019014805,"מרסס מנקה ריפודים 500מ""ל","סאסאטק אגש""ח בע""מ",500 מיליליטר,Other
7290019014850,"תרסיס דוחה מים 400 מ""ל","סאסאטק אגש""ח בע""מ",400 מיליליטר,Drinks
7290019014867,"תרסיס מסיר דיו+דבק400מ""ל","סאסאטק אגש""ח בע""מ",400 מיליליטר,Other
7290019014874,נוזל רצפות אוריאנטל1.35ל,"סאסאטק אגש""ח בע""מ",1.35 ליטר,Other
7290019014959,תבנית אלומיניום עבה דגם,אופל אריזות,1 יחידות,Snacks
7290019014973,מבשם בדים בייבי לאב500מ,"סאסאטק אגש""ח בע""מ",500 מיליליטר,Other
7290019056027,שוופס ללא סוכר תפוח1.5ל,יפאורה תבורי בעמ,1.5 ליטר,Fruit
7290019056041,שוופס למונייד ל.סוכר1.5ל,יפאורה תבורי בעמ,1.5 ליטר,Other
7290019056058,שוופס מוגז עדין תפוח1.5ל,יפאורה תבורי בעמ,1.5 ליטר,Fruit
7290019056065,שוופס מוגז עדין פ.יער1.5,יפאורה תבורי בעמ,1.5 ליטר,Other
7290019056072,שוופס מוגז עדין אננס1.5ל,יפאורה תבורי בעמ,1.5 ליטר,Fruit
7290019056089,שוופס מוגז עדין ריזל1.5ל,יפאורה תבורי בעמ,1.5 ליטר,Other
7290019056096,שוופס מוגז עדין אפרסק1.5,יפאורה תבורי בעמ,1.5 ליטר,Fruit
7290019056119,שוופס מי סודה 1.5 ליטר,יפאורה תבורי בעמ,1.5 ליטר,Drinks
7290019056164,שוופס סודה 4*1.5 ליטר,יפאורה תבורי בעמ,6 ליטר,Drinks
7290019056171,שוופס סודה לימון 4*1.5 ל,יפאורה תבורי בעמ,6 ליטר,Drinks
7290019056188,שוופס סודה נענע לי4*1.5ל,יפאורה תבורי בעמ,6 ליטר,Drinks
7290019056201,שוופ.סודה פירות יער4*1.5,יפאורה תבורי בעמ,6 ליטר,Drinks
7290019056232,שוופס מוחיטו ליים 1.5ל,יפאורה תבורי בעמ,1.5 ליטר,Other
7290019056249,שוופס מים טעם ענבים 1.5ל,יפאורה תבורי בעמ,1.5 ליטר,Drinks
7290019056256,שוופס מים בטעם תפוח 1.5ל,יפאורה תבורי בעמ,1.5 ליטר,Drinks
7290019056263,שוופס מים טעם אפרסק 1.5ל,יפאורה תבורי בעמ,1.5 ליטר,Drinks
7290019056270,מים טעם פירות יער 1.5 ל,יפאורה תבורי בעמ,1.5 ליטר,Drinks
7290019056300,שוופס ביטר למון 1.5ליטר,יפאורה תבורי בעמ,1.5 ליטר,Other
7290019056317,שוופס ראשן 1.5 ליטר,יפאורה תבורי בעמ,1.5 ליטר,Other
7290019056324,שוופס טוניק 1.5 ליטר,יפאורה תבורי בעמ,1.5 ליטר,Other
7290019056331,שוופס טוניק ללא סוכר1.5ל,יפאורה תבורי בעמ,1.5 ליטר,Other
7290019056355,תפוזינה לימונדה נענע1.5ל,יפאורה תבורי בעמ,1.5 ליטר,Drinks
7290019056362,"תפוזינה משק""ל ענבים1.5ל",יפאורה תבורי בעמ,1.5 ליטר,Fruit
7290019056379,תפוזינה משקה קל תפוז1.5ל,יפאורה תבורי בעמ,1.5 ליטר,Drinks
7290019056393,תפוזינה תות בננה 1.5ליטר,יפאורה תבורי בעמ,1.5 ליטר,Fruit
7290019056409,תפוזינה מנגו עסיס 1.5 ל,יפאורה תבורי בעמ,1.5 ליטר,Fruit
7290019056430,תפוזינה תפוזים לייט1.5ל,יפאורה תבורי בעמ,1.5 ליטר,Fruit
7290019056478,תה ספרינג אפרסק 1.5 ליטר,יפאורה תבורי בעמ,1.5 ליטר,Drinks
7290019056485,תה ספרינג ירוק לימון1.5ל,יפאורה תבורי בעמ,1.5 ליטר,Drinks
7290019056508,פרוט ווטר ענבים 1.5 ליטר,יפאורה תבורי בעמ,1.5 ליטר,Fruit
7290019056515,פרוט ווטר אננס 1.5 ליטר,יפאורה תבורי בעמ,1.5 ליטר,Fruit
7290019056539,פרוט ווטר אפרסק 1.5 ליטר,יפאורה תבורי בעמ,1.5 ליטר,Fruit
7290019056546,פרוט ווטר אבטיח 1.5 ליטר,יפאורה תבורי בעמ,1.5 ליטר,Fruit
7290019056553,עין גדי מים מינרל. 6*2 ל,עין גדי מיים מינרלים,12 ליטר,Drinks
7290019056577,ספרינג משקה מנגו 1.5 ל,יפאורה תבורי בעמ,1.5 ליטר,Drinks
7290019056584,ספרינג משקה תפוזים 1.5ל,יפאורה תבורי בעמ,1.5 ליטר,Drinks
7290019056591,ספרינג ענבים 1.5 ליטר,יפאורה תבורי בעמ,1.5 ליטר,Fruit
7290019056607,ספרינג מיץ תפוחים 1.5 ל,יפאורה תבורי בעמ,1.5 ליטר,Drinks
7290019056614,ספרינג משקה אפרסק 1.5 ל,יפאורה תבורי בעמ,1.5 ליטר,Drinks
7290019056621,ספרינג פירות טרופיים1.5ל,יפאורה תבורי בעמ,1.5 ליטר,Fruit
7290019056638,ספרינג תות-בננה 1.5 ליטר,יפאורה תבורי בעמ,1.5 ליטר,Fruit
7290019056645,ספרינג אגס סברס תפוח1.5ל,יפאורה תבורי בעמ,1.5 ליטר,Fruit
7290019056652,ספרינג אננס בננה1.5 ליטר,יפאורה תבורי בעמ,1.5 ליטר,Fruit
7290019056669,ספרינג תפוחים לייט 1.5 ל,יפאורה תבורי בעמ,1.5 ליטר,Fruit
7290019056676,ספרינג אשכולית/אננס לייט,יפאורה תבורי בעמ,1.5 ליטר,Fruit
7290019056812,גזוז קריסטל בטעם מנטה 2ל,יפאורה תבורי בעמ,2 ליטר,Other
7290019056836,גזוז קריסטל בטעם תות 2 ל,יפאורה תבורי בעמ,2 ליטר,Fruit
7290019056973,מים מינרליים מי עדן6*1.5,"מופק ממקור בזלתי עדן 1,",9 ליטר,Drinks
7290019074434,"קרם לחות פורטה 200 מ""ל",---,200 מיליליטר,Other
7290019074885,קמיל בלו סופט ק. גוף500מ,פישר מעבדות פרמצבטיות בע,500 מיליליטר,Other
7290019075479,שמפו לתינוק 1 ליטר,פישר מעבדות פרמצבטיות בע,1 ליטר,Other
7290019075899,קמיל בלו סופט א.סבון1ל,פישר מעבדות פרמצבטיות בע,1 ליטר,Other
7290019078494,"מרציפן ללת""ס 6 * 30 גרם",---,180 גרם,Other
7290019079699,מטבעות שוקולד55%מריר250,---,250 גרם,Snacks
7290019079705,מטבעות שוקולד70%מריר250,---,250 גרם,Snacks
7290019079712,מטבעות שוקולד60%ללתס250,---,250 גרם,Snacks
7290019079729,שוקולד ציפס מריר 250גרם,---,250 גרם,Snacks
7290019079736,מטבעות שוק.חלב 250ג,---,250 גרם,Dairy
7290019079743,מטבעות שוק.לבן 250ג,---,250 גרם,Dairy
7290019153078,שוופס ביטר למון לייט1.5ל,יפאורה תבורי בעמ,1.5 ליטר,Other
7290019153085,"שוופס מוחיטו לל""ס 1.5 ל",יפאורה תבורי בעמ,1.5 ליטר,Other
7290019153504,סודה מי עדן6 יח*1.5 ליט,"מי עדן בע\""מ\n",9 ליטר,Drinks
7290019153511,"סודה מי עדן 6*500 מ""ל",מי עדן,3 ליטר,Drinks
7290019153528,סודה מי עדן 4 יח*1 ליטר,"מי עדן בע\""מ\n",4 ליטר,Drinks
7290019153702,ספרינג לימונענע 1.5 ליטר,יפאורה תבורי בעמ,1.5 ליטר,Other
7290019153917,פרוט&ווג תפוח אוכמניות,יפאורה תבורי בעמ,1 ליטר,Fruit
7290019153931,פרוט&ווג תפוז גזר 1 ל,יפאורה תבורי בעמ,1 ליטר,Vegetables
7290019167112,קדאיף פרווה 75 גרם,עדן קינוחים,75 גרם,Other
7290019167129,טירמיסו פרווה 75 גרם,עדן קינוחים,75 גרם,Other
7290019167136,בוואריה פרווה 90 גרם,עדן קינוחים,90 גרם,Other
7290019196136,אנשובי בשמן חמניות 78גרם,קורפורשיון לריבה ס.א.ק.,78 גרם,Sauces & Spreads
7290019196181,ארוחת מגדרה עם טונה160ג,"יוניקורד ח.צ בע""מ",160 גרם,Meat & Fish
7290019196198,קוסקוס עם טונה וירקות160,"יוניקורד ח.צ בע""מ",160 גרם,Meat & Fish
7290019196242,טונה+שעועית וירקות160ג,"יוניקורד ח.צ בע""מ",160 גרם,Meat & Fish
7290019196259,נתחי טונה בשמן זית4*140ג,תעשיות פילטונה,560 גרם,Meat & Fish
7290019196280,ממרח טונה 2 יח*160 גרם,תעשיות פילטונה,320 גרם,Sauces & Spreads
7290019196297,טונה בהירה שמן צילי חריף,תעשיות פילטונה,280 גרם,Sauces & Spreads
7290019203001,טורטייה מעדשים כתומות185,אופה מזון ובריאות,185 גרם,Other
7290019203018,טורטייה מחומוס מונבט185ג,אופה מזון ובריאות,185 גרם,Sauces & Spreads
7290019204008,פסטרמה 4 פלפלים 350ג,מוצרי עוף טוב,350 גרם,Meat & Fish
7290019204305,פסטרמה ברביקיו 350 גרם,מוצרי עוף טוב,350 גרם,Meat & Fish
7290019204381,קריספי סטיקס 600 גרם,מוצרי עוף טוב,600 גרם,Meat & Fish
7290019204701,צונגו סופר קראנץ חריף600,מוצרי עוף טוב,600 גרם,Meat & Fish
7290019204800,צונגו סופר קראנץ 600גרם,מוצרי עוף טוב,600 גרם,Meat & Fish
7290019205036,שניצל קריספי סטיקס600ג,עוף טוב,600 גרם,Meat & Fish
7290019205135,שניצל קראנץ פנקו 600 גר,---,600 גרם,Meat & Fish
7290019205258,פסטרמה דק דק ברביקיו110ג,מוצרי עוף טוב,110 גרם,Meat & Fish
7290019205357,פסטרמה דק דק דבש 110 גרם,מוצרי עוף טוב,110 גרם,Sauces & Spreads
7290019205609,ש.עוף מיני דובונים600גרם,מוצרי עוף טוב,600 גרם,Meat & Fish
7290019205708,ש.עוף מיני דינוזאור600גר,מוצרי עוף טוב,600 גרם,Meat & Fish
7290019205807,שניצלונים 600 גרם,מוצרי עוף טוב,600 גרם,Meat & Fish
7290019205906,שניצלונים שומשום 600 גרם,מוצרי עוף טוב,600 גרם,Meat & Fish
7290019205920,צונגו פנקו שניצל עוף טו,---,600 גרם,Meat & Fish
7290019205999,נאגטס שניצל 600ג עוף טוב,מוצרי עוף טוב,600 גרם,Meat & Fish
7290019220473,רוזה יבש ברקן 750מל,יקבי ברקן שיווק והפצה בע,750 מיליליטר,Other
7290019220893,"סבן הילס שרדונה 750 מ""ל",יקבי ברקן,750 מיליליטר,Other
7290019220909,"יין סבן הילס קברנה750מ""ל",יקבי ברקן,750 מיליליטר,Drinks
7290019226970,נתחי טונה מעושנת בשמן160,---,160 גרם,Meat & Fish
7290019226987,נתחי טונה מעושן+צילי160,---,160 גרם,Meat & Fish
7290019226994,נתחי טונה מעושן+לימון160,---,160 גרם,Meat & Fish
7290019232155,חליטת קמומיל לבנדר 25שק,ויסוצקי,37 גרם,Other
7290019233169,זית ירוק יווני עם שום190,גרנטה,190 גרם,Other
7290019233183,חרוזיתא זית ירוק 190 גרם,גרנטה,190 גרם,Other
7290019274087,"ארוסול קצף לאסלות 400מ""ל","סאסאטק אגש""ח בע""מ",400 מיליליטר,Other
7290019274100,"מרסס לגיהוץ קל 500 מ""ל","סאסאטק אגש""ח בע""מ",500 מיליליטר,Other
7290019274315,קוקהנומיקה לבנדר 1.25 ל,---,1.25 ליטר,Other
7290019274544,מבשם בדים סופט קלין 500מ,"סאסאטק אגש""ח בע""מ",500 מיליליטר,Other
7290019274551,מבשם בדים ניו בורן 500 מ,"סאסאטק אגש""ח בע""מ",500 מיליליטר,Other
7290019283119,חרוסת 250 גרם,"הררית מזון בע\""מ",250 גרם,Other
7290019293194,מאגדת 99 שוקולד,---,215 גרם,Snacks
7290019293408,מאגדת פיסטוק שוקולד לבן,נגה גלידות שותפות מוגבלת,215 גרם,Frozen
7290019293415,מאג.מיני מילקה וניל6*37ג,---,222 גרם,Other
7290019293804,קראנץ אגוזי לוז יחידה,גלידות נסטלה (נגה גלידות,100 גרם,Frozen
7290019297406,מעדן דובדבדבן100%פרי284ג,,284 גרם,Dairy
7290019297420,מעדן תות שדה100%פרי284ג,,284 גרם,Dairy
7290019297550,בוטנים מטוגנים 185גרם,"יונאן פוד קו, לטד",185 גרם,Other
7290019297628,שקד טבעי קלוף150 ששון,דין שיווק,150 גרם,Other
7290019302612,"יין אדום חצי יבש 750 מ""ל",,750 מיליליטר,Drinks
7290019308683,"פילה דג זהבון 80%דג 1 ק""",דאליאן הונגדאו,1000 גרם,Meat & Fish
7290019322177,קלחי תירס מהדרין (ק),א.מ.תקומה עשבי תיבול,1 יחידות,Vegetables
7290019322252,סלק מבושל מהדרין )ק(,"ביג פוד כחול לבן בע""מ",500 גרם,Dairy
7290019322320,מיקס ירקות למרק (ק),א.מ.תקומה עשבי תיבול,1 יחידות,Prepared
7290019322337,סלרי ראש ברשת (ק),א.מ.תקומה עשבי תיבול,1 יחידות,Other
7290019322429,חסה לאליק גלאט (ק),א.מ.תקומה עשבי תיבול,1 יחידות,Vegetables
7290019333203,זית שחור שלמים קלמטה340,"בית-השיטה תעשיות בע""מ",12 גרם,Other
7290019333227,זית ירוק מבוקע560ב.השיטה,"בית-השיטה תעשיות בע""מ",560 גרם,Other
7290019375937,50כוסות נייר אספרסו 100מ,A.T,1 יחידות,Other
7290019375944,כוסות נייר בינוניות 50י,ר.שמאי,1 יחידות,Other
7290019375951,50כוסות נייר בינוני 240מ,A.T,1 יחידות,Other
7290019375968,כוסות גדולות מנייר 50יח,ר.שמאי,1 יחידות,Other
7290019375975,50כוסות נייר ענקיות 350מ,ר.שמאי,1 יחידות,Other
7290019398226,"באזז קוקטייל 750 מ""ל",יקבי כרמל,750 מיליליטר,Other
7290019398233,בירה סטלה ארטואה6*330מל,אינבב.ברוורייליין1,1.98 ליטר,Drinks
7290019398240,"לף בלונד מארז 6*330 מ""ל",אינבב.ברוורייליין1,1980 מיליליטר,Other
7290019398356,מונלייט קברנה סובניון750,יקבי כרמל,750 מיליליטר,Other
7290019398820,יין לבן יבש 750מ גלבוע,כרם מהדרין,750 מיליליטר,Drinks
7290019398837,יין לבן חצי יבש750 גלבוע,כרם מהדרין,750 מיליליטר,Drinks
7290019398844,נריה קברנה סוביניון750מל,כרם מהדרין,750 מיליליטר,Other
7290019398851,"יין מרלו 750 מ""ל נריה",כרם מהדרין,750 מיליליטר,Drinks
7290019398868,אמרלד ריזלינג 750מ נריה,כרם מהדרין,750 מיליליטר,Other
7290019398875,"יין שרדונה 750 מ""ל חלמיש",כרם מהדרין,750 מיליליטר,Drinks
7290019398882,"יין מרלו 750 מ""ל חלמיש",כרם מהדרין,750 מיליליטר,Drinks
7290019398899,קברנה סוביניון750מ חלמיש,כרם מהדרין,750 מיליליטר,Other
7290019401049,ח.פרוטאין שוקולד קרמל62ג,אווה אס.אר.או.,62 גרם,Snacks
7290019428213,"אפיפיות לל""ג ט.שוקולד140","גילרו בע""מ",140 גרם,Snacks
7290019431350,אמברלו - מטריות חרובים ו,---,70 גרם,Other
7290019431770,שמן קוקוס אורגנ.בישול500,---,500 מיליליטר,Sauces & Spreads
7290019431794,פריכיות כוסמת+קינואה145,זן - בר המכללה לטבעונות,145 גרם,Other
7290019443124,"בירה נגב אואזיס 330 מ""ל",הכרם,330 מיליליטר,Drinks
7290019462156,מינ.בורגר פטריות400מרינה,מרינה,400 גרם,Vegetables
7290019462170,שווארמה פטריות טבעוני250,מרינה,250 גרם,Vegetables
7290019462187,בורגר פטריות טבעוני 260,---,260 גרם,Vegetables
7290019462446,קבב פטריות טבעונ360מרינה,מרינה,360 גרם,Meat & Fish
7290019462538,פטריות שימגי לבנות,,1 יחידות,Vegetables
7290019462552,פטריות מלך היער,,1 יחידות,Vegetables
7290019481188,נר ציטרונלה דוחה יתושים,---,1 יחידות,Other
7290019489382,"תחליב רחצה קוקוס 700 מ""ל",סאסא קוסמטיקס,700 מיליליטר,Other
7290019489399,תחליב רחצה שמן ארגן 700,סאסא קוסמטיקס,700 מיליליטר,Sauces & Spreads
7290019489405,"תחליב רחצה פרש 700 מ""ל",סאסא קוסמטיקס,700 מיליליטר,Other
7290019489412,"תחליב רחצה לבנדר 700 מ""ל",סאסא קוסמטיקס,700 מיליליטר,Other
7290019489429,"שמפו לשיער רגיל 700 מ""ל",סאסא קוסמטיקס,700 מיליליטר,Other
7290019489436,"שמפו לשיער יבש 700 מ""ל",סאסא קוסמטיקס,700 מיליליטר,Other
7290019489443,שמפו2ב1לשיער רגיל 700 מל,סאסא קוסמטיקס,700 מיליליטר,Other
7290019489450,"מרכך לשיער 700 מ""ל",סאסא קוסמטיקס,700 מיליליטר,Other
7290019489467,אלסבון לבנדר סיישל 1 ליט,סאסא קוסמטיקס,1 ליטר,Other
7290019489474,אלסבון בלוסום סיישל 1 לי,סאסא קוסמטיקס,1 ליטר,Other
7290019489481,אלסבון פרש סיישל 1 ליטר,סאסא קוסמטיקס,1 ליטר,Other
7290019489498,סבון ידיים פרש 3*500מל,---,1500 מיליליטר,Other
7290019489504,אלסבון בלוסום3*500,---,1500 מיליליטר,Other
7290019489511,אלסבון לבנדר3*500מ,---,1500 מיליליטר,Other
7290019489528,"תחליב רחצה בלוסום 700 מ""",סאסא קוסמטיקס,700 מיליליטר,Other
7290019489719,ספרי הגנה מהשמש200 SPF30,סאסא קוסמטיקס,200 מיליליטר,Other
7290019489726,ספרי הגנה מהשמש200 SPF50,סאסא קוסמטיקס,200 מיליליטר,Other
7290019489733,ספרי הגנה לילד200מ SPF50,סאסא קוסמטיקס,200 מיליליטר,Other
7290019489740,SPF50תחליב הגנה 250מZOZO,סאסא קוסמטיקס,250 מיליליטר,Other
7290019489757,תחליב הגנה לפנים75 SPF50,סאסא קוסמטיקס,75 מיליליטר,Other
7290019489795,"גל אלוורה 200 מ""ל",סאסא קוסמטיקס,200 מיליליטר,Other
7290019489818,ת.הגנה לפנים לילד75 ZOZO,סאסא קוסמטיקס,75 מיליליטר,Other
7290019489825,ספרי הגנה מהשמש300 SPF50,סאסא קוסמטיקס,300 מיליליטר,Other
7290019489832,"ספריי שמן גזר 200 מ""ל",סאסא קוסמטיקס,200 מיליליטר,Sauces & Spreads
7290019489856,"אל תוש 70 מ""ל X-TUSH",סאסא קוסמטיקס,70 מיליליטר,Other
7290019489863,אל תוש ילדים50מ X-TUSH,סאסא קוסמטיקס,50 מיליליטר,Other
7290019489870,אל תוש אלוורה 70מ X-TUSH,סאסא קוסמטיקס,70 מיליליטר,Other
7290019501305,סרקל רוזמרין לילדים325מל,פישר מעבדות פרמצבטיות בע,325 מיליליטר,Other
7290019501381,"סרקל מתיר קשרים 340 מ""ל",פישר מעבדות פרמצבטיות בע,340 מיליליטר,Other
7290019501404,שמפו ומרכך לילדים סרקל1ל,פישר מעבדות פרמצבטיות בע,1 ליטר,Other
7290019501411,סרקל מרכך ליטר,פישר מעבדות פרמצבטיות בע,,Other
7290019501428,סרקל שמפו ליטר,פישר מעבדות פרמצבטיות בע,1 ליטר,Other
7290019502265,קרם ידיים קולגן פרו100מל,פישר תעשיות פרמצבטיות בע,100 מיליליטר,Other
7290019587521,מלפפ.קורנישונים בחומץ670,אינדטרופ אס.אי,670 גרם,Sauces & Spreads
7290019603474,נטיפים בטעם שוקולד 250ג,מיה,250 גרם,Snacks
7290019603559,"חומוס ענק מובחר 1ק""ג מיה",מיה,1 קילוגרם,Sauces & Spreads
7290019603672,נטיפי שוקולד אמיתי 200 ג,מיה,200 גרם,Snacks
7290019612636,אלסבון פרש 1ל XPO,טרופיקל דגיל תעשיות קוסמ,1 ליטר,Other
7290019612643,אלסבון קטיפתי רוז 1ל XPO,טרופיקל דגיל תעשיות קוסמ,1000 מיליליטר,Other
7290019612650,אלסבון קטיפתי סופט1ל XPO,טרופיקל דגיל תעשיות קוסמ,1000 מיליליטר,Other
7290019612674,אל סבון לידיים מארז3*500,טרופיקל דגיל תעשיות קוסמ,1000 מיליליטר,Other
7290019612681,אל סבון לידיים מארז3*500,טרופיקל דגיל תעשיות קוסמ,1500 מיליליטר,Other
7290019621348,חליטה גלילית 25ש*2גרם,ויסוצקי,50 גרם,Other
7290019621355,חליטה מדברית 25ש*2.3גרם,ויסוצקי,57 גרם,Other
7290019635031,בוראטה 125 גרם,---,125 גרם,Other
7290019635116,גב.שמנת זיתים 5%גד 200ג,מחלבות גד,200 גרם,Dairy
7290019635130,חמאה איטלקית מלוחה 100גר,---,100 גרם,Dairy
7290019635147,חמאה איטלקית 100 גרם,---,100 גרם,Dairy
7290019635192,גאודה עיזים פרוס150גרם,מחלבות גד,150 גרם,Dairy
7290019635208,קממבר 130 גרם,---,130 גרם,Dairy
7290019635215,ברי צרפתי 130 גרם,---,130 גרם,Other
7290019635222,קוביות בולגרית מעודנת16%,DSH,200 גרם,Dairy
7290019635369,גבינת שמנת 16% 200 גרם,מחלבות גד,200 גרם,Dairy
7290019635383,שמנת 24%ריבת בצל 200ג גד,מחלבות גד,200 גרם,Dairy
7290019635468,רוטב מסקרפונה גד 250גר,---,250 גרם,Sauces & Spreads
7290019635475,רוטב מק אנד ציז גד 250,עדן קינוחים,250 גרם,Sauces & Spreads
7290019635482,רוטב אלפרדו ריקוטה גד250,---,250 גרם,Sauces & Spreads
7290019635499,פקורינו איטליאנו 100גרם,אינדוסטריה קאזאריה,100 גרם,Other
7290019635567,מש.יוגורט3%לאסי מנגו480מ,MKN,480 מיליליטר,Dairy
7290019635581,גב.שמנת סלסה 24% 200גרם,מחלבות גד,200 גרם,Dairy
7290019635598,לאבנה סחוג 5% 250ג גד,מחלבות גד,250 גרם,Dairy
7290019635604,משולש ברי צרפתי 160ג גד,סאסו פטוראגס קומטויס אף,160 גרם,Fruit
7290019635734,החלב החדש וניל750 רימילק,קלידאד פסקוואל אס.איי.יו,700 מיליליטר,Dairy
7290019635741,החלב החדש 3% 750מ רימילק,קלידאד פסקוואל אס.איי.יו,750 מיליליטר,Dairy
7290019635796,פטה כבשים פרוס250ג,MKN,250 גרם,Other
7290019635802,בוראטה כמהין24% 125ג גד,MKN,125 גרם,Other
7290019635819,יוג.יווני צזיקי10% 600גד,MKN,600 גרם,Other
7290019635826,קוב.פטה עזים מעודן5% 200,DSH,200 גרם,Other
7290019635840,יוג.יווני6.5% חלבון600גד,MKN,600 גרם,Dairy
7290019635857,סטרצטלה מוצרלה24% 150 ג,MKN,150 גרם,Dairy
7290019635864,רוטב פטה ים תיכוני250 גד,EDNK,250 גרם,Sauces & Spreads
7290019635871,פרוסות קשקבל24% 150גר גד,מחלבות גד,150 גרם,Dairy
7290019635901,פילגד סגנ.לאבנה 5% 170ג,EDNK,170 גרם,Other
7290019635918,סגנון יוג.יווני תות א140,EDNK,140 גרם,Fruit
7290019635925,בסגנון יוגורט יווני 140,EDNK,140 גרם,Dairy
7290019635932,פילגד סג.שום שמיר24% 170,"ניה סחר בע""מ",170 גרם,Other
7290019635949,פילגד סגנון שמנת24% 170ג,"ניה סחר בע""מ",170 גרם,Dairy
7290019635970,פילגד סטיקי רייס מנגו130,EDNK,130 גרם,Fruit
7290019635987,פילגד מלבי שקדים 160 גרם,EDNK,160 גרם,Other
7290019635994,פילגד סגנון גב.שקד9% 170,"ניה סחר בע""מ",170 גרם,Other
7290019644330,מרשמלו ורוד לבן 150 גרם,"כרמית תעשיות ממתקים בע""מ",150 גרם,Dairy
7290019644385,מרשמלו טוויסטר 150 גרם,"כרמית תעשיות ממתקים בע""מ",150 גרם,Other
7290019750802,"גל ניקוי אסלה כחול60 מ""ל",קומפלקס,60 מיליליטר,Other
7290019790006,"שמנת לבישול 10% 250 מ""ל",מחלבות רמת הגולן,250 מיליליטר,Dairy
7290019790051,"שמנת לבישול 15% 500 מ""ל",מחלבות רמת הגולן,500 מיליליטר,Dairy
7290019790112,פטה כבשים 20% שומן 250 ג,מחלבות רמת הגולן,250 גרם,Dairy
7290019790167,חלב קפה וניל800 רמת גולן,מחלבות רמת הגולן,800 מיליליטר,Drinks
7290019790174,שוקו 1.5% רמת הגולן 1ל,מחלבות רמת הגולן,1000 מיליליטר,Drinks
7290019790259,חלב טבעי 4% שומן 1 ליטר,"זנלכל בע""מ",1 ליטר,Dairy
7290019790280,חלב נטול לקטז2% 1ל הגולן,"זנלכל בע""מ",1 ליטר,Dairy
7290019790303,חלב מועשר 3% שומן 1 ליטר,"זנלכל בע""מ",1 ליטר,Dairy
7290019790402,בולגרית 16% שומן 250 גרם,מחלבות רמת הגולן,250 גרם,Dairy
7290019790808,פטה עיזים 16% שומן 250 ג,מחלבות רמת הגולן,250 גרם,Dairy
7290019790952,ברינזה כבשים 18%שומן 250,מחלבות רמת הגולן,250 גרם,Dairy
7290019816058,קראנץ מיני אלפחורס,---,275 גרם,Other
7290019816126,קראנצ מאנצ ט.טעים100גר,נגה גלידות שותפות מוגבלת,100 גרם,Frozen
7290019816294,קראנץ אמריקה100ג נסטלה,,100 גרם,Other
7290019816393,מאגדת 99 וניל פירות יער,נגה גלידות שותפות מוגבלת,215 גרם,Frozen
7290019816416,קראנץ מיני קורנפלקס275ג,גלידות נסטלה (נגה גלידות,275 גרם,Frozen
7290019816652,קראנץ מיני פקאן 275גרם,גלידות נסטלה (נגה גלידות,275 גרם,Frozen
7290019816690,מאגדת סנדוויץ קראנץ וניל,פרונרי איטליה,306 גרם,Other
7290019816713,מאגדת לייט אייס קפה6*52ג,נגה גלידות שותפות מוגבלת,312 גרם,Frozen
7290019816898,מאג.5לה פרוטה קוקוס אננס,פרונרי איטליה,350 גרם,Fruit
7290019816911,לה קרמריה קינמון וניל1.4,גלידות נסטלה (נגה גלידות,1.4 ליטר,Frozen
7290019816928,מאגדת מיני מילקה קרמל 6י,פרונרי פולין,207 גרם,Other
7290019837558,מארז גים בים 5 * 330 מל,,2000 מיליליטר,Other
7290019841586,נוזל רצפה פלגי מים2ל XPO,"סאסאטק אגש""ח בע""מ",2 ליטר,Drinks
7290019841838,מנקה אסלות לימון 1ל XPO,"סאסאטק אגש""ח בע""מ",1 ליטר,Fruit
7290019841845,אקונומיקה מבושמת 4ל XPO,"סאסאטק אגש""ח בע""מ",4 ליטר,Other
7290019841852,ת.אקונומיקה לימון 1ל XPO,"סאסאטק אגש""ח בע""מ",1 ליטר,Fruit
7290019841869,גל אסלות לימון 750מ XPO,"סאסאטק אגש""ח בע""מ",750 מיליליטר,Fruit
7290019841876,גל אסלות אורנים750מ XPO,"סאסאטק אגש""ח בע""מ",750 מיליליטר,Other
7290019841883,גל כביסה מרוכז ירוקXPO3,"סאסאטק אגש""ח בע""מ",3 ליטר,Other
7290019841890,גל כביסה מרוכז כחולXPO3,"סאסאטק אגש""ח בע""מ",3 ליטר,Other
7290019841906,מרסס מסיר אבנית XPO 1 לי,"סאסאטק אגש""ח בע""מ",1 ליטר,Other
7290019841913,קצף מסיר עובש 1ל XPO,"סאסאטק אגש""ח בע""מ",1 ליטר,Other
7290019841920,נוזל ניקוי חלונות 1ל XPO,"סאסאטק אגש""ח בע""מ",1 ליטר,Other
7290019841937,מרסס מסיר שומנים1ל XPO,"סאסאטק אגש""ח בע""מ",1 ליטר,Other
7290019841944,פותח סתימות 1ל XPO,"סאסאטק אגש""ח בע""מ",1 ליטר,Other
7290019841951,נוזל רצפות לבנדר 4ל XPO,"סאסאטק אגש""ח בע""מ",4 ליטר,Other
7290019841968,נוזל רצפות לגון 4ל XPO,"סאסאטק אגש""ח בע""מ",4 ליטר,Other
7290019841975,נוזל רצפות מאסק 4ל XPO,"סאסאטק אגש""ח בע""מ",4 ליטר,Other
7290019841982,נוזל רצפות ספא 2ל XPO,"סאסאטק אגש""ח בע""מ",2 ליטר,Other
7290019841999,נ.רצפה מלון בוטיק 2ל XPO,"סאסאטק אגש""ח בע""מ",2 ליטר,Fruit
7290019860433,"XPO רדיד אלומינ30ס""מ*60מ",אופל,1 יחידות,Snacks
7290019860440,2 XPOרדיד אלומיניום 7.5מ,אופל,1 יחידות,Snacks
7290019860457,2 XPOרדיד אלומי30סמ*7.5מ,אופל,1 יחידות,Snacks
7290019870043,צוקטה שוקולד מריר60% 100,IBERCACAO SA,100 גרם,Snacks
7290019870876,נאצוס קמח תירס 200 גרם,PATA S.P.A,200 גרם,Vegetables
7290019870883,נאצוס קמח תירס לבן150גר,PATA S.P.A,150 גרם,Dairy
7290019870890,מרשמלו קוביות לוקיטוס150,קינג גוי (קסיאמן) ביו-,150 גרם,Other
7290019932406,"רוטב סויה אורגני 250 מ""ל",גואנגדונג,250 מיליליטר,Sauces & Spreads
7290019937104,מלח הימלאיה דק 500 גרם,,500 גרם,Other
7290019939238,מיקס קורנפלקס ל.גלוטן55ג,"כרמית תעשיות ממתקים בע\""",55 גרם,Other
7290019939245,"מיקס כדורי שוקולד לל""ג55","כרמית תעשיות ממתקים בע\""",55 גרם,Snacks
7290019939412,"שוקולד חלב לל""ס 2*100ג","כרמית תעשיות ממתקים בע""מ",100 גרם,Snacks
7290019939429,"שוקולד מריר לל""ס 2*100גר","כרמית תעשיות ממתקים בע""מ",200 גרם,Snacks
7290019939498,"שוקולד לבן לל""ס 2*100גר","כרמית תעשיות ממתקים בע""מ",200 גרם,Snacks
7290019939894,מיקס כוכבים ל.גלוטן55גרם,"כרמית תעשיות ממתקים בע\""",55 גרם,Other
7290019974123,פיתות ללא גלוטן 4*80 גרם,מולינו בייקרי,320 גרם,Fruit
7290019974314,"לחמניות אצבע לל""ג 4*80ג",מולינו בייקרי,320 גרם,Other
7290019974338,"לחמניות המבורגר לל""ג2*80",מולינו בייקרי,160 גרם,Meat & Fish
7290019974345,"2 בייגל לל""ג קפוא מולינו",מולינו בייקרי,220 גרם,Frozen
7290019997030,מלפפונים מלח פלפל י.560ג,"בית-השיטה תעשיות בע""מ",560 גרם,Vegetables
7290019997139,מלפפונים במלח חלפיניו560,"בית-השיטה תעשיות בע""מ",560 גרם,Other
7290019997870,מלפפונים מלח שיפקונית540,"בית-השיטה תעשיות בע""מ",540 גרם,Other
7290019997979,מלפפונים במלח פלפל560 גר,"בית-השיטה תעשיות בע""מ",560 גרם,Vegetables
7290020002006,נקנקיות מיני מרגז 400 גר,"זהר בשר עופות ובשר בע""מ",400 גרם,Meat & Fish
7290020002020,שיפודי פרגית 500 גרם,"זהר בשר עופות ובשר בע""מ",500 גרם,Meat & Fish
7290020002075,בורגר פרימיום400 קרניבור,"זהר בשר עופות ובשר בע""מ",400 גרם,Meat & Fish
7290020046352,סטייק מונטריאו 140 גרם,תבליני טעם וריח,140 גרם,Other
7290020046703,תערובת תיבול לבייגל115ג,תבליני טעם וריח,115 גרם,Other
7290020078193,קמח כרגיל תופח450ג,אשבל מזון פונקציונלי בע\,450 גרם,Other
7290020130396,100כוסות פלסטיק חדפ 180מ,ר.שמאי,1 יחידות,Other
7290020130402,"150כוסות חד""פ 200מ",ר.שמאי,1 יחידות,Other
7290020130419,כוסות יהלום לשתיה קרה 40,ר.שמאי,1 יחידות,Other
7290020130426,כוסות גדולות במיוחד 40 י,ר.שמאי,1 יחידות,Other
7290020130457,כוס שתייה מעוטר כסף 50 י,ר.שמאי,1 יחידות,Other
7290020130464,כוס שתייה מעוטר זהב 50 י,ר.שמאי,1 יחידות,Other
7290020174345,פטריות בייבי מלך היער,,1 יחידות,Vegetables
7290020179043,פריכיות כוסמת עם טף 135,זן - בר המכללה לטבעונות,135 גרם,Other
7290020188007,מט.לניקוי לימון 400י XPO,"סאסאטק אגש""ח בע""מ",1 יחידות,Fruit
7290020188014,מ.ניקוי בריח תפוחXPO 400,"סאסאטק אגש""ח בע""מ",1 יחידות,Fruit
7290020188052,מ.לחות לרצפה רענן10 XPO,"סאסאטק אגש""ח בע""מ",1 יחידות,Other
7290020188069,מ.רצפה מלון בוטיק10 XPO,"סאסאטק אגש""ח בע""מ",1 יחידות,Fruit
7290020188076,מ.כביסה מרוכז פיור1ל XPO,"סאסאטק אגש""ח בע""מ",1 ליטר,Other
7290020188083,מ.כביסה מרוכז ויטאל1 XPO,"סאסאטק אגש""ח בע""מ",1 ליטר,Other
7290020188090,מ.כביסה מרוכז1 BREEZ-XPO,"סאסאטק אגש""ח בע""מ",1 ליטר,Other
7290020188106,מ.כביסה מרוכז1VALVET-XPO,"סאסאטק אגש""ח בע""מ",1 ליטר,Other
7290020188113,נוזל כלים תפוח 1.5ל XPO,"סאסאטק אגש""ח בע""מ",1.5 ליטר,Fruit
7290020188120,נוזל כלים24%לימון XPO1.5,"סאסאטק אגש""ח בע""מ",1.5 ליטר,Fruit
7290020188151,נוזל כלים24% לימוןXPO750,"סאסאטק אגש""ח בע""מ",750 מיליליטר,Fruit
7290020188168,נוזל כלים תפוח 750מ XPO,"סאסאטק אגש""ח בע""מ",750 מיליליטר,Fruit
7290020188182,נ.כלים לימון+משאבה1ל XPO,"סאסאטק אגש""ח בע""מ",1 ליטר,Fruit
7290020188199,נוזל כלים תפוח 1ל XPO,"סאסאטק אגש""ח בע""מ",1 ליטר,Fruit
7290020188236,אקונומיקה סמיכה 4ל XPO,"סאסאטק אגש""ח בע""מ",4 ליטר,Other
7290020188274,5ב1נוזל+מ.כביסה אושןXPO2,"סאסאטק אגש""ח בע""מ",2 ליטר,Other
7290020188281,נוזל+מ.כביסה בייבי2ל XPO,"סאסאטק אגש""ח בע""מ",2 ליטר,Other
7290020188298,נוזל+מ.כביסה בלוסום2לXPO,"סאסאטק אגש""ח בע""מ",2 ליטר,Other
7290020188304,מרסס ניקוי כללי 1ל XPO,"סאסאטק אגש""ח בע""מ",1 ליטר,Other
7290020188571,תרסיס מסיר כתמים750מ XPO,"סאסאטק אגש""ח בע""מ",750 מיליליטר,Other
7290020188588,גל מסיר כתמים לבן3ל XPO,"סאסאטק אגש""ח בע""מ",3 ליטר,Dairy
7290020188595,גל מ.כתמים צבעוני3ל XPO,"סאסאטק אגש""ח בע""מ",3 ליטר,Other
7290020188625,קפסולות גל למדיח30יXPO,שניב,1 יחידות,Other
7290020188632,קפסולות גל לכביסה30יXPO,שניב,1 יחידות,Other
7290020188649,פניני בישום לכביסה BREEZ,שניב,210 גרם,Other
7290020188656,פניני בישום לכביסה PURE,שניב,210 גרם,Other
7290020188663,מרסס מיקרוקפסולרי750מל,"סאסאטק אגש""ח בע""מ",750 מיליליטר,Other
7290020188670,פניני בישום לכביסהVELVET,שניב,210 גרם,Other
7290020188687,תרסיס קוטל יתוש+זבוב300מ,---,300 מיליליטר,Other
7290020188694,תרסיס קוטל תיקנים 630 מ,---,630 מיליליטר,Other
7290020188700,תרסיס קוטל יתושים 630 מ,---,630 מיליליטר,Other
7290020188731,גל כביסה+מרכך TNX No06,סאסאטק,2 ליטר,Other
7290020188748,גל כביסה+מרכך TNX No02,סאסאטק,2 ליטר,Other
7290020188854,קוטל תיקנים300מ Z-ZERO,---,300 מיליליטר,Other
7290020196866,"מקל מתכת 150 ס""מ",פיבי אמ,1 יחידות,Other
7290020196873,ידית טלסקופית נפתח ל1.5מ,פיבי אמ,1 יחידות,Other
7290020215048,טופו הבית מוגדל 345 גרם,"משק ויילר בע\""מ",345 גרם,Other
7290020216311,8פיתות פרו חלבון500 אנגל,מאפיית שלמה א. אנגל,500 גרם,Dairy
7290020216717,פיתות של פעם10*100ג אנגל,מאפיית שלמה א. אנגל,1 קילוגרם,Fruit
7290020216953,לחם פרו 500 גרם,מאפיית שלמה א. אנגל,500 גרם,Other
7290020238306,שעועית אדומה מובחרת 500,מיה תעשיות מזון מ.ת.מ. ב,500 גרם,Other
7290020239044,חטיפי בורקיטס גבינות770ג,"מעדנות בע\""מ \n",770 גרם,Dairy
7290020239082,לקט עוף ירקות אסייאתי550,תנובה גליל שותפות מוגבלת,550 גרם,Meat & Fish
7290020239099,חטיפי בורקיטס גבינות770ג,"מעדנות בע\""מ \n",770 גרם,Dairy
7290020239136,לקט עוף וירקות להקפצה550,תנובה גליל שותפות מוגבלת,550 גרם,Meat & Fish
7290020262028,אוכמניות 125 גרם,א.מ.תקומה עשבי תיבול,125 גרם,Other
7290020266019,"מחית תפו""ע ואגס לל""ג200ג",,200 גרם,Fruit
7290020266033,"מחית תפו""ע משמש לל""ג200ג",,200 גרם,Other
7290020266040,"מחית תפו""ע ואגס לל""ג200ג",,200 גרם,Fruit
7290020266446,מיץ100%רימון אורגני 1ליט,ארומהפרודוקט אל.טי.די,1 ליטר,Drinks
7290020269003,מרכך כביסה פיור 4ל XPO,"סאסאטק אגש""ח בע""מ",4 ליטר,Other
7290020269010,מרכך כביסה ולווט 4ל XPO,"סאסאטק אגש""ח בע""מ",4 ליטר,Other
7290020269027,מרכך כביסה בריז 4ל XPO,"סאסאטק אגש""ח בע""מ",4 ליטר,Other
7290020269034,מרכך כביסה ויטאל 4ל XPO,"סאסאטק אגש""ח בע""מ",4 ליטר,Other
7290020269041,נ.לשואב שוטף פיור1.5 XPO,"סאסאטק אגש""ח בע""מ",1.5 ליטר,Other
7290020269058,נ.שואב שוטף בוטיק1.5 XPO,"סאסאטק אגש""ח בע""מ",1.5 ליטר,Other
7290020269096,גל אורנים לניקוי 1ל XPO,"סאסאטק אגש""ח בע""מ",1 ליטר,Other
7290020269102,מרסס אורנים לניקוי1ל XPO,"סאסאטק אגש""ח בע""מ",1 ליטר,Other
7290020269119,מסיר אבנית 1 ליטר XPO,סאסאטק,1 ליטר,Other
7290020269140,מ.בדים לילך 350מ XPO,"סאסאטק אגש""ח בע""מ",350 מיליליטר,Other
7290020269157,"מבשם בדים ספרינג350מ""ל","סאסאטק אגש""ח בע""מ",350 מיליליטר,Other
7290020269164,מ.בדים בוטניקל350מ XPO,"סאסאטק אגש""ח בע""מ",350 מיליליטר,Other
7290020269195,מתקן מטהר אויר אוטו XPO,"סאסאטק אגש""ח בע""מ",1 יחידות,Other
7290020269201,מ.מטהר אויר-לילךXPO250,"סאסאטק אגש""ח בע""מ",250 מיליליטר,Other
7290020269256,מ.מטהר אויר-מיסטיקXPO250,"סאסאטק אגש""ח בע""מ",250 מיליליטר,Other
7290020269263,ת.ניקוי שטיחים600מ XPO,"סאסאטק אגש\""ח בע\""מ",600 מיליליטר,Other
7290020269287,תרסיס מבריק רהיט300מ XPO,"סאסאטק אגש\""ח בע\""מ",300 מיליליטר,Other
7290020269294,מ.בדים מיסטרי 350מ XPO,"סאסאטק אגש""ח בע""מ",350 מיליליטר,Other
7290020269300,"מטהר אוויר מיסטיק300מ""ל","סאסאטק אגש""ח בע""מ",300 מיליליטר,Other
7290020269317,"מטהר אוויר בוטניקל300מ""ל","סאסאטק אגש""ח בע""מ",300 מיליליטר,Other
7290020269324,"מטהר אוויר ספרינג300מ""ל","סאסאטק אגש""ח בע""מ",300 מיליליטר,Other
7290020269331,מטהר אוויר לילך300מ XPO,"סאסאטק אגש""ח בע""מ",300 מיליליטר,Other
7290020269348,מבשם בדים בריז350מ LU,"סאסאטק אגש""ח בע""מ",350 מיליליטר,Other
7290020269355,מבשם בדים בלוסו350מ LU,"סאסאטק אגש""ח בע""מ",350 מיליליטר,Other
7290020269362,מבשם בדים בוטיק350מ LU,"סאסאטק אגש""ח בע""מ",350 מיליליטר,Other
7290020269379,מ.מטהר אויר-בריזLU250,"סאסאטק אגש""ח בע""מ",250 מיליליטר,Other
7290020269386,מ.מטהר אויר-בלוסוםLU250,"סאסאטק אגש""ח בע""מ",250 מיליליטר,Other
7290020269393,"מ.מטהר אוויר בוטיק250מ""ל","סאסאטק אגש""ח בע""מ",250 מיליליטר,Other
7290020269409,מתקן מטהר אויר אוטו LU,"סאסאטק אגש""ח בע""מ",1 יחידות,Other
7290020269416,גל כביסה בייבי 3ל XPO,"סאסאטק אגש""ח בע""מ",3 ליטר,Other
7290020269539,נוזל לניקוי פרקט 2ל XPO,"סאסאטק אגש""ח בע""מ",2 ליטר,Other
7290020269614,ת.ניקוי נירוסטה400 XPO,"סאסאטק אגש\""ח בע\""מ",400 מיליליטר,Other
7290020269638,מסיר אבנית מכונת קפה700,"סאסאטק אגש""ח בע""מ",700 מיליליטר,Drinks
7290020269645,גל לניקוי אמבטיות1ל XPO,"סאסאטק אגש""ח בע""מ",1 ליטר,Other
7290020269652,"רסס וכבס 750 מ""ל XPO","סאסאטק אגש""ח בע""מ",750 מיליליטר,Other
7290020269669,נוזל מרוכז אורנים1ל XPO,"סאסאטק אגש""ח בע""מ",1 ליטר,Other
7290020269676,נוזל לכביסה עדינה1ל XPO,"סאסאטק אגש""ח בע""מ",1 ליטר,Other
7290020297068,פירורי בייגלה לעוגות300ג,מאיר את בייגל תעשיות בע\,300 גרם,Other
7290020297075,בייגלה חלבון עם פינוקים,מאיר את בייגל תעשיות בע\,50 גרם,Dairy
7290020297082,בייגלה חלבון עם צדר 50,מאיר את בייגל תעשיות בע\,50 גרם,Dairy
7290020297105,בייגלה חלבון עם חריף 50,מאיר את בייגל תעשיות בע\,50 גרם,Dairy
7290020398000,נודלס חלבון בטעם עוף120ג,SHAN DONG JI BING FOOD,120 גרם,Dairy
7290020398017,נודלס חלבון בטעם בקר120ג,SHAN DONG JI BING FOOD,120 גרם,Dairy
7290020398024,נודלס חלבון עוף סצואן120,SHAN DONG JI BING FOOD,120 גרם,Dairy
7290020398031,נודלס חלבון ירקות וטופו,SHAN DONG JI BING FOOD,110 גרם,Dairy
7290020423047,קוביות סלק מבושל בואקום,קילופי עלומים,400 גרם,Other
7290020423054,סלק מבושל בואקום,קילופי עלומים,500 גרם,Other
7290020495006,מגבות פנים להסרת איפור50,"סאסאטק אגש""ח בע""מ",1 יחידות,Other
7290020495082,פניני בישום סגול735ג XPO,"סאסאטק אגש""ח בע""מ",735 גרם,Other
7290020495099,פניני בישום פיור735 XPO,"סאסאטק אגש""ח בע""מ",735 גרם,Other
7290020495105,פניני בישום בריז735ג XPO,"סאסאטק אגש""ח בע""מ",735 גרם,Other
7290020495327,אקונומיקה מבושמת 4ל LU,"סאסאטק אגש""ח בע""מ",4 ליטר,Other
7290020495334,מרסס אקונומיקה 1ל LU,"סאסאטק אגש""ח בע""מ",1 ליטר,Other
7290020505354,"קורנפלקס לל""ג500ג תוצרת",קררה פודס,500 גרם,Other
7290020520258,פלפל צילי צבעוני אורגני,משק מיכאלי,1 יחידות,Vegetables
7290020520302,מקלות סלרי אורגני - יח,משק מיכאלי,1 יחידות,Other
7290020520357,פלפל רמירו אדום אורגני,משק בוקס,1 יחידות,Vegetables
7290020520401,פלפל רמירו צבעוני אורגני,משק בוקס,1 יחידות,Vegetables
7290020520456,"תפו""א אדום ברשת אורגני",,1 יחידות,Vegetables
7290020520500,תפוח אדמה בייבי אורגני,,1 יחידות,Vegetables
7290020684004,אגוזי מקדמיה טבעי 150גרם,,150 גרם,Other
7290020684059,אגוזי מקדמיה קלויים150גר,,150 גרם,Other
7290020684103,אגוזי מקדמיה קלוי 150גרם,,150 גרם,Other
7290020711007,מש.יוגורט מלבי 3.5% 480מ,MKN,480 מיליליטר,Dairy
7290020711014,משקה שיבולת שועל וניל 1ל,"משק ויילר בע\""מ",1 ליטר,Drinks
7290020711021,פילגד משקה שיבולת קשיו1ל,"משק ויילר בע\""מ",1 ליטר,Drinks
7290020711090,מש.יוגורט אסאי קוקוס480מ,MKN,480 מיליליטר,Dairy
7290100240137,תרסיס בדין כחול למיבש500,זוהר דליה,500 מיליליטר,Other
7290100240144,תרסיס בדין ורוד למיבש500,זוהר דליה,500 מיליליטר,Other
7290100243084,מיונז אמיתי הלמנס 789גרם,יוניליוור מפעל רקסדייל,789 גרם,Sauces & Spreads
7290100245231,מרק עוף+שקדי מרק2*25ג,יוניליוור ישראל מזון,50 גרם,Meat & Fish
7290100249086,"קליק נוגט לבן כשל""פ35ג",יוניליוור ישראל מזון,35 גרם,Dairy
7290100658338,פלמוליב אוקסי כחול 750מל,קולגייט-פלמוליב,750 מיליליטר,Other
7290100659090,חטיף FREE תמר וקינמון5יח,טבעית מוצרים מן הטבע בעמ,110 גרם,Snacks
7290100680650,מנה חמה נודלס תאילנדי76ג,THAI PRESIDENT FOODS PUB,76 גרם,Other
7290100680667,מנה חמה נודלס סצואן76גר,THAI PRESIDENT FOODS PUB,76 גרם,Other
7290100680711,פירורית זהב 350ג אסם,עינת,350 גרם,Other
7290100680728,פירורית רגילה 350 גרם,"אסם תעשיות מזון בע""מ",350 גרם,Other
7290100681138,אפרופו 3*50 גרם,"אסם תעשיות מזון בע""מ",150 גרם,Other
7290100681503,סירופ לימונענע דיאט 1 ל,"אסם תעשיות מזון בע""מ",1 ליטר,Other
7290100685136,"מרק בטעם עוף פרווה 1 ק""ג","אסם תעשיות מזון בע""מ",1 קילוגרם,Meat & Fish
7290100685334,מרק עוף אמיתי 400 גרם,"אסם תעשיות מזון בע""מ",400 גרם,Meat & Fish
7290100685341,מרק בטעם עוף זך 400 גרם,"אסם תעשיות מזון בע""מ",400 גרם,Meat & Fish
7290100686164,ביסלי ברביקיו 6*35 גרם,"אסם תעשיות מזון בע""מ",210 גרם,Snacks
7290100686171,ביסלי גריל 6 * 35 גרם,"אסם תעשיות מזון בע""מ",210 גרם,Snacks
7290100687109,במבה נוגט 60 גרם,"אסם תעשיות מזון בע""מ",60 גרם,Snacks
7290100689301,מרק בטעם עוף זך 400גר,"אסם תעשיות מזון בע""מ",400 גרם,Meat & Fish
7290100700020,גריסי פנינה 500ג סוגת,סוגת,500 גרם,Other
7290100700075,פירורי לחם 200ג סוגת,סוגת,200 גרם,Other
7290100700273,קינואה 500 גרם סוגת,סוגת,500 גרם,Other
7290100700327,"גריסי פנינה 1 ק""ג סוגת",סוגת,1 קילוגרם,Other
7290100700396,אורז יסמין קלאסי 1ק סוגת,סוגת,1 קילוגרם,Other
7290100700419,"בורגול 1 ק""ג סוגת",סוגת,1 קילוגרם,Other
7290100700587,בורגול 500 גרם סוגת,סוגת,500 גרם,Other
7290100701157,אורז להכנת סושי 1ק סוגת,סוגת,1 קילוגרם,Other
7290100701331,קמח רב תכליתי 1ק סוגת,"שטיבל בע""מ - טחנות קמח",1 קילוגרם,Other
7290100701577,"קמח לחם 1 ק""ג סוגת","שטיבל בע""מ",1 קילוגרם,Other
7290100701881,"קמח פיצה 1 ק""ג סוגת","שטיבל בע""מ",1 קילוגרם,Prepared
7290100702260,קוסקוס דק 350ג סוגת,"אסיף תעשיות מזון בע""מ",350 גרם,Other
7290100702383,"קמח תופח 1 ק""ג סוגת","שטיבל בע""מ",1 קילוגרם,Other
7290100702611,פתיתים אורז500ג סוגת,"אסיף תעשיות מזון בע""מ",500 גרם,Other
7290100702628,פתיתים קוסקוס500ג סוגת,"אסיף תעשיות מזון בע""מ",500 גרם,Other
7290100703007,עדשים שחורות בלוגה 500ג,"סוגת תעשיות בע""מ",500 גרם,Other
7290100703458,כוסמת ללא קליה500ג סוגת,סוגת,500 גרם,Other
7290100703861,קמח שמרים חלה 1ק סוגת,"שטיבל בע""מ",1 קילוגרם,Other
7290100704493,קמח שמרים פיצה1ק סוגת,"שטיבל בע""מ",1 קילוגרם,Prepared
7290100704530,קמח כוסמין לבן 1ק סוגת,"שטיבל בע""מ",1 קילוגרם,Dairy
7290100704691,אורז אדום 500ג סוגת,"סוגת תעשיות בע""מ",500 גרם,Other
7290100704707,אורז מיקס 500 גרם סוגת,"סוגת תעשיות בע""מ",500 גרם,Other
7290100704745,פריקה 500 גרם סוגת,"סוגת תעשיות בע""מ",500 גרם,Other
7290100704868,גרעיני תירס סוגת 400 גרם,סוגת,400 גרם,Vegetables
7290100704882,גרעיני תירס מתוק340 סוגת,Sunsweet Public Company,340 גרם,Vegetables
7290100704899,"גרעיני תירס ללת""ס 340 גר",Sunsweet Public Company,340 גרם,Vegetables
7290100704936,שימורי שעועית לבנה 400 ג,לה דוריה,400 גרם,Other
7290100704943,שימורי שעועית מנומרת 400,לה דוריה,400 גרם,Other
7290100704950,שימורי שעועית אדומה 400,לה דוריה,400 גרם,Other
7290100704967,שימורי עדשים ירוקות 400ג,לה דוריה,400 גרם,Other
7290100704974,שימורי חומוס 400ג סוגת,לה דוריה,400 גרם,Sauces & Spreads
7290100790243,קפה שחור אורגני 250 גרם,אווה אופציות קפה איכות,250 גרם,Drinks
7290100850916,דוריטוס חמוץ חריף 70 גרם,"שטראוס פריטו ליי בע""מ",70 גרם,Other
7290100850923,דוריטוס גריל 70 גרם,"שטראוס פריטו ליי בע""מ",70 גרם,Other
7290100850930,דוריטוס בטעם טבעי 70 גרם,"שטראוס פריטו ליי בע""מ",70 גרם,Other
7290100852606,קפה טורקי 4*100ג עלית,שטראוס קפה בי.וי.,400 גרם,Drinks
7290100857045,שוק.ספלנדיד מריר קפה100ג,עלית,100 גרם,Drinks
7290100924457,סבון אסלה לימון3*50ג סוד,הנקל סוד,150 גרם,Fruit
7290101112167,מאגדת יוגורטיה 4 יח,פלקו בעמ,320 גרם,Dairy
7290101112228,מאגדת גלידל פרי אננס 8יח,פלקו בעמ,640 גרם,Frozen
7290101112921,מאגדת גלידל פירות טרופים,פלקו בעמ,640 גרם,Frozen
7290101113157,מאגדת גלידל וניל עוגיות,"פלקו בע\""מ, חברה ישראלית",312 גרם,Frozen
7290101113423,מאג.גלידל תות לימון8*80ג,פלדמן,640 גרם,Frozen
7290101113430,מאגדת גלידל שוקולד סירופ,"פלקו בע\""מ, חברה ישראלית",312 גרם,Frozen
7290101113447,גלידל מיני קסטה 270 גרם,גלידות פלדמן,270 גרם,Frozen
7290101114109,מסקרפונה עוג+שוק.חלב1.2ק,---,1.2 ליטר,Dairy
7290101114116,מסקרפונה עם קרמל מלוח1.2,---,1.2 ליטר,Other
7290101114147,מאגדת טילוני דרדסים,---,210 גרם,Other
7290101114154,מאג.פוש אפ דרדסים4*46גרם,גקאס בלגיה,184 גרם,Other
7290101114338,חמישיה שלגון ונילש.פיסטו,---,200 גרם,Frozen
7290101114345,חמישיה שלגון וניל ש.מריר,---,200 גרם,Frozen
7290101114352,חמישיה שלגון וניל ש.בלונ,---,200 גרם,Frozen
7290101114369,שלישיה גלית תות חלבי 99ק,---,210 גרם,Dairy
7290101114376,מאגדת שלישיה ציפוי בננה,פלקו בעמ,210 גרם,Fruit
7290101114383,מאגדת שלישיה ציפוי שוקו,---,210 גרם,Drinks
7290101114390,מאגדת רביעיה גרניטה אייס,פלקו בעמ,320 גרם,Other
7290101114406,מאגדת שמיניה קרחונים ענב,---,640 גרם,Other
7290101114499,בליסימו ריבת חלב 425 גרם,---,425 גרם,Dairy
7290101114505,בליסימו וניל צרפתי425גרם,---,425 גרם,Other
7290101114512,בליסימו מוקה וניל 425גרם,---,425 גרם,Other
7290101114604,"טריקולד מסקרפונה 1.2 ק""ג",---,1.2 ליטר,Other
7290101114611,מאגדת 4 גלי לימון 320גר,פלקו בעמ,320 גרם,Fruit
7290101114628,מ.4 גלי לימון דובדבן320,פלקו בעמ,320 גרם,Fruit
7290101114635,מאגדת 4 גרניטה תות320גרם,פלקו בעמ,320 גרם,Fruit
7290101114642,4 פרוזן יוגורט תות280ג,פלקו בעמ,280 גרם,Dairy
7290101114659,מאגדת 4 שייק פרי תות260ג,פלקו בעמ,260 גרם,Fruit
7290101114680,4 מיני אייס דרים קפה200,פלקו בעמ,200 גרם,Drinks
7290101114697,מא. אייס דרים בלונדי200ג,פלקו בעמ,200 גרם,Other
7290101114765,גלידה וניל שוקו פרווה425,פלקו בעמ,425 גרם,Frozen
7290101114857,מאג.3שלגון חלבי פיסטוק,,210 גרם,Frozen
7290101114871,מאג.4גלי פופ אננס פלדמן,,320 גרם,Fruit
7290101114895,מאג.גלידל בננה פקאן8*50ג,פלקו בעמ,400 גרם,Frozen
7290101114918,מאג.6גלידל דואט שוקולד,פלקו בעמ,312 גרם,Frozen
7290101486688,חטיף FREE עם שוקולד 5יח,טבעית מוצרים מן הטבע בעמ,100 גרם,Snacks
7290101501817,שום קלוף 170 גרם,SHANDONG JOY AG,1 יחידות,Other
7290101551584,תפוציפס קידס 10*20 גרם,"שטראוס פריטו ליי בע\""מ (",200 גרם,Snacks
7290101551614,ציטוס חטיף גבינה8*30ג,"שטראוס פריטו ליי בע""מ",240 גרם,Snacks
7290101551638,ציטוס קטשופ מארז 10*20,"שטראוס פריטו ליי בע""מ",200 גרם,Sauces & Spreads
7290101551645,ציטוס איקס עיגול10*20ג,"שטראוס פריטו ליי בע""מ",200 גרם,Other
7290101864127,ספרי מסיר כתמים קליה750מ,רקיט בנקיזר,750 מיליליטר,Other
7290101865261,"פיניש נוזל הברקה 800 מ""ל",רקיט בנקיזר,800 מיליליטר,Other
7290101868958,פיניש להבקרה לימון800מל,רקיט בנקיזר,800 מיליליטר,Meat & Fish
7290101869702,פיניש גל למדיח קלאסי600,רקיט בנקיזר,600 מיליליטר,Other
7290101869719,גל הכל ב1לימון למדיח600,רקיט בנקיזר,600 מיליליטר,Fruit
7290101869726,פיניש גל למדיח קלאסי1ל,רקיט בנקיזר,1 ליטר,Other
7290101869733,פיניש פאוור גל לימון1ל,רקיט בנקיזר,1 ליטר,Fruit
7290101869788,מילוי אירוויק אואזיס250מ,רקיט בנקיזר,250 מיליליטר,Other
7290101869795,מילוי אירוויק ליל קיץ250,רקיט בנקיזר,250 מיליליטר,Other
7290101869962,מפיץ ריח+מקלות ליל קיץ30,רקיט בנקיזר,30 מיליליטר,Other
7290101869979,מקלות ריחניים אואזיס30מל,רקיט בנקיזר,30 מיליליטר,Other
7290102030330,תפוציפס מקסיקני 200 גרם,"שטראוס פריטו ליי בע\""מ (",200 גרם,Snacks
7290102031276,"אקטימל תות בננה 8*100מ""ל","שטראוס בריאות בע""מ",800 מיליליטר,Fruit
7290102032334,קפה נמס וניל200ג עלית,שטראוס קפה בי.וי.,200 גרם,Drinks
7290102060764,מב.ש.חניכים רגיש מרידול2,גאבה,1 יחידות,Other
7290102062195,"משחת אלמקס גוניור 75מ""ל",קולגייט-פלמוליב,75 מיליליטר,Other
7290102300822,גבינת צדר כתום 200 גרם,,200 גרם,Dairy
7290102300860,גבינת צדר לבן 200 גרם,,200 גרם,Dairy
7290102390427,מולר פרופ קציפת תות 150ג,---,150 גרם,Fruit
7290102390465,יוג.קציפת אפרסק+פסיפל150,---,150 גרם,Fruit
7290102390489,מולר פרופ לימון 150 גרם,---,150 גרם,Fruit
7290102391844,מולר פרופ פירות יער 150מ,---,150 מיליליטר,Fruit
7290102392049,גבינת תבור 5% שומן 500גר,---,500 גרם,Dairy
7290102392094,חלב עזים קרטון1ל צוריאל,צוריאל,1 ליטר,Dairy
7290102393039,יוג.מולר מיקס פצפוצים170,---,170 גרם,Other
7290102393060,יוג.מולר מיקס גליליות170,---,170 גרם,Other
7290102393169,יוגורט תות 3% 150ג מולר,---,150 גרם,Dairy
7290102393176,יוגורט אפרסק3% 150ג מולר,---,150 גרם,Dairy
7290102393190,יוגורט פ.יער3% 150ג מולר,---,150 גרם,Dairy
7290102393268,גבינה לבנה 5% שומן 750גר,טרה,750 גרם,Dairy
7290102393299,יוגורט עיזים לשתייה500גר,---,500 גרם,Dairy
7290102393718,חלומי בקר 200 גרם,משק צוריאל תבור,200 גרם,Meat & Fish
7290102393947,יוגורט קיווי3% 150ג מולר,---,150 גרם,Dairy
7290102394081,מולר מיקס קורנפ.מצופה170,---,170 גרם,Other
7290102394463,ג.צהובה נעם ואקום28% 500,---,500 גרם,Other
7290102394821,ג.צהובה נעם קלאסי28% 200,---,200 גרם,Other
7290102394845,גבינה צהובה נעם 9% 200 ג,---,200 גרם,Dairy
7290102395224,יוג.מולר נטורל1.7% 8*150,---,1.2 קילוגרם,Other
7290102395231,יוג.מולר נטורל2.8% 8*150,---,1.2 קילוגרם,Other
7290102395262,יוגורט אפרסק+תות3% 8*150,---,1.2 קילוגרם,Dairy
7290102395439,מולר פירות יער+קווי8*150,---,1.2 קילוגרם,Fruit
7290102396399,מעדן מוו שוקולד 8*100גר,---,800 גרם,Snacks
7290102396405,מעדן מוו טעם וניל8*100ג,---,800 גרם,Dairy
7290102396665,גבינה צהובה 15% 200ג נעם,---,200 גרם,Dairy
7290102396672,גב.צהובה נעם 9% 360גרם,---,360 גרם,Other
7290102396740,יוגורט אפרסק+תות0% 8*150,---,1.2 קילוגרם,Dairy
7290102397204,גבינה צהובה נעם 22% 200ג,---,200 גרם,Dairy
7290102397334,גבינה בולגרית 5% 250 גרם,משק צוריאל תבור,250 גרם,Dairy
7290102397464,"ביאנקו פלוס+אגוז,גרע170ג",---,170 גרם,Other
7290102397600,מולר מיקס שקד+בוטנים170ג,---,170 גרם,Other
7290102397617,מולר מיקס כדורי דגנים170,---,170 גרם,Other
7290102397747,מוצרלה נעם 200 גרם,---,200 גרם,Dairy
7290102397891,גבינה מותכת 4 * 25 גרם,משק צוריאל תבור,100 גרם,Dairy
7290102398065,חלב 3% בקרטון מהדרין 2ל,---,2 ליטר,Dairy
7290102398560,"שוקו ללת""ס בקבוק1ל טרה",טרה,1 ליטר,Drinks
7290102398577,שוקו מועשר טרה בקבוק250מ,---,250 מיליליטר,Drinks
7290102398614,משקה חלב בטעם בננה 1ליטר,---,1 ליטר,Drinks
7290102398669,אייס קפוצינו 1 ליטר,---,1 ליטר,Other
7290102399048,קשקבל פרוסות 200 גרם,---,200 גרם,Other
7290102399635,מולר פרופ קוקוס ואננס150,---,150 גרם,Fruit
7290102399796,מולר אקטיב לבן חלבון 25ג,---,200 גרם,Dairy
7290102399802,מולר פרוטאין יוגורט200ג,---,200 גרם,Dairy
7290102399819,מולר פרוטאין יוגור.פירות,---,200 גרם,Fruit
7290103120658,ספיד סטיק גל24/7שחור85ג,קולגייט-פלמוליב,85 גרם,Other
7290103129378,ספיד סטיק גל 85גרם 5X,קולגייט-פלמוליב,85 גרם,Other
7290103129392,ליידי ס.סטיק אינפיוזן65ג,קולגייט-פלמוליב,65 גרם,Other
7290103681173,"קברנה הר תבור 750 מ""ל",מיוצר על ידי יקב תבור,750 מיליליטר,Other
7290103681180,"מרלו הר תבור 750 מ""ל",מיוצר על ידי יקב תבור,750 מיליליטר,Other
7290103681197,"שיראז הר תבור 750 מ""ל",---,750 מיליליטר,Other
7290103681210,"שרדונה הר תבור 750 מ""ל",---,750 מיליליטר,Other
7290103681227,גוורצטרמינר הר תבור750מל,---,750 מיליליטר,Other
7290103704957,מגבות נייר 3 שכבות ענק3ג,---,57 מטרים,Other
7290103705602,נייר טואלט 3שכבות32גTNX,סאסאטק,573 מטרים,Other
7290103705961,TNXנייר טואלט ת.שכבתי24ג,---,374 מטרים,Other
7290103706029,מגבות נייר לניקוי והברקה,סאסא טק,19 מטרים,Other
7290103706197,נייר טואלט דו שכבתיXPO32,שניב תעשיות נייר,537 מטרים,Other
7290103706203,נייר טואלט דו שכבתי48XPO,שניב תעשיות נייר,844 מטרים,Other
7290103706234,מגבות נייר 6 גלילים XPO,שניב תעשיות נייר,64 מטרים,Other
7290103706241,מגבות נייר XPO 8 גלילים,שניב תעשיות נייר,85 מטרים,Other
7290103706258,ממחטות אף פרחיםXPO 5*100,שניב תעשיות נייר,1 יחידות,Other
7290103706265,ממחטות אף 5*100יח XPO,שניב תעשיות נייר,1 יחידות,Other
7290103706272,ממחטות אף בקופסא100י XPO,שניב תעשיות נייר,1 יחידות,Other
7290103706296,שקיות אשפהSריחניות50 XPO,שניב תעשיות נייר,1 יחידות,Other
7290103706302,שקיות אוכל 2*150י XPO,שניב תעשיות נייר,1 יחידות,Other
7290103706364,ש.אשפהL ריחני+שרוך40 XPO,שניב תעשיות נייר,1 יחידות,Other
7290103706371,ש.אשפהXL ריחניות2*15 XPO,שניב תעשיות נייר,1 יחידות,Other
7290103706388,שקיות אשפהXL+שרוך20י XPO,שניב תעשיות נייר,1 יחידות,Other
7290103706395,שקיות אשפהL+שרוך30י XPO,שניב תעשיות נייר,1 יחידות,Other
7290103706418,שקיות אשפהXL+ידית XPO 25,שניב תעשיות נייר,1 יחידות,Other
7290103706456,XPOשקיות אשפהXL חזקות20י,שניב תעשיות נייר,1 יחידות,Other
7290103706524,40מטליות רב שימושיותXPO,"סאסאטק אגש""ח בע""מ",1 יחידות,Other
7290103706531,מטליות רב שימושיות9יחXPO,"סאסאטק אגש""ח בע""מ",1 יחידות,Other
7290103706548,כריות יפניות 6יח XPO,"סאסאטק אגש""ח בע""מ",1 יחידות,Other
7290103706555,כריות יפניות XPO 4 יחידו,"סאסאטק אגש""ח בע""מ",1 יחידות,Other
7290103706562,כריות יפניות+תעלות4י XPO,"סאסאטק אגש""ח בע""מ",1 יחידות,Other
7290103706579,כריות קרצוף ענקיות 3יXPO,"סאסאטק אגש""ח בע""מ",1 יחידות,Other
7290103706586,כריות קרצוף לשבת 2י XPO,"סאסאטק אגש""ח בע""מ",1 יחידות,Other
7290103706593,ספוג הפלא נירוסטה3יXPO,"סאסאטק אגש""ח בע""מ",1 יחידות,Other
7290103706609,מטליות רצפה מיקרופברXPO3,"סאסאטק אגש""ח בע""מ",1 יחידות,Other
7290103706616,סט מטליות לניקוי 5יחXPO,"סאסאטק אגש""ח בע""מ",1 יחידות,Other
7290103706623,ספוג הפלא-שכבת חיזוק6XPO,"סאסאטק אגש""ח בע""מ",1 יחידות,Other
7290103706630,ספוג הפלא 6י XPO,"סאסאטק אגש""ח בע""מ",1 יחידות,Other
7290103706647,כריות קרצוף נירוסטה2יXPO,"סאסאטק אגש""ח בע""מ",1 יחידות,Other
7290103706654,ברזליות 3י XPO,"סאסאטק אגש""ח בע""מ",1 יחידות,Other
7290103706678,מטליות לניקוי אבק 3יחXPO,"סאסאטק אגש""ח בע""מ",1 יחידות,Other
7290103706685,מטליות הפלא לניקוי 3יXPO,"סאסאטק אגש""ח בע""מ",1 יחידות,Other
7290103706692,מטלית חלומית לרצפהXPO יח,"סאסאטק אגש""ח בע""מ",1 יחידות,Other
7290103706708,מטלית מיקרופייבר+חורXPO,"סאסאטק אגש""ח בע""מ",1 יחידות,Other
7290103706715,מטליות הפלא לרצפה 2י XPO,"סאסאטק אגש""ח בע""מ",1 יחידות,Other
7290103706722,מטלית הפלא לרצפה XPO יחי,"סאסאטק אגש""ח בע""מ",1 יחידות,Other
7290103706739,שלישיית סחבות זיגזגXPO 3,"סאסאטק אגש""ח בע""מ",1 יחידות,Other
7290103706746,נ.טואלט תלת שכבתי32ג LU,שניב תעשיות נייר,523 מטרים,Other
7290103706753,נ.טואלט 16ג.כפולXPO LUNA,"שניב תעשיות נייר בע\""מ",573 מטרים,Other
7290103706777,נ.טואלט גליל כפול24 XPO,"שניב תעשיות נייר בע\""מ",860 מטרים,Other
7290103706791,6מגבות נייר XPOגליל כפול,שניב תעשיות נייר,127 מטרים,Other
7290103706821,ממחטות אף לכיס 10*10 יחי,שניב תעשיות נייר,1 יחידות,Other
7290103706890,מפיות נייר חד שכבתי150יח,שניב תעשיות נייר,1 יחידות,Other
7290103706982,ניילון נצמד 150 מטר XPO,סאסא טק,150 מטרים,Other
7290103706999,XPO 2ניילון נצמד30סמ*30מ,שניב תעשיות נייר,1 יחידות,Other
7290103707002,נייר טואלט פסטל 32ג XPO,שניב תעשיות נייר,573 מטרים,Other
7290103707019,נייר טואלט אפרסק 32ג XPO,שניב תעשיות נייר,573 מטרים,Fruit
7290103707026,6מגבות נייר דו שכבתי LU,שניב תעשיות נייר,1 יחידות,Other
7290103707040,6מגבות נייר גליל כפול LU,שניב תעשיות נייר,1 יחידות,Other
7290103707064,נ.טואלט דו שכבתי48ג XPO,שניב תעשיות נייר,844 מטרים,Other
7290103707071,נ.טואלט דו שכבתי 32גVIVI,שניב תעשיות נייר,573 מטרים,Other
7290103707088,נ.טואלט דו שכבתי48ג VIVI,שניב תעשיות נייר,844 מטרים,Other
7290103707286,כפפות נטריל שחורS 100XPO,שניב תעשיות נייר,1 יחידות,Other
7290103707293,כפפות נטריל שחורM 100XPO,שניב תעשיות נייר,1 יחידות,Other
7290103707309,כפפות נטריל שחורL 100XPO,שניב תעשיות נייר,1 יחידות,Other
7290103707460,30שקיות זיפר XPO+סליידרL,"סאסאטק אגש""ח בע""מ",1 יחידות,Other
7290103707521,ממחטות כיסXPO מנטול10*10,,1 יחידות,Other
7290103707798,נ.טואלט תלת חמאה32ג LU,שניב תעשיות נייר,523 מטרים,Dairy
7290103707811,XXLמגבות נייר 1200דף XPO,"סאסאטק אגש""ח בע""מ",1 יחידות,Other
7290103707835,נ.טואלט מגה רול 18גל LU,"סאסאטק אגש""ח בע""מ",454 מטרים,Other
7290104062599,גמדים תות בננה 8*100 גרם,"שטראוס בריאות בע""מ",800 גרם,Fruit
7290104067198,שוקולד מריר 70% תפוז100ג,עלית,100 גרם,Snacks
7290104500572,אפרופו איטליאנו 50 גרם,"אסם תעשיות מזון בע""מ",50 גרם,Other
7290104501661,פודינג וניל צרפתי 80 גרם,"אסם תעשיות מזון בע""מ",80 גרם,Other
7290104504228,מיני דובונים 5*20 גרם,"אסם תעשיות מזון בע""מ",100 גרם,Other
7290104508943,במבה חטיף בוטנים 200 גרם,"אסם תעשיות מזון בע""מ",200 גרם,Snacks
7290104722530,תפוציפס שמנת בצל 200גרם,"פפסיקו הלאס בע""מ",200 גרם,Snacks
7290104724718,שוק.במילוי קרם נוגט100גר,עלית,100 גרם,Other
7290104726262,דני שלוק שוקולד 4*125גרם,"שטראוס גרופ בע""מ",500 גרם,Snacks
7290104726712,מעדן מילקי ט.שוקולד8*170,"שטראוס גרופ בע""מ",1.36 ליטר,Snacks
7290104728310,שמנתלהקצפה 38% 250 גרם,מחלבת יטבתה,250 גרם,Dairy
7290104859410,צלחות גדולות 1ק לפיד,פאלאס,1 קילוגרם,Other
7290104961403,קרם פנים ילדים 60SPF50מ,סקין גארד-שיזוף,60 מיליליטר,Other
7290104961441,שמן גזר ספריי200SPF15מ,מיוצר עי : אמיליה קוסמטי,200 מיליליטר,Sauces & Spreads
7290104961526,טיטניום ספריי קלאסי150מ,קרליין,150 מיליליטר,Other
7290104961892,"מסכת קרטין נטורל 350 מ""ל",קוסמופארם,350 מיליליטר,Other
7290104961908,"סרום קרטין נטורל 145 מ""ל",קוסמופארם,145 מיליליטר,Other
7290104963216,סופטקר אל סבון עדין 1 ל,קוסמופארם,1 ליטר,Other
7290104963223,סופטקר אל סבון קלאסי 1 ל,קוסמופארם,1 ליטר,Other
7290105360878,תפוציפס 4*50 גרם,"שטראוס פריטו ליי בע""מ",200 גרם,Snacks
7290105362339,"שמנת לבישול 15% 250 מ""ל",מחלבת יטבתה,250 מיליליטר,Dairy
7290105362377,כיף כף מגדים 45 גרם,עלית,45 גרם,Other
7290105363572,שוק.פרה ביסקויט מגדים100,"שטראוס גרופ בע""מ",100 גרם,Other
7290105364678,משקה אקטיביה אפרסק 250מל,"שטראוס בריאות בע""מ",250 מיליליטר,Drinks
7290105366993,סימפוניה שיפקה חריף200,שטראוס,200 גרם,Other
7290105368331,"מילקי בטעם תות 170 מ""ל",שטראוס,170 מיליליטר,Dairy
7290105368904,שמנת מתוקה להקצפה32% 250,מחלבת יטבתה,250 מיליליטר,Dairy
7290105431516,חטיפי FREE תמר+בוטנים5יח,טבעית מוצרים מן הטבע בעמ,125 גרם,Other
7290105436382,חטיף FREE תמרים קשיו5*25,טבעית מוצרים מן הטבע בעמ,125 גרם,Snacks
7290105439499,מיונז הולנדי483ג מאסטרשף,רמיה סי.וי.הולנד,483 גרם,Sauces & Spreads
7290105439505,ממרח מופחת קלוריות521ג,רמיה סי.וי.הולנד,521 גרם,Sauces & Spreads
7290105439581,חרדל דיזון צרפתי 370גרם,סאס קובינור,370 גרם,Sauces & Spreads
7290105474001,לה קט פטה בקר 100 גרם,LA NORMANDISE SA,100 גרם,Meat & Fish
7290105474018,לה קט פטה עוף וכבד 100 ג,LA NORMANDISE SA,100 גרם,Meat & Fish
7290105691248,חטיפי טורטיה תירס60ג אסם,"פרח תעשיות מזון בע""מ",60 גרם,Vegetables
7290105693341,במבה 10*25 גרם,"אסם תעשיות מזון בע""מ",250 גרם,Snacks
7290105961525,שוק.ספלנדיד מריר85% 100ג,"שטראוס גרופ בע""מ",100 גרם,Other
7290105962331,סחוג אדום חריף זהבי220ג,"זהבי הכרם בע\""מ",220 גרם,Other
7290105965738,דנונה לשתיה תות בננה267ג,"שטראוס בריאות בע""מ",267 גרם,Fruit
7290105968654,רביולי בטטה פרווה 400 גר,"שטראוס גרופ בע""מ",400 גרם,Other
7290106520066,רבע לשבע גלילית אגוז160ג,"שטראוס גרופ בע""מ",160 גרם,Other
7290106520813,תפוציפס בטעם טבעי 6*50ג,"שטראוס פריטו ליי בע""מ",300 גרם,Snacks
7290106520912,"שמנת לבישול 9% 250 מ""ל",מחלבת יטבתה,250 מיליליטר,Dairy
7290106521650,מאגדת טעמי 5 *40 גרם,עלית,200 גרם,Other
7290106524439,תפוציפס פופס טבעי 60גרם,"שטראוס פריטו ליי בע""מ",60 גרם,Snacks
7290106525504,טעמי בייגלה 42 גרם,עלית,42 גרם,Other
7290106526822,פריכיות תחתית חלב 80גרם,"שטראוס גרופ בע""מ",80 גרם,Dairy
7290106527386,פריכיות אנרגי שוק.חלב70,"שטראוס גרופ בע\""מ",70 גרם,Dairy
7290106528567,דוריטוס גריל 185 גרם,"שטראוס פריטו ליי בע""מ",185 גרם,Other
7290106528628,דוריטוס Dippas טבעי185ג,"שטראוס פריטו ליי בע""מ",185 גרם,Other
7290106571037,מאג.5גומיגם ספארי נסטלה,גלידות נסטלה (נגה גלידות,450 גרם,Frozen
7290106572614,דובונים פיצה 40 גרם,"אסם תעשיות מזון בע""מ",40 גרם,Prepared
7290106572959,אפרופו קלאסי מארז 5*25גר,"אסם תעשיות מזון בע""מ",125 גרם,Other
7290106573598,חומוס לבנוני צבר 400 גרם,סלטי צבר,400 גרם,Sauces & Spreads
7290106573628,חומוס עם טחינה צבר 400גר,סלטי צבר,400 גרם,Sauces & Spreads
7290106573642,חומוס צנובר צבר 400 גרם,סלטי צבר,400 גרם,Sauces & Spreads
7290106573819,חומוס אבו גוש 400 גרם,סלטי צבר,400 גרם,Sauces & Spreads
7290106574953,בייגלה שטוחים שומשום300ג,"אסם תעשיות מזון בע""מ",300 גרם,Other
7290106574977,בייגלה שטוחים מלח300גרם,"אסם תעשיות מזון בע""מ",300 גרם,Other
7290106575257,עוגת סופלה טעם שוקולד340,"אסם תעשיות מזון בע""מ",340 גרם,Snacks
7290106575943,אבקה להכנת קניידלך140ג,"אסם תעשיות מזון בע""מ",140 גרם,Other
7290106576513,חומוס מסעדה 400 גרם,סלטי צבר,400 גרם,Sauces & Spreads
7290106576537,חומוס מסעדה צבר 700גרם,סלטי צבר,700 גרם,Sauces & Spreads
7290106576797,לה קרמריה וניל איטלקי,גלידות נסטלה (נגה גלידות,1.4 ליטר,Frozen
7290106576810,לה קרמריה צמחי ריבת,---,1.4 ליטר,Other
7290106576834,לה קרמריה פונש בננה,גלידות נסטלה,1.4 ליטר,Frozen
7290106576858,לה קרמריה תותים,נגה גלידות שותפות מוגבלת,1.4 ליטר,Frozen
7290106576957,לה קרמריהשוקו וניל פרווה,גלידות נסטלה (נגה גלידות,1.4 ליטר,Frozen
7290106576971,לה קרמריה שוקולד בלגי 1.,גלידות נסטלה,1.4 ליטר,Frozen
7290106577282,טחינה אמיתית 400 גרם צבר,סלטי צבר,400 גרם,Sauces & Spreads
7290106577480,חציל על האש בטחינה400צבר,סלטי צבר,400 גרם,Sauces & Spreads
7290106577503,חציל במיונז 400 גרם צבר,סלטי צבר,400 גרם,Sauces & Spreads
7290106577541,סלט כרוב אדום 400ג צבר,סלטי צבר,400 גרם,Prepared
7290106577572,מטבוחה אמיתית 400גרם צבר,סלטי צבר,400 גרם,Prepared
7290106651265,פסק זמן קלאסי 4 * 45 גרם,עלית,180 גרם,Other
7290106654099,מילקי קייק 8*34 גרם,בובארד איטליה אס.פי.איי,272 גרם,Dairy
7290106656734,חיוכים וניל 600 גרם,עלית,600 גרם,Other
7290106658479,טורטית וופל מצופה שוק40ג,"שטראוס גרופ בע""מ",40 גרם,Snacks
7290106663091,לאבנה 9% 500 גרם,"מחלבות בר בכפר בע""מ",500 גרם,Dairy
7290106663121,מילקי קייק 34 גרם,בובארד איטליה אס.פי.איי,34 גרם,Dairy
7290106664067,לאבנה ש.זית וזעתר10% 400,"מחלבות בר בכפר בע""מ",400 גרם,Dairy
7290106664562,רוטב שמנת+פטריות 9% 200מ,מחלבת יטבתה,250 מיליליטר,Sauces & Spreads
7290106667266,דוריטוס חמוץ חריף 185גרם,"שטראוס פריטו ליי בע""מ",185 גרם,Other
7290106668713,דנונה פירות יער 3% 150גר,"שטראוס בריאות בע""מ",150 גרם,Fruit
7290106721906,מסטיק בזוקה ציקלט 66גרם,אסקום קונפקשיין,66 גרם,Snacks
7290106721913,מסטיק מרעננת מגדים 66גרם,אסקום קונפקשיין,66 גרם,Snacks
7290106721920,מסטיק ספירמינט ציקלט66ג,אסקום קונפקשיין,66 גרם,Snacks
7290106722415,ממולדה לבנה טעם תות 100,"שטראוס גרופ בע""מ",100 גרם,Fruit
7290106728127,חלב טבעי 3.6% 1ל יטבתה,מחלבת יטבתה,1 ליטר,Dairy
7290106770577,ממרח חלבה 350 גרם,אלמנדוס,350 גרם,Sauces & Spreads
7290106771161,גרנולה מייפל פקאן 450 גר,---,450 גרם,Other
7290106771314,גרנולה אגוזים חמוציות450,---,450 גרם,Other
7290106771369,גרנולה לוז וקינמון 450 ג,---,450 גרם,Other
7290106774018,אבקת קקאו 400 גרם,אלמנדוס,400 גרם,Other
7290106774612,סילאן אורגני לחיץ 500 גר,---,500 גרם,Sauces & Spreads
7290106775664,שמן קוקוס שקד תבור 350מל,אלמנדוס,350 מיליליטר,Sauces & Spreads
7290107645584,מרק עוף בשרי קנור 400ג,יוניליוור ישראל מזון בע\,400 גרם,Meat & Fish
7290107645591,מרק בטעם עוף קנור 400ג,יוניליוור ישראל מזון בע\,400 גרם,Meat & Fish
7290107646062,מרק בצל קנור 400 גרם,"יוליוס סימון 52, חיפה",400 גרם,Prepared
7290107646147,חטיף שוגי קורנפלקס 6*26ג,יוניליוור ישראל מזון,156 גרם,Snacks
7290107646154,חטיף קוקומן שוקולד 6*21ג,יוניליוור ישראל מזון,126 גרם,Snacks
7290107646826,חטיפי שוגי שוקולד 6*26ג,יוניליוור ישראל מזון,156 גרם,Snacks
7290107647731,קוקומן חום לבן 375ג תלמה,"יוניליוור שפע ישראל בע""מ",375 גרם,Dairy
7290107647854,דגני בוקר שוגי 500ג תלמה,"יוניליוור שפע ישראל בע""מ",500 גרם,Other
7290107649605,קליק קורנפלקס ופצפוצים85,יוניליוור ישראל מזון,85 גרם,Other
7290107870047,טילון בראוניז מטבע ענק י,גלידות נסטלה (נגה גלידות,1 יחידות,Frozen
7290107871990,פסטה צינורות 500 גרם,פסטה זארה,500 גרם,Other
7290107874502,ביסלי גריל 4*55 גרם,"אסם תעשיות מזון בע""מ",220 גרם,Snacks
7290107875271,ביסלי ברביקיו 4*55 גרם,"אסם תעשיות מזון בע""מ",220 גרם,Snacks
7290107875400,להקרמריה פיסטוק מוקה 1.4,גלידות נסטלה (נגה גלידות,1.4 ליטר,Frozen
7290107877619,במבה מילוי קרם נוגט5*30ג,"אסם תעשיות מזון בע""מ",150 גרם,Snacks
7290107879521,מא.שרבט תות350ג לה פרוטה,נגה גלידות שותפות מוגבלת,350 גרם,Frozen
7290107879569,מאגדת לה פרוטה מנגו 6 יח,גלידות נסטלה (נגה גלידות,350 גרם,Frozen
7290107932080,חלב מועשר3%בקבוק1ל יטבתה,מחלבת יטבתה,1 ליטר,Dairy
7290107932134,חלב מועשר1%בקבוק1ל יטבתה,מחלבת יטבתה,1 ליטר,Dairy
7290107936309,יוגורט יווני 6.5% 130גר,"שטראוס בריאות בע""מ",130 גרם,Dairy
7290107936958,עד חצות אצבעות 125 גרם,ביסקוויטס טור ד\אלבון,125 גרם,Snacks
7290107936965,עד חצות עיגולים 225 גרם,עלית,230 גרם,Other
7290107937542,משקה אקטיביה תות1.2% 265,"שטראוס בריאות בע""מ",265 גרם,Drinks
7290107937627,קוביות ספירמינט צנצנת58ג,אסקום קונפקשיין,58 גרם,Other
7290107937641,מסטיק בזוקה קוביות צנצ58,אסקום קונפקשיין,58 גרם,Snacks
7290107938396,"מארז אקטימל תות 8*100מ""ל","שטראוס בריאות בע""מ",800 מיליליטר,Fruit
7290107944243,אפיפית שוקולד ללג200עלית,"שטראוס גרופ בע""מ",200 גרם,Snacks
7290107944380,"אגוזי כשל""פ 45 גרם","שטראוס גרופ בע""מ",45 גרם,Other
7290107944472,סימפוניה שום שמיר5% 200ג,"שטראוס בריאות בע""מ",200 גרם,Other
7290107944717,ופל מיני טורטית מארז390ג,"שטראוס גרופ בע""מ",390 גרם,Snacks
7290107945165,קונפיטורת משמש 340 גרם,"ב.א מזוןבע""מ",340 גרם,Other
7290107947480,אנרגי מצופה שוקולד6*28ג,"שטראוס גרופ בע""מ",168 גרם,Snacks
7290107950190,מעדן דיאט שוקולד מריר130,"שטראוס בריאות בע""מ",130 גרם,Snacks
7290107950206,מעדן דיאט שוקולד 130 גרם,"שטראוס בריאות בע""מ",130 גרם,Snacks
7290107951104,בפלות בטעם שוקולד 200גרם,"גילרו בע""מ",200 גרם,Snacks
7290107951715,מסטיק קוביות ענבים צנצ58,אסקום קונפקשיין,58 גרם,Snacks
7290107954709,קונפיטורת פירות יער340גר,"ב.א מזוןבע""מ",340 גרם,Fruit
7290107954976,משקה פרו קפה יטבתה350מ,מחלבת יטבתה,350 מיליליטר,Drinks
7290107957991,מילקי קייק מיניס 144 גרם,בובארד איטליה אס.פי.איי,144 גרם,Dairy
7290107958035,דנונה מתיקות מעודנת8*150,"שטראוס בריאות בע""מ",1.2 קילוגרם,Other
7290107971522,4חט.בוטן+שקד קרנאצ FREE,אמקו ספול,140 גרם,Other
7290107973861,עגבניות קצוצות דק 3*400ג,קונסורזיו קאסאלאסקו,1.2 קילוגרם,Vegetables
7290107974073,עלי טורטיה קמח חיטה320ג,ש.שסטוביץ,320 גרם,Other
7290107974301,ליידי ס.סטיק אלוורה 65גר,קולגייט-פלמוליב,65 גרם,Other
7290107975346,ספיד סטיק גל כוח הטבע65,קולגייט-פלמוליב,65 גרם,Other
7290107978323,איטריות דקיקות 400 גרם,פי.פי.איג ארטלקס,400 גרם,Other
7290107978330,איטריות דקות 400 גרם,פי.פי.איג ארטלקס,400 גרם,Other
7290107978347,איטריות בינוניות 400 גרם,פי.פי.איג ארטלקס,400 גרם,Other
7290107978453,קראנצוס גריל 55 גרם,"מנה י.א בע""מ",55 גרם,Other
7290107978460,קראנצוס פלאפל 55 גרם,"מנה י.א בע""מ",55 גרם,Other
7290108201864,קפס.גל לכביסה28י קולון,רקיט בנקיזר,1 יחידות,Other
7290108350616,מקסימה מרכך בלו 1 ליטר,סנו,1 ליטר,Other
7290108350623,מקסימה מרכך סופט סילק1ל,סנו,1 ליטר,Other
7290108351613,ריצפז פרשהום מלון חלומי2,סנו,2 ליטר,Fruit
7290108355079,נט.פורמולה לחות+קוקוס400,קוסמופארם,400 מיליליטר,Other
7290108355185,"מסכה קרטין נטורל 350מ""ל",קוסמופארם,350 מיליליטר,Other
7290108357707,כיף שמפו לשיער רגיל 700מ,קוסמופארם,700 מיליליטר,Other
7290108358384,מקסימה מרכך כביסה 1 ליטר,סנו,1 ליטר,Other
7290108501346,גאודה מגורדת500ג אירו,ויליפוד,500 גרם,Other
7290108501360,גבינת צדר בשלה200ג אירו,ווייקה פארמס,200 גרם,Dairy
7290108501667,לפתן פירות בסירופ קל 4יח,הזה סאנקינג פוד קו.,452 גרם,Fruit
7290108501827,שערות קדאיף 450ג ויליפוד,הלניק,450 גרם,Other
7290108502145,צדר בשלה פרוס150ג אירו,גבינות משק אחים מאיר בית,150 גרם,Dairy
7290108502541,גבינת שמנת 18% 200ג אירו,סוטאש,200 גרם,Dairy
7290108502725,גאודה פרוסות28% 400גרם,ויליפוד,400 גרם,Other
7290108503043,תפוחונים 4*22ג ויליפוד,הביי דונגפנג פוד קו. בעמ,88 גרם,Fruit
7290108503999,פרוסות גבינה מותכת 150 ג,---,150 גרם,Dairy
7290108504279,קשקבל צאנק 150ג אירו,אל פסטור,150 גרם,Other
7290108504286,איבריקו צאנק 150ג אירו,אל פסטור,150 גרם,Other
7290108504293,מנצגו צאנק 150ג אירו,אל פסטור,150 גרם,Other
7290108504378,גבינת שמנת+זיתים200 אירו,---,200 גרם,Dairy
7290108504699,נתחי טונה שמן קנולה4*160,גולדן פרייז קאנינג אל טי,640 גרם,Sauces & Spreads
7290108504934,דפי אורז למילוי 300 גרם,טרן ני פודס קו. אל.טי.די,300 גרם,Other
7290108505603,טונה בהירה בשמן 3*80וילי,גולדן פרייז קאנינג אל טי,240 גרם,Meat & Fish
7290108506495,כנאפה קפוא 192ג פינוקים,ארמה גרופ,192 גרם,Frozen
7290108506624,גבינת עזים 32% 150ג אירו,קסוס דה סאלבדור,150 גרם,Dairy
7290108506709,פרמגיאנו רגיאנו150ג אירו,זנטי,150 גרם,Other
7290108509106,קוביות בולגרית מעודנ200ג,סוטאש,200 גרם,Dairy
7290108509267,פסטה עם רוטב גבינה206גרם,בסן מקרנה,206 גרם,Sauces & Spreads
7290108509274,4גבינות מגורדות300ג אירו,אי וואר,300 גרם,Dairy
7290108509755,גבינת חלומי 250ג יורו,ארדן גידה,250 גרם,Dairy
7290109351025,חומוסטחינה צבר 400 גרם,סלטי צבר,400 גרם,Sauces & Spreads
7290109351971,6ח.פריכיות שוק.חלב פיטנס,CA,84 גרם,Dairy
7290109352916,6חט.פרכיות שוק.לבן פיטנס,"כרמית תעשיות ממתקים בע""מ",84 גרם,Dairy
7290109354101,לחמית ללא גלוטן 200 גרם,"אסם תעשיות מזון בע""מ",200 גרם,Other
7290109354972,פתי בר ל.גלוטן קלאסי200ג,"אסם תעשיות מזון בע""מ",200 גרם,Other
7290109354996,פתי בר לל.גלוטן שוקו200ג,"אסם תעשיות מזון בע""מ",200 גרם,Drinks
7290109358765,קראנץ רולס 450 גרם,"אסם תעשיות מזון בע""מ",450 גרם,Other
7290109580036,שניצל תירס 1.25 קג,זוגלובק,1.25 קילוגרם,Meat & Fish
7290109580050,נקניקיות צוריסו ונדרס226,זוגלובק,226 גרם,Meat & Fish
7290109580067,וונדרס טחון 340 גרם,זוגלובק,340 גרם,Other
7290109580074,קבב וונדרס,זוגלובק,226 גרם,Meat & Fish
7290109580104,רוסטביף פרימיום 150 גרם,---,150 גרם,Other
7290109580135,קורנדביף פרימיום 180 גר,---,180 גרם,Other
7290109580166,סרוולד קלאסי פרימיום 150,---,150 גרם,Other
7290109580241,נאגטס מן הצומח 500 גרם,---,0.5 קילוגרם,Other
7290109580272,סרוולד איטלקי פרמיום,---,150 גרם,Other
7290109580319,וונדרס בורגר 280 גרם,---,280 גרם,Other
7290109580432,פסטרמה אקסמעושנת דק120,---,120 גרם,Meat & Fish
7290109580470,"נאגטס מן הצומח 1 ק""ג",זוגלובק,1000 גרם,Other
7290109580500,סלמי קוניאק דק דק דק,---,120 גרם,Other
7290109580531,נודלס של מסעדות 400 גרם,פרש אסיה,400 גרם,Other
7290109580562,תאי ציקן נודלס 380 גרם,---,380 גרם,Other
7290109580609,פסטרמה גחלים דק דק120גרם,---,120 גרם,Meat & Fish
7290109580623,נודלס עוף סצואן 350 גרם,---,350 גרם,Meat & Fish
7290109580647,קובה סלק 400 גרם,זוגלובק,400 גרם,Other
7290109580739,נקניקיות צוריסו 300ג,זוגלובק,300 גרם,Meat & Fish
7290109580821,שניצל דק מן הצומח,---,620 גרם,Meat & Fish
7290109580838,שניצל דק צילי מן הצומח,---,620 גרם,Meat & Fish
7290109580890,בשר מפורק 240ג זוגלובק,זוגלובק,240 גרם,Meat & Fish
7290109581101,קבנוס פפרוני 135 גרם,זוגלובק,135 גרם,Other
7290109581132,פסטה בלונז 400 גרם,---,400 גרם,Other
7290109581156,קציצות של סבתא פרז 390 ג,---,390 גרם,Prepared
7290109581262,פסטרמה בדבש זוגלובק 250ג,---,250 גרם,Sauces & Spreads
7290109581293,נקניקיות פרימיום 310 גרם,---,310 גרם,Meat & Fish
7290109581507,פירה עם נקניקיות350ג,זוגלובק,350 גרם,Meat & Fish
7290109581514,פסטה עם נקניקיות350ג,נקניק נהריה כשר זוגלובק,350 גרם,Meat & Fish
7290109581521,נודלס ורצועות בשר350 גרם,נקניק נהריה כשר זוגלובק,350 גרם,Meat & Fish
7290109581538,פסטרמה פרגית 120גרם דק,זוגלובק,120 גרם,Meat & Fish
7290109640198,מגורדת לפיצה ואפיה 200 ג,ויגרדן,200 גרם,Prepared
7290109640372,"ממרח+זיתים ע""ב קוקוס200ג",גן שמואל-תעשיות בריאות,200 גרם,Sauces & Spreads
7290109640402,"ממרח ט.טבעי ע""ב קוקוס200",גן שמואל-תעשיות בריאות,200 גרם,Sauces & Spreads
7290109640600,תחליף טונה טבעוני 180 גר,---,180 גרם,Meat & Fish
7290109640761,מאפה בצק טבעוני פטה600,,600 גרם,Other
7290109640785,מאפה בצק טבעוני פיצה600ג,,600 גרם,Prepared
7290109640983,סלמי פרוס טבעונ160ויגרדן,MZA,160 גרם,Other
7290109641102,פסטרמה טבעוני160ג ויגרדן,MZA,160 גרם,Meat & Fish
7290109920313,מרסס חלונות למשטח 750,אסטוניש -לידס,750 מיליליטר,Other
7290109923352,דורגול מסיר א.מקומקום750,דורינג,750 מיליליטר,Other
7290109923512,"מרסס למקלחון 600 מ""ל",דורינג,600 מיליליטר,Other
7290109923529,"דזיטול רסס נגב 750מ""ל",אי.סי. מרכה,750 מיליליטר,Other
7290109923710,"גל אסלה ורדים 750 מ""ל",אסטוניש -לידס,750 מיליליטר,Other
7290109923772,"דורגול מרסס למטבח 600מ""ל",דורינג,600 מיליליטר,Other
7290110000493,חמאת בוטנים קרנצי350ג,בטר & דיפרנט,350 גרם,Other
7290110001759,ציקורי תחליף לקפה 150גר,בטר & דיפרנט,150 גרם,Drinks
7290110001841,חמאת בוטנים טבעית 760 גר,בטר & דיפרנט,760 גרם,Other
7290110110369,קרלסברג לומה 6בק* 330מל,---,1.98 ליטר,Other
7290110110703,ספרייט ליים פחיות6*330מל,---,1.98 ליטר,Other
7290110111809,"פאנטה אורנג 6פח*330 מ""ל",---,1.98 ליטר,Other
7290110113537,נורדיק מיסט מי טוניק 1 ל,החברה המרכזית לייצור משק,1 ליטר,Other
7290110113582,נורדיק טוניק פירות יער1ל,החברה המרכזית לייצור משק,1 ליטר,Fruit
7290110113599,נורדיק מיסט מי סודה 250,---,250 מיליליטר,Drinks
7290110113605,בירה שקמה IPA בקבוק 330,---,330 מיליליטר,Drinks
7290110113629,בירה שקמה אייל ענברי330,---,330 מיליליטר,Drinks
7290110114398,"מיסט סודה ט.לימון250מ""ל",---,250 מיליליטר,Drinks
7290110114404,נורדיק מיסט סודה נענע250,---,250 מיליליטר,Drinks
7290110114787,נביעות+טעם תפוח 1.5 ליטר,---,1.5 ליטר,Fruit
7290110114794,נביעות+טעם אפרסק 1.5ליטר,---,1.5 ליטר,Fruit
7290110114800,נביעות+טעם ענבים 1.5ליטר,---,1.5 ליטר,Fruit
7290110114855,מים מינרל.נביעות 6*1.5ל,נביעות טבע,9 ליטר,Drinks
7290110114886,מיץ קלמנט.סחוט טבעי2ליטר,---,2 ליטר,Drinks
7290110114893,מיץ תפוזים סחוט טבעי 2 ל,---,2 ליטר,Drinks
7290110114909,סחוט תפוחים 2 ליטר,---,2 ליטר,Fruit
7290110114916,מיץ סחוט לימון נענע 2ל,גת,2 ליטר,Drinks
7290110114961,פריגת תפוזים 1.5 ליטר,---,1.5 ליטר,Fruit
7290110114985,פריגת אשכוליות 1.5 ליטר,---,1.5 ליטר,Other
7290110114992,פריגת אשכוליות לייט 1.5,---,1.5 ליטר,Other
7290110115005,פריגת ענבים 1.5 ליטר,---,1.5 ליטר,Fruit
7290110115012,פריגת ענבים מרלו 1.5 ליט,---,1.5 ליטר,Fruit
7290110115029,פריגת תפוחים 1.5 ליטר,---,1.5 ליטר,Fruit
7290110115036,פריגת מנגו 1.5 ליטר,מבשלות בירה בינלאומיות ב,1.5 ליטר,Drinks
7290110115043,פריגת לימונענע 1.5 ליטר,---,1.5 ליטר,Other
7290110115050,פריגת מיקס תות-בננה1.5ל,---,1.5 ליטר,Fruit
7290110115067,פריגת אפרסק 1.5 ליטר,---,1.5 ליטר,Fruit
7290110115111,פריגת צלול אננס 1.5 ליטר,---,1.5 ליטר,Fruit
7290110115203,קוקה קולה בקבוק 1.5 ליטר,---,1.5 ליטר,Drinks
7290110115210,קולה דיאט בקבוק 1.5 ל,---,1.5 ליטר,Drinks
7290110115227,קוקה קולה זירו 1.5 ליטר,---,1.5 ליטר,Drinks
7290110115234,קולה זירו נטול קפאין1.5ל,---,1.5 ליטר,Drinks
7290110115241,קולה זירו לימון 1.5 ליטר,---,1.5 ליטר,Drinks
7290110115265,ספרייט ליים 1.5 ליטר,החברה המרכזית לייצור משק,1.5 ליטר,Other
7290110115272,ספרייט זירו 1.5 ליטר,---,1.5 ליטר,Other
7290110115296,פאנטה אורנג 1.5 ל,---,1.5 ליטר,Other
7290110115302,פאנטה זירו ט.אורנג 1.5ל,---,1.5 ליטר,Other
7290110115319,פאנטה אקזוטי 1.5 ליטר,---,1.5 ליטר,Other
7290110115333,פאנטה תות 1.5 ליטר,---,1.5 ליטר,Fruit
7290110115357,קינלי סודה 1.5 ליטר,---,1.5 ליטר,Drinks
7290110115364,קוקה קולה 6*1.5 ליטר,החברה המרכזית לייצור משק,9 ליטר,Drinks
7290110115371,קוקה קולה דיאט 6*1.5ל,---,9 ליטר,Drinks
7290110115388,ספרייט ליים 6*1.5 ליטר,החברה המרכזית לייצור משק,9 ליטר,Other
7290110115395,ספרייט זירו 6*1.5 ליטר,---,9 ליטר,Other
7290110115401,קינלי סודה 6*1.5 ליטר,החברה המרכזית לייצור משק,9 ליטר,Drinks
7290110115418,קוקה קולה זירו 6*1.5 ל,החברה המרכזית לייצור משק,9 ליטר,Drinks
7290110115425,פיוז-טי לימון נענע 1.5,---,1.5 ליטר,Fruit
7290110115449,פיוז-טי מנגו אננס 1.5 ל,---,1.5 ליטר,Fruit
7290110115463,פיוז-טי אפרסק 1.5 ל,---,1.5 ליטר,Fruit
7290110115494,פיוז-טי ענבים 1.5 ל,---,1.5 ליטר,Fruit
7290110115623,פיוז-טי זירו אפרסק 1.5,---,1.5 ליטר,Fruit
7290110116132,"סירופ בטעם לימון 750 מ""ל",---,750 מיליליטר,Fruit
7290110116422,"נורדיק מיסט סודה 250מ""ל",---,250 מיליליטר,Drinks
7290110116750,"סומרסבי בלקבארי 330 מ""ל","קרלסברג קרואטיה , יבואן:",330 מיליליטר,Other
7290110117375,נביעות +אבטיח 1.5 ליטר,---,1.5 ליטר,Fruit
7290110117382,פיוז טי ZERO בטעם פירות,---,1500 מיליליטר,Fruit
7290110117689,ספרייט זירו לימון 1.5ל,---,1.5 ליטר,Fruit
7290110117771,נורדיק מיסט מוגז תפוח1ל,החברה המרכזית לייצור משק,1 ליטר,Fruit
7290110117795,נורדיק מיסט מוגז לימונדה,החברה המרכזית לייצור משק,1 ליטר,Drinks
7290110117818,נורדיק מיסט אננס נענע1ל,החברה המרכזית לייצור משק,1 ליטר,Fruit
7290110117825,נורדיק זירו מנגו ונענע1ל,החברה המרכזית לייצור משק,1 ליטר,Fruit
7290110117832,נורדיק זירו פירות יער 1ל,החברה המרכזית לייצור משק,1 ליטר,Fruit
7290110117856,נורדיק אפרסק זירו 1ל,החברה המרכזית לייצור משק,1 ליטר,Fruit
7290110117924,מארז נורדיק לימונדה4*250,החברה המרכזית לייצור משק,1000 מיליליטר,Drinks
7290110117962,ספרייט ליים 1 ליטר,---,1 ליטר,Other
7290110117979,ספרייט זירו 1 ליטר,---,1 ליטר,Other
7290110118624,פיוז טי תה קר בטעם אבטיח,---,1.5 ליטר,Drinks
7290110118778,"בירה שקמה בלונד 330 מ""ל",---,330 מיליליטר,Drinks
7290110119355,פריגת קליר ענבים 1.5ליטר,,1.5 ליטר,Fruit
7290110119362,פריגת קליר אפרסק/נענע1.5,,1.5 ליטר,Fruit
7290110119379,פריגת קליר בטעם אננס1.5ל,,1.5 ליטר,Fruit
7290110320850,פתיתי עמק 28% 200 גרם,"תנובה בע""מ",200 גרם,Other
7290110320867,פתיתי עמק 28% 500גרם,"תנובה בע""מ",500 גרם,Other
7290110321031,יופלהGOמועשר בחלבון 200ג,"תנובה בע""מ",200 גרם,Snacks
7290110321277,קוטג בקטנה 5% 100 גרם,"תנובה בע""מ",100 גרם,Dairy
7290110321680,יופלה GO תות 200 גרם,מחלבת אלון תבור,200 גרם,Snacks
7290110321697,יופלה GO אפרסק 200 גרם,מחלבת אלון תבור,200 גרם,Snacks
7290110321703,יופלה GO פירות יער 200 ג,"תנובה בע""מ",200 גרם,Snacks
7290110322014,טופו בטעם טבעי 300 גרם,א.י.ן תעשיות,300 גרם,Other
7290110322021,טופו עם בזיליקום,א.י.ן תעשיות,300 גרם,Other
7290110322038,טופו פיקנטי 300 גרם,א.י.ן תעשיות,300 גרם,Other
7290110322946,יופלה טיוב תות בננה6*58ג,"תנובה בע""מ",348 גרם,Snacks
7290110323301,ג.צהובה טל העמק32% 200ג,---,200 גרם,Other
7290110323585,יופלה GO דובדבן0.7% 200ג,"תנובה בע""מ",200 גרם,Snacks
7290110323592,יופלה GO אפרסק0.7% 200ג,"תנובה בע""מ",200 גרם,Snacks
7290110324025,פתיתי מוצרלה 22% 500 גרם,"תנובה בע""מ",500 גרם,Dairy
7290110324551,יופלה טיוב תות 6*58ג,"תנובה בע""מ",348 גרם,Snacks
7290110324711,ממרח סויה9% טעם טבעי250ג,"תנובה בע""מ",250 גרם,Sauces & Spreads
7290110324773,משק.חלב גו וניל+חלבון340,"תנובה בע""מ",340 גרם,Dairy
7290110324858,מעדן שקד ט.לוז125ג תנובה,"תנובה בע""מ",125 גרם,Dairy
7290110324872,גבינת גלבוע 5% פרוסות 20,"תנובה בע""מ",200 גרם,Dairy
7290110324926,משקה סויה אלטרנטיב 1ליטר,"תנובה בע""מ",1 ליטר,Drinks
7290110325084,מיני קרלו שוניל 8*100גרם,"תנובה בע""מ",800 גרם,Other
7290110325114,משקה יוגורטGO תות בננ250,"תנובה בע""מ",250 מיליליטר,Drinks
7290110325121,משקה יוג.GO מנגו אננס250,"תנובה בע""מ",250 מיליליטר,Drinks
7290110325305,מעדן סויה ביו במתיקות200,"תנובה בע""מ",200 גרם,Dairy
7290110325312,מעדן סויה ביו טעם תות200,"תנובה בע""מ",200 גרם,Dairy
7290110325510,יופלה טיוב וניל 6יח*58גר,"תנובה בע""מ",348 גרם,Snacks
7290110325619,משקה שיבולת שועל1ל תנובה,"תנובה בע""מ",1 ליטר,Drinks
7290110325626,"משקה שקדים ללת""ס 1 ליטר","תנובה בע""מ",1 ליטר,Drinks
7290110325893,"אייס קפה GO תנובה 340מ""ל","תנובה בע""מ",340 מיליליטר,Drinks
7290110326210,יופלה און טופ פצפוצים157,מחלבת אלון תבור,157 גרם,Snacks
7290110326234,יופלה און טופ כוכבים157ג,מחלבת אלון תבור,157 גרם,Snacks
7290110326333,פרוסות גב.סקנדינבית 170ג,"תנובה בע""מ",170 גרם,Other
7290110327033,משקה סויה מועשר חלבון 1ל,"תנובה בע""מ",1 ליטר,Drinks
7290110327514,משקה ש.שועל אגוז לוז 1ל,---,1 ליטר,Drinks
7290110328221,יוג.נטול לקטוז תנוב200ג,"תנובה בע""מ",200 גרם,Other
7290110328504,טריו מיקס 3 גבינות 300גר,"תנובה בע""מ",300 גרם,Dairy
7290110328627,יוג.GO קרמי בננה קרמל200,"תנובה בע""מ",200 גרם,Fruit
7290110328641,טופו טבעי 500 גרם תנובה,"תנובה בע""מ",500 גרם,Other
7290110328764,יוגורט GO קרמי תות 200ג,"תנובה בע""מ",200 גרם,Dairy
7290110328788,יוג.GO קרמי אפרסק0% 200ג,"תנובה בע""מ",200 גרם,Fruit
7290110329136,מעדן חלב גו שוקולד 120גר,"תנובה בע""מ",120 גרם,Snacks
7290110329143,מעדן יופלה גו וניל 120ג,"תנובה בע""מ",120 גרם,Snacks
7290110329686,"משקה חלב GO עוגיות340מ""ל","תנובה בע""מ",340 מיליליטר,Snacks
7290110329792,מעדן סויה ביו אפרסק150ג,"תנובה בע""מ",150 גרם,Dairy
7290110329808,מעדן סויה עם תות,"תנובה בע""מ",150 גרם,Dairy
7290110329815,מעדן סויה ביו מעודנת150ג,"תנובה בע""מ",150 גרם,Dairy
7290110329846,מעדן סויה ביו טבעי 150 ג,"תנובה בע""מ",150 גרם,Dairy
7290110329952,יוגורט GO סמיך קוקוס200ג,"תנובה בע""מ",200 גרם,Dairy
7290110552244,משק.דנונה פרו20 ללתס255,"שטראוס בריאות בע""מ",255 גרם,Other
7290110554095,דבש לחיץ 440 גרם,מכוורת יד מרדכי שטראוס ב,440 גרם,Sauces & Spreads
7290110554583,ציטוס PUFFS גבינה10*20ג,"שטראוס פריטו ליי בע""מ",200 גרם,Dairy
7290110556563,צנצנת קוביות תות 58 גרם,אסקום קונפקשיין,58 גרם,Fruit
7290110556884,מאסט וויט מנטה מתוקה 66ג,אסקום קונפקשיין,66 גרם,Other
7290110556891,מאסט וויט מנטה הדרים66גר,אסקום קונפקשיין,66 גרם,Other
7290110557102,מעדן חלב שוקולד מועשר150,"שטראוס בריאות בע""מ",150 גרם,Snacks
7290110557133,מעדן הגולן וניל 125 גרם,"שטראוס בריאות בע""מ",125 גרם,Dairy
7290110557423,מילקי שכבות שוק.+קצפת170,"שטראוס גרופ בע""מ",170 מיליליטר,Dairy
7290110557454,מילקיTRIOשוק.לבן ופיסטוק,"שטראוס גרופ בע\""מ",170 מיליליטר,Dairy
7290110558284,דנונה ביו מולטי 200 גרם,"שטראוס בריאות בע""מ",200 גרם,Other
7290110558314,דנונה פרו ל.סוכר פיסט200,"שטראוס בריאות בע""מ",200 גרם,Other
7290110558420,משקה בריסטה שבולת1 אלפרו,"שטראוס בריאות בע""מ",1 ליטר,Drinks
7290110558703,"מעדן חלבון ללת""ס שוק150ג","שטראוס בריאות בע""מ",150 גרם,Dairy
7290110559038,מילקשייק שוקו+סירופ300מ,מחלבת יטבתה,300 מיליליטר,Drinks
7290110560317,פריכיות משולש מלח ים30גר,"פרח תעשיות מזון בע""מ",30 גרם,Other
7290110560836,מילקי בטעם פסק זמן 170מ,"שטראוס גרופ בע""מ",170 מיליליטר,Dairy
7290110561352,דנונה דל לקטוז 200 גרם,"שטראוס בריאות בע""מ",200 גרם,Other
7290110561604,גמדים תות בננה 8*100 גרם,"שטראוס בריאות בע""מ",800 גרם,Fruit
7290110563431,אייס קפה 1.6% קלאסי 230מ,אנסטל מילק,230 מיליליטר,Drinks
7290110563448,אייס קפה 1.6% מעודן 230מ,אנסטל מילק,230 מיליליטר,Drinks
7290110563462,חלב נטול לקטוז 2% 1 ליטר,מחלבת יטבתה,1 ליטר,Dairy
7290110563851,אנרגי תחתית שוק.חלב6*24ג,"שטראוס גרופ בע""מ",144 גרם,Dairy
7290110564353,בלונדי קרם אגוזי לוז100ג,"שטראוס גרופ בע""מ",100 גרם,Other
7290110565435,לימבו פטל קו חלבי 125גרם,"שטראוס בריאות בע""מ",125 גרם,Dairy
7290110565527,דנונה פרו 20ג חלבון 200ג,"שטראוס בריאות בע""מ",200 גרם,Dairy
7290110565572,קפה טורקי+הל לדרך24*7גרם,שטראוס קפה בי.וי.,168 גרם,Drinks
7290110566975,דנונ.פרו20ג חלבון תות200,"שטראוס בריאות בע""מ",200 גרם,Dairy
7290110568238,קצפת צמחית יטבתה21% 250מ,מחלבת יטבתה,250 מיליליטר,Dairy
7290110568276,משקה פרו וניל יטבתה350מ,מחלבת יטבתה,350 מיליליטר,Drinks
7290110568559,דוריטוס חמוץ חריף 10*25ג,"שטראוס פריטו ליי בע""מ",250 גרם,Other
7290110568566,מארז דוריטוס גריל 10*25ג,"שטראוס פריטו ליי בע""מ",250 גרם,Other
7290110570040,"משקה שקדים לל""ס 1ל אלפרו","שטראוס בריאות בע""מ",1 ליטר,Drinks
7290110571382,מעדן בטעם וניל מועשר150ג,"שטראוס בריאות בע""מ",150 גרם,Dairy
7290110573058,סימפוניה 5% עירית 200 גר,"שטראוס בריאות בע""מ",200 גרם,Other
7290110573713,דנונה מולטי ציה 200גרם,"שטראוס בריאות בע""מ",200 גרם,Other
7290110573737,משקה יוג.פרו תות ללס255ג,"שטראוס בריאות בע""מ",255 גרם,Drinks
7290110573751,מילקי טופ עדשים 147 גרם,"שטראוס גרופ בע""מ",147 גרם,Dairy
7290110577254,"משקה פרו קפה לל""ס 350מ""ל",מחלבת יטבתה,350 מיליליטר,Drinks
7290110577261,"משקה פרו שוק.אגז לל""ס350",מחלבת יטבתה,350 מיליליטר,Drinks
7290110577872,קונפיטורת תות לייט 310 ג,יד מרדכי,310 גרם,Fruit
7290110578053,יוגורט קראנצ 171,"שטראוס בריאות בע""מ",171 גרם,Dairy
7290110578466,"טעמי בייגלה,עוג.וניל36גר","שטראוס גרופ בע""מ",36 גרם,Other
7290110578572,יוגורט בטעם פטל 8*108 גר,"שטראוס בריאות בע""מ",864 גרם,Dairy
7290110579463,שוק.חלב שברי אגוזים 100ג,"שטראוס גרופ בע""מ",100 גרם,Dairy
7290111341984,לילי לח פיור מארז 4יח,עלבד,1 יחידות,Other
7290111342738,לילי לח קידס מארז 4,---,1 יחידות,Other
7290111344206,מגבונים האגיס נטורל56*4,---,1 יחידות,Other
7290111344503,האגיס אקסטרה קר 4+,---,1 יחידות,Other
7290111344527,שקיות אשפה XXL שחור20יח,קימברלי קלארק,1 יחידות,Other
7290111344565,שקיות זיפר ניקול 30 יח,TAIZHOU INTER,1 יחידות,Other
7290111344824,52מגן תחתון אנטיבקטרי,---,1 יחידות,Other
7290111344831,60מגן תחתון קוטקס נורמל,---,1 יחידות,Other
7290111346538,האגיס פרידום דריי5+ 28יח,---,1 יחידות,Other
7290111346811,לילי נ.טואלט אקסקלוסיב32,---,485 מטרים,Other
7290111346828,לילי נייר.ט קומפורט ורוד,---,485 מטרים,Other
7290111346989,מגבות נייר אקסטרא2 ניקול,קימברלי קלארק,86 מטרים,Other
7290111347108,לילי לבן מגה רול24גלילים,---,621 מטרים,Dairy
7290111347115,לילי טואלט מגה רול18גלי,קימברלי קלארק,465 מטרים,Other
7290111347252,האגיס אקסטרה קר 6 27יח,חוגלה קימברלי,1 יחידות,Other
7290111347863,חיתולי לילה האגיס מידה 4,---,1 יחידות,Other
7290111347870,חיתולי לילה האגיס מידה 5,---,1 יחידות,Other
7290111348280,קוטקס תחבושות לילה 14 יח,קימברלי קלארק,1 יחידות,Other
7290111350719,נאצוס בסגנון מסעדות322ג,---,322 גרם,Other
7290111350726,נאצוס בסגנון מקסיקני322,---,322 גרם,Other
7290111534010,עוגת גבינה שמנת+פירור400,תופינים מקבוצת קפולסקי,400 גרם,Dairy
7290111563492,סלט מטבוחה חריפה400ג צבר,סלטי צבר,400 גרם,Prepared
7290111564239,"מאגדת מיני קראנץ 275 ג""ר",גלידות נסטלה (נגה גלידות,275 גרם,Frozen
7290111564291,פריכיות דקות+קינואה120גר,"פרח תעשיות מזון בע""מ",120 גרם,Other
7290111564666,כדורי בשר צמחוניים500 ג,טבעול,500 גרם,Meat & Fish
7290111564727,קרמוגית עם קרם אגוז200גר,"אסם תעשיות מזון בע""מ",200 גרם,Other
7290111565038,לה קרמריה קוקילידה 1.4 ל,גלידות נסטלה (נגה גלידות,1.4 ליטר,Frozen
7290111566103,פלאפל מרכיבים ביתיים 590,טבעול,590 גרם,Other
7290111566127,מאגדת אוראו 198 גרם,נסטלה,198 גרם,Other
7290111566226,שניצל ברוקולי564ג טבעול,טבעול,564 גרם,Meat & Fish
7290111566240,שניצל דק בטעם צילי חריף,טבעול,564 גרם,Meat & Fish
7290111566271,חטיפי תירס טבעול 657 גרם,טבעול,657 גרם,Vegetables
7290111566318,שניצל דק מן הצומח 564 גר,טבעול,564 גרם,Meat & Fish
7290111566332,נקניקיות וינר צמחונית680,טבעול,680 גרם,Meat & Fish
7290111566547,נתח צמחוני 99קל 560טבעול,טבעול,560 גרם,Other
7290111566561,שניצל ברוקולי 99 קלוריות,טבעול,560 גרם,Meat & Fish
7290111566585,שניצל צמחונ99קל 650טבעול,טבעול,650 גרם,Meat & Fish
7290111566660,קציצות עדשים כתומות 530,טבעול,530 גרם,Prepared
7290111566714,בורגר צמחונ99קלו600טבעול,טבעול,600 גרם,Other
7290111566752,שניצל תירס99קל 693טבעול,טבעול,693 גרם,Meat & Fish
7290111566776,נקניקיות קוקטייל צ.680גר,טבעול,680 גרם,Meat & Fish
7290111568206,ביסלי פארטי מיקס 150 גרם,"אסם תעשיות מזון בע""מ",150 גרם,Snacks
7290111568275,נודלס אטריות אורז רחב300,תאי פרזידנט,300 גרם,Other
7290111568466,רוטב אסיאתי למוקפץ 290מל,"אסם תעשיות מזון בע""מ",290 מיליליטר,Sauces & Spreads
7290111930799,קראנצוס בצל 55 גרם,"מנה י.א בע""מ",55 גרם,Vegetables
7290111930805,קראנצוס ברביקיו 55 גרם,"מנה י.א בע""מ",55 גרם,Other
7290111930850,קראנצוס פיצה 55 גרם,"מנה י.א בע""מ",55 גרם,Prepared
7290111930898,פוף כוכבים גריל אמריקא40,"מנה י.א בע""מ",40 גרם,Other
7290111930911,פוף לבבות רגיל 40 גרם,"מנה י.א בע""מ",40 גרם,Other
7290111930928,פוף לבבות גריל 40 גרם,"מנה י.א בע""מ",40 גרם,Other
7290111930935,פוף טבעות קלאסי 40 גרם,"מנה י.א בע""מ",40 גרם,Other
7290111938481,"רוטב סויה בהירה 300 מ""ל","רוברטו פוד אימפורט בע\""מ",300 מיליליטר,Sauces & Spreads
7290111939174,קוקי ניילון נצמד L 18 יח,---,1 יחידות,Other
7290111939181,קוקי ניילון נצמד עם גומי,---,1 יחידות,Other
7290112000385,תרסיס דטול למטבח750מ,רקיט בנקיזר,750 מיליליטר,Other
7290112000408,מנקה ומחטא כללי דטול750מ,רקיט בנקיזר,750 מיליליטר,Other
7290112001221,מנקה מכו.כביסה קולון250מ,רקיט בנקיזר,250 מיליליטר,Other
7290112001733,40רצועות שעווה עור רגיל,רקיט בנקיזר,1 יחידות,Other
7290112002099,גל כביסה קולון קלאסי2.5,גליל כימיקלים,2.5 ליטר,Other
7290112002136,גל כביסה קולון קלאסי4ל,גליל כימיקלים,4 ליטר,Other
7290112002143,גל כביסה קולון לבנדר4ל,גליל כימיקלים,4 ליטר,Other
7290112003188,קפס.גל לכביסה60יח קולון,רקיט בנקיזר,1 יחידות,Other
7290112004413,וניש ספרי לכביסה לבנה750,רקיט בנקיזר,750 מיליליטר,Other
7290112004611,וניש גל להסרת כתמים200מ,רקיט בנקיזר,200 מיליליטר,Other
7290112004703,גל וניש לכביסה צבעוני750,רקיט בנקיזר,750 מיליליטר,Other
7290112005045,אבקת וניש לכביסה לבנה480,רקיט בנקיזר,480 גרם,Other
7290112005052,אבקת וניש כביסה לבנה1.5ק,רקיט בנקיזר,1.5 קילוגרם,Other
7290112005076,אבקת וניש-כבי.צבעוני480ג,רקיט בנקיזר,480 גרם,Other
7290112005083,אבקת וניש-כב.צבעונית1.5ק,רקיט בנקיזר,1.5 קילוגרם,Other
7290112005168,פיניש קוואנטום לימון60יח,רקיט בנקיזר,1 יחידות,Fruit
7290112005526,מילוי אקטיב פרש-כביסה228,אירוסול סרוויס,228 מיליליטר,Other
7290112005649,וניש גל לכ.צבעונית2.75ל,גליל כימיקלים,2.75 ליטר,Other
7290112005656,וניש גל לכביסה לבנה2.75,גליל כימיקלים,2.75 ליטר,Other
7290112005953,טב.למדיח פאוור מרענן 72י,רקיט בנקיזר,1 יחידות,Other
7290112005991,ויט רצועות שעווה מוכנות,רקיט בנקיזר,1 יחידות,Other
7290112006004,רצועות שעווה לפנים40 יח,רקיט בנקיזר,1 יחידות,Other
7290112006011,קפס.למדיח מרענן50י פיניש,רקיט בנקיזר,1 יחידות,Other
7290112006028,קפס.למדיח לימון50י פיניש,רקיט בנקיזר,1 יחידות,Fruit
7290112006448,קפס.פיניש אולטימייט 55יח,רקיט בנקיזר,1 יחידות,Other
7290112006462,קפסולות למדיח 28 יחידות,רקיט בנקיזר,1 יחידות,Other
7290112006530,פיניש קוואנטום קפסולה80י,רקיט בנקיזר,1 יחידות,Other
7290112192578,משחת פרודונטקס הגנה 75מל,גי.אס.קיי קונסיומר הלת,75 מיליליטר,Other
7290112193308,סטייל גלייז מתולתלות400מ,א.ל ארמן,400 מיליליטר,Other
7290112195227,איטריות ביצים אוריאנט500,פ.פ.איץ טאביט ספ. ז.או.א,500 גרם,Other
7290112197573,טרו ריבת תות 250 גרם,סימה,250 גרם,Fruit
7290112197597,טרו ריבת פירות יער 250 ג,סימה,250 גרם,Fruit
7290112199768,אטריות אורז רחבות400 גרם,יוניון רטצאבורי,400 גרם,Other
7290112199966,גרנולה קוקוס שוקולד ללתס,אמקו ספול,300 גרם,Snacks
7290112330352,דנונה פרו 20 וניל0% 200ג,"שטראוס בריאות בע""מ",200 גרם,Other
7290112330390,דנונה פרו 20פ.יער0% 200ג,"שטראוס בריאות בע""מ",200 גרם,Other
7290112331984,שוק.פרה קראנצ בסקויט100,"שטראוס גרופ בע""מ",100 גרם,Other
7290112332158,בלונדי קרם שמנת 100ג,"שטראוס גרופ בע""מ",100 גרם,Dairy
7290112332691,פינוקיות קרם פסק זמן200ג,"הגביע מוצרי וופלים בע""מ",200 גרם,Snacks
7290112332875,מאסט קוביות מנטה עדינה86,אסקום קונפקשיין,86 גרם,Other
7290112335111,מאסט קוביות בטעם בזוקה86,אסקום קונפקשיין,86 גרם,Other
7290112336613,עד חצות סנדוויץ 135 גרם,עלית,135 גרם,Other
7290112336644,סוכריות מאסט לימון 80גרם,אינטרוון אס.איי,80 גרם,Snacks
7290112336712,דנונה פרו 21 חלבון0% 200,"שטראוס בריאות בע""מ",200 גרם,Dairy
7290112339867,גמדים סקוויז לדרך תות100,"שטראוס בריאות בע""מ",100 גרם,Fruit
7290112339874,גמדים לדרך תות בננה100ג,"שטראוס בריאות בע""מ",100 גרם,Fruit
7290112340122,פריכיות טעימות 3דגנים135,"פרח תעשיות מזון בע""מ",135 גרם,Other
7290112340245,מסטיק דובדבן צנצנת 66גרם,אסקום קונפקשיין,66 גרם,Snacks
7290112340252,מסטיק אבטיח מלון צנצנת66,אסקום קונפקשיין,66 גרם,Snacks
7290112340276,פינוקיות קרם קפה נמס200ג,"הגביע מוצרי וופלים בע""מ",200 גרם,Snacks
7290112341686,אקטיביה 3% מארז 8*150 גר,"שטראוס בריאות בע""מ",1.2 קילוגרם,Other
7290112342102,סימפוניה5%בצל מקורמל200ג,"שטראוס בריאות בע""מ",200 גרם,Vegetables
7290112343260,רוטב שמנת יטבתה9% 259גר,מחלבת יטבתה,259 גרם,Sauces & Spreads
7290112343420,יטבתה פרו ארוחת בוקר350מ,מחלבת יטבתה,350 מיליליטר,Dairy
7290112343499,חטיף ציטוס puffs גבינה55,"שטראוס פריטו ליי בע""מ",55 גרם,Snacks
7290112343512,חטיף puffs ציטוס 160ג,"שטראוס פריטו ליי בע""מ",160 גרם,Snacks
7290112344564,רביולי גבינה קידס 400 גר,"שטראוס גרופ בע""מ",400 גרם,Dairy
7290112344724,"מילקי בלונדי 170 מ""ל","שטראוס גרופ בע""מ",170 מיליליטר,Dairy
7290112344755,מילקי 26% פחות סוכר170מ,"שטראוס גרופ בע""מ",170 מיליליטר,Dairy
7290112346537,פינוקיות בטעם טורטית200ג,"הגביע מוצרי וופלים בע""מ",200 גרם,Snacks
7290112346629,דנונה בר קורנפלקס 172ג,"שטראוס בריאות בע""מ",172 גרם,Other
7290112346797,אקטיביה ש.שועל שזיף150גר,"שטראוס בריאות בע""מ",150 גרם,Fruit
7290112347008,גמדים ארוחת בוקר תות100ג,"שטראוס בריאות בע""מ",100 גרם,Fruit
7290112348142,שעועית לבנה 380 גרם,קונסרב איטליה,380 גרם,Other
7290112348548,שוקולד פרה לבן 100 גרם,"שטראוס גרופ בע""מ",100 גרם,Snacks
7290112348999,פריכ.טעימות תירס דקות135,"פרח תעשיות מזון בע""מ",135 גרם,Vegetables
7290112349606,דניאלה תות בננה 88 גרם,"שטראוס בריאות בע""מ",88 גרם,Fruit
7290112349637,דניאלה בטעם ענבים 88 גרם,"שטראוס בריאות בע""מ",88 גרם,Fruit
7290112349668,שוקולד ספלנדיד 90% 100גר,"שטראוס גרופ בע""מ",100 גרם,Snacks
7290112355102,גמדים לדרך סלט פירות100ג,"שטראוס בריאות בע""מ",100 גרם,Prepared
7290112355812,מילקי טופ קורנפלקס 141גר,"שטראוס גרופ בע\""מ",141 גרם,Dairy
7290112357083,אפונה ירוקה 380 גרם,קונסרב איטליה,380 גרם,Other
7290112357106,שעועית אדומה 380 גרם,קונסרב איטליה,380 גרם,Other
7290112357113,גרגרי חומוס 380 גרם,קונסרב איטליה,380 גרם,Sauces & Spreads
7290112415400,עוגיות אלפחורס 280 גרם,תופינים מקבוצת קפולסקי,280 גרם,Snacks
7290112490032,נמס בכוס תירס2*22.5 קנור,יוניליוור ישראל מזון,45 גרם,Vegetables
7290112490216,נמס בכוס מרק עוף2*24ג,יוניליוור ישראל מזון,48 גרם,Meat & Fish
7290112490230,נמס בכוס אפונה2*25ג קנור,יוניליוור ישראל מזון בע\,50 גרם,Other
7290112490735,מרק היום עגבניות+פסטה105,יוניליוור ישראל מזון,105 גרם,Prepared
7290112490759,מרק היום עוף+אטריות 74ג,יוניליוור ישראל מזון,74 גרם,Meat & Fish
7290112491701,ברנפלקס אקסטרה חלבון375ג,"יוניליוור שפע ישראל בע""מ",375 גרם,Dairy
7290112491794,בייגלה דקים שמנת ובצל300,בייגל את בייגל מזון,300 גרם,Dairy
7290112492449,פינוק שמפו שיער רגיל700מ,יוניליוור ישראל טיפוח,700 מיליליטר,Other
7290112492456,פינוק שמפו יבש/פגום 700,יוניליוור ישראל טיפוח,700 מיליליטר,Other
7290112492463,פינוק 2ב1שמפו+מרכך 700מל,יוניליוור ישראל טיפוח,700 מיליליטר,Other
7290112492500,פינוק שמפו שמן קוקוס700,יוניליוור ישראל טיפוח,700 מיליליטר,Sauces & Spreads
7290112492531,"פינוק מרכך רגיל 700 מ""ל",יוניליוור ישראל טיפוח,700 מיליליטר,Other
7290112492548,פינוק מרכך יבש/פגום 700מ,יוניליוור ישראל\nטיפוח א,700 מיליליטר,Other
7290112492579,פינוק מרכך שמן קוקוס700מ,יוניליוור ישראל טיפוח,700 מיליליטר,Sauces & Spreads
7290112492593,תחליב פינוק קלאסי700מ,יוניליוור ישראל טיפוח,700 מיליליטר,Other
7290112492609,תח.פינוק לבנדר וניל700מ,יוניליוור ישראל טיפוח,700 מיליליטר,Other
7290112492630,"פינוק 3 ב1 לגבר 700 מ""ל",יוניליוור ישראל טיפוח,700 מיליליטר,Other
7290112492715,שמפו פינוק לסירוק קל700מ,יוניליוור ישראל טיפוח,700 מיליליטר,Other
7290112492746,מרכך פינוק לסירוק קל700מ,יוניליוור ישראל טיפוח,700 מיליליטר,Other
7290112492753,אל סבון לילדים700מ פינוק,יוניליוור ישראל טיפוח,700 מיליליטר,Other
7290112492982,מרק פטריות קנור 400 גרם,יוניליוור ישראל מזון בע\,400 גרם,Prepared
7290112492999,מרק בטעם עוף 400ג קנור,יוניליוור ישראל מזון,400 גרם,Meat & Fish
7290112493316,מרק היום אפונה117ג קנור,יוניליוור ישראל מזון,117 גרם,Prepared
7290112493927,גל.קרמיסימו ריבת חלב1.33,"גלידת שטראוס בע""מ",1.33 ליטר,Frozen
7290112493934,קרמיסימו וניל צרפתי 1.33,"גלידת שטראוס בע""מ",1.33 ליטר,Frozen
7290112493965,קרמיסימו מסטיגם 1.33ל,"גלידת שטראוס בע""מ",1.33 ליטר,Frozen
7290112494221,קליק ביסקוויט 65 גרם,יוניליוור ישראל מזון,65 גרם,Snacks
7290112494238,קליק כדורים 65 גרם,יוניליוור ישראל מזון,65 גרם,Other
7290112494283,קליק חום לבן 65 גרם,יוניליוור ישראל מזון,65 גרם,Dairy
7290112494290,קליק עוגי 65 גרם,יוניליוור ישראל מזון,65 גרם,Snacks
7290112494313,קליק קורנפלקס 65 גרם,יוניליוור ישראל מזון,65 גרם,Other
7290112494351,קורנפלקס אלופים בדץ 850ג,"יוניליוור שפע ישראל בע""מ",850 גרם,Other
7290112494795,גל כביסה בדין כחול 2.5ל,זוהר דליה,2.5 ליטר,Other
7290112494832,"דאב תרחיץ פנים 180מ""ל",יוניליוור ישראל טיפוח,180 מיליליטר,Other
7290112495037,קוקומן כדורים 375ג תלמה,"יוניליוור שפע ישראל בע""מ",375 גרם,Other
7290112495105,נשנושים ט.שמנת+בצל260ג,בייגל את בייגל מזון,260 גרם,Dairy
7290112495150,נשנושי קרקר מלוח 300ג,בייגל את בייגל מזון,300 גרם,Snacks
7290112495228,קורנפלקס דבש 448ג תלמה,"יוניליוור שפע ישראל בע""מ",448 גרם,Sauces & Spreads
7290112495433,דגני דליפקאן 400ג תלמה,"יוניליוור שפע ישראל בע""מ",400 גרם,Other
7290112495747,רוטב צילי מופחת סוכר340,יוניליוור ישראל מזון,340 גרם,Sauces & Spreads
7290112495754,רוטב אלף האיים הלמנס305ג,יוניליוור ישראל מזון,305 גרם,Sauces & Spreads
7290112495761,אלף האיים לייט הלמנס305ג,יוניליוור ישראל מזון,305 גרם,Other
7290112495778,אלף האיים לייט הלמנס305ג,יוניליוור ישראל מזון,305 גרם,Other
7290112495785,רוטב שום הלמנס 300ג,יוניליוור ישראל מזון,300 גרם,Sauces & Spreads
7290112495792,רוטב שום לייט הלמנס 300ג,יוניליוור ישראל מזון,300 גרם,Sauces & Spreads
7290112496027,סירופ שוקולד 580ג אפיכל,יוניליוור ישראל מזון,580 גרם,Snacks
7290112496034,סירופ מייפל 580ג אפיכל,יוניליוור ישראל מזון,580 גרם,Other
7290112496218,טריאקי פחות סוכר+נתרן370,יוניליוור ישראל מזון,370 גרם,Other
7290112496430,נמס בכוס אקסטרה עגבנ37ג,יוניליוור ישראל מזון,37 גרם,Other
7290112496447,נמס בכוס אקסטרה עוף27ג,יוניליוור ישראל מזון,27 גרם,Meat & Fish
7290112496461,נמס בכוס אקסטרה ירקות32ג,יוניליוור ישראל מזון,32 גרם,Vegetables
7290112497123,תערובת לסחלב קנור 2*56ג,יוניליוור ישראל מזון,112 גרם,Dairy
7290112497505,תח.גוף וזלין אלוורה600מ,"יוניליוור גפרסון ארה""ב",600 מיליליטר,Other
7290112497994,גרנולה פרוטאין+אגוזים300,"כרמית תעשיות ממתקים בע""מ",300 גרם,Other
7290112498007,גרנ.חלבון שקד+חמוציות300,"כרמית תעשיות ממתקים בע""מ",300 גרם,Dairy
7290112498748,מאגדת מיני סולרו תות5*59,"גלידת שטראוס בע""מ",295 גרם,Frozen
7290112498915,מאגדת מיני מגנום שקדים5י,"גלידת שטראוס בע""מ",250 גרם,Frozen
7290112498922,מאגדת מיני מגנום לבן5*50,"גלידת שטראוס בע""מ",250 גרם,Frozen
7290112499455,תחליב פינוק+שמן מרוקא700,יוניליוור ישראל טיפוח,700 מיליליטר,Sauces & Spreads
7290112499462,תחליב פינוק+שמן קוקוס700,יוניליוור ישראל טיפוח,700 מיליליטר,Sauces & Spreads
7290112499776,מאגדת גודיז 3 שוקולד 5יח,"גלידת שטראוס בע""מ",235 גרם,Frozen
7290112499844,מאגדת מיני מגנום דואט5יח,"גלידת שטראוס בע""מ",310 גרם,Frozen
7290112841810,פטריות מעורב - צמד,"פטריות ושורשים בע""מ",1 יחידות,Vegetables
7290112841827,מארז שמפניון למילוי,"פטריות ושורשים בע""מ",1 יחידות,Vegetables
7290112841834,פטריות שמפניון - צמד,"פטריות ושורשים בע""מ",1 יחידות,Vegetables
7290112841841,פטריות פורטובלו - בודד,"פטריות ושורשים בע""מ",1 יחידות,Vegetables
7290112841858,פטריות שמפניון - בודד,"פטריות ושורשים בע""מ",1 יחידות,Vegetables
7290112841865,מארז פורטובלו למילוי,"פטריות ושורשים בע""מ",1 יחידות,Vegetables
7290112841872,פטריות פורטובלו - צמד,"פטריות ושורשים בע""מ",1 יחידות,Vegetables
7290112914682,שוק.חלב א.לוז מקס ברנ90ג,"מקס ברנר תעשיות בע\""מ",90 גרם,Dairy
7290112914699,שוק.חלב וקרמל מקס ברנ90ג,"מקס ברנר תעשיות בע\""מ",90 גרם,Dairy
7290112914705,שוק.מריר 70% מקס ברנר90ג,"מקס ברנר תעשיות בע\""מ",90 גרם,Other
7290112914736,שוק.בייטס חלב אגוזים70גר,"מקס ברנר תעשיות בע\""מ",70 גרם,Dairy
7290112915634,שוק.חלב נוצלה מקס בר90ג,"מקס ברנר תעשיות בע\""מ",90 גרם,Dairy
7290112960856,אקסטרים מטבע שוקולד חלב,גלידות נסטלה (נגה גלידות,115 גרם,Frozen
7290112961372,פיטנס פריכיות קינמון60גר,"פרח תעשיות מזון בע""מ",60 גרם,Other
7290112962003,קראנץ וניל עוגיות 90 גרם,גלידות נסטלה (נגה גלידות,90 גרם,Frozen
7290112962546,לה פרוטה מלון תפוח 5יח,גלידות נסטלה (נגה גלידות,350 גרם,Frozen
7290112963918,קרקר דק רוזמרין פיטנס140,"אסם תעשיות מזון בע""מ",140 גרם,Snacks
7290112964410,"רוטב אלף האיים 290 מ""ל","אסם תעשיות מזון בע""מ",290 מיליליטר,Sauces & Spreads
7290112964434,רוטב קיסר לסלט 295 גרם,"אסם תעשיות מזון בע""מ",295 גרם,Sauces & Spreads
7290112964458,רוטב ויניגרט 295 גרם,"אסם תעשיות מזון בע""מ",295 גרם,Sauces & Spreads
7290112964472,רוטב שום לסלט 290 גרם,"אסם תעשיות מזון בע""מ",290 גרם,Sauces & Spreads
7290112964564,רוטב אלף האיים לייט310ג,"אסם תעשיות מזון בע""מ",310 גרם,Sauces & Spreads
7290112964601,"רוטב בנוסח סצואן 290מ""ל","אסם תעשיות מזון בע""מ",290 מיליליטר,Sauces & Spreads
7290112964724,המבורגר צמחוני 580 גרם,טבעול,580 גרם,Meat & Fish
7290112965943,נאגטס ירקות ירוקים,טבעול,500 גרם,Vegetables
7290112965967,נאגטס ירקות כתומים,טבעול,500 גרם,Vegetables
7290112966728,טחינה בלאדי פלפל חריף350,צבר,350 גרם,Sauces & Spreads
7290112966780,טחינה בלאדי חציל קלוי350,צבר,350 גרם,Sauces & Spreads
7290112966803,אינסטנט פודינג שוקולד88ג,"אסם תעשיות מזון בע""מ",88 גרם,Snacks
7290112967138,"בייגלה שמיניות לל""ג 250ג","אסם תעשיות מזון בע""מ",250 גרם,Other
7290112967572,"רוטב ברביקיו 290 מ""ל","אסם תעשיות מזון בע""מ",290 מיליליטר,Sauces & Spreads
7290112968685,חומוס גרגרים בתטבילה400ג,סלטי צבר,400 גרם,Sauces & Spreads
7290112968807,קרקר דק פיטנס סלק 140גרם,"אסם תעשיות מזון בע""מ",140 גרם,Snacks
7290112968821,קרקר דק פיטנס בטטה 140גר,"אסם תעשיות מזון בע""מ",140 גרם,Snacks
7290112969538,מנה חמה נודלס ויאטנמי75ג,THAI PRESIDENT FOODS PUB,75 גרם,Other
7290113192171,מיקס אגוזים וחמוציות 150,דין שיווק,150 גרם,Other
7290113192300,זית מושחר חרוזית560השיטה,"בית-השיטה תעשיות בע""מ",560 גרם,Other
7290113192324,זיתים ירוקים בינוני 560ג,"בית-השיטה תעשיות בע""מ",560 גרם,Other
7290113192331,זיתים ירוקים גדולים 560ג,"בית-השיטה תעשיות בע""מ",560 גרם,Other
7290113192348,זיתים ירוקים בטעם שום560,"בית-השיטה תעשיות בע""מ",560 גרם,Other
7290113192355,זיתים חרוזית 560 גרם,"בית-השיטה תעשיות בע""מ",560 גרם,Other
7290113192362,טבעות זיתים ירוקים 560 ג,"בית-השיטה תעשיות בע""מ",560 גרם,Other
7290113192386,בית השיטה זית סורי מבוקע,"בית-השיטה תעשיות בע""מ",340 גרם,Other
7290113192393,קוקטייל זיתים 560 גרם,"בית-השיטה תעשיות בע""מ",560 גרם,Other
7290113192478,מלפפונים 10-12 במלח 560ג,"בית-השיטה תעשיות בע""מ",560 גרם,Other
7290113192485,מלפפונים חומץ10-12 560 ג,"בית-השיטה תעשיות בע""מ",560 גרם,Sauces & Spreads
7290113192492,מלפפ.חומץ קטן13-17 560 ג,"בית-השיטה תעשיות בע""מ",560 גרם,Sauces & Spreads
7290113192508,מלפפונ.מלח קטן13-17 560ג,"בית-השיטה תעשיות בע""מ",560 גרם,Other
7290113192515,מלפפון במלח 18-25 560 גר,"בית-השיטה תעשיות בע""מ",560 גרם,Vegetables
7290113192522,מלפפונים בחומץ 18-25 560,"בית-השיטה תעשיות בע""מ",560 גרם,Sauces & Spreads
7290113192539,מלפפון במלח 7-9 560 גרם,"בית-השיטה תעשיות בע""מ",560 גרם,Vegetables
7290113192546,מלפפון בחומץ 7-9 560 גרם,"בית-השיטה תעשיות בע""מ",560 גרם,Sauces & Spreads
7290113192553,מלפפ.מלח בלאדי קטנים560ג,"בית-השיטה תעשיות בע""מ",560 גרם,Other
7290113192560,פלפל שיפקה 560 גרם,"בית-השיטה תעשיות בע""מ",560 גרם,Vegetables
7290113192577,כרוב כבוש בית השיטה 560,"בית-השיטה תעשיות בע""מ",560 גרם,Vegetables
7290113192881,טורטיה מופחת קלוריות270ג,---,270 גרם,Other
7290113192997,זית מרוקאי שחור יבש215ג,"בית-השיטה תעשיות בע""מ",215 גרם,Other
7290113193000,פלפל שיפקונית 230 גרם,"בית-השיטה תעשיות בע""מ",230 גרם,Vegetables
7290113193017,חרוזית קוקטייל זיתים275ג,"בית-השיטה תעשיות בע""מ",275 גרם,Other
7290113193031,זית.שחור חרוזית קלמטה275,"בית-השיטה תעשיות בע""מ",275 גרם,Other
7290113193406,טבעות קוקטייל זיתים 560ג,"בית-השיטה תעשיות בע""מ",560 גרם,Other
7290113194090,טבעות זיתי קלמטה 560 גרם,"בית-השיטה תעשיות בע""מ",560 גרם,Other
7290113196896,"תרסיס ש.זית170מ""ל שקדיה",יילדיס פוד,170 מיליליטר,Other
7290113302327,בונזו טבעות עוף לכלב80ג,QINGDAO SHINEYEA PET,80 גרם,Meat & Fish
7290113302396,בונזו שיפוד כבש+דג 80ג,QINGDAO SHINEYEA PET,80 גרם,Meat & Fish
7290113306141,מזון לכלבים בונזו 10.2 ק,---,10 קילוגרם,Other
7290113560055,"פרודונטקס מי פה 500 מ""ל",גי.אס.קיי קונסיומר הלת,500 מיליליטר,Other
7290113560383,מ.שיניים הלבנה עדינה75*2,---,150 מיליליטר,Other
7290113560390,משחת שיניים דואלקר 2*75,---,150 מיליליטר,Other
7290113560826,מש.שיניים פרודונטקס2*75מ,,150 מיליליטר,Other
7290113594562,ביצי שוקול.סמי הכבאי3*20,לואיגי זאני ספא,20 גרם,Drinks
7290114310239,חלב מוע.נטול לקטוז2% 1.5,---,1.5 ליטר,Dairy
7290114310406,מולר מוקצף תות95ג,---,95 גרם,Fruit
7290114310536,מולר אקטיב לייט וניל200ג,---,200 גרם,Other
7290114310550,פטה עיזים מעודנת5% 200ג,---,200 גרם,Other
7290114310574,קרם שמנת עיזים5% 200 גרם,---,200 גרם,Dairy
7290114310611,"משקה חלב בננה 250 מ""ל",---,250 מיליליטר,Drinks
7290114310918,קוטג 5% 250 גרם,טרה,250 גרם,Dairy
7290114311014,"משקה אייס קפוצינו250מ""ל",---,250 מיליליטר,Drinks
7290114311069,מולר אקטיב לבן0% 25חלבון,---,200 גרם,Dairy
7290114311328,חלב נטו.לקטוז מועשר2% 1ל,---,1 ליטר,Dairy
7290114311359,מולר פרופ מנגו 150ג,---,150 גרם,Fruit
7290114311601,גאודה נעם 30% 200 גרם,טרה,200 גרם,Other
7290114312424,מולר פרופ פסיפלורה150ג,,150 גרם,Other
7290114312431,מולר פרופ מלונענע 150ג,,150 גרם,Other
7290114312578,משקה חלב בטעם פופקורן,טרה,1 ליטר,Snacks
7290114312707,צוריאל16בולגרית מעודן250,מילקו,250 גרם,Dairy
7290114312813,אמנטל נועם פתיח.חוזרת200,טרה,200 גרם,Other
7290114312950,משקה חלבון וניל פרוטא350,מילקו תעשיות בעמ,350 מיליליטר,Drinks
7290114313018,חלב נטול לקטוז וניל2% 1ל,---,1000 מיליליטר,Dairy
7290114313070,מולר מוקצף אפרסק 95ג,---,95 גרם,Fruit
7290114313278,משקה חלבון קפה פרוטא350מ,מילקו תעשיות בעמ,350 מיליליטר,Drinks
7290114313285,משקה חלבון בננה פרוט350,מילקו תעשיות בעמ,350 מיליליטר,Drinks
7290114313360,יוגורט בסגנון יווני130גר,---,130 גרם,Dairy
7290114313377,יוגורט יווני6.5% 8י*130ג,---,1040 גרם,Dairy
7290114313568,"שוקו נטול לקטוז ללת""ס350",---,350 מיליליטר,Drinks
7290114313582,גבינת נעם נטול לקטוז200ג,---,200 גרם,Dairy
7290114313865,חלב מועשר בחלבון 1 ליטר,---,1000 מיליליטר,Dairy
7290114313926,מולר קיווי+אפרסק3% 8*150,---,1.2 קילוגרם,Fruit
7290114314015,בולגרית24% 250ג צוריאל,מילקו,250 גרם,Dairy
7290114314053,יוגורט מנגו 3% 150ג מולר,---,150 גרם,Dairy
7290114314060,יוגורט סימפלי אננס3% 150,---,150 מיליליטר,Dairy
7290114314596,מולר פרוטאין טופ בוטנ170,---,170 גרם,Other
7290114314626,משק.חלבון ט.קפה1.5% 350מ,---,350 מיליליטר,Drinks
7290114320191,קרמאמא שום שמיר 240 גרם,מאמא קיו,240 גרם,Other
7290114320207,קרם סויה ושקד בטעם שמנת,מאמא קיו,240 גרם,Dairy
7290114320214,קרמאמא מעושנת בצל 240גרם,מאמא קיו,240 גרם,Vegetables
7290114320238,גליל טבעוני גב.עיזים160ג,מאמא קיו,160 גרם,Other
7290114320245,גליל טבעוני בטעם טבעי160,מאמא קיו,160 גרם,Other
7290114600927,טורטיה חיטה מלאה 320 גרם,---,320 גרם,Other
7290114600934,חרדל לחיץ 260 גרם,אס. מאבידו אנד סנס גי.,260 גרם,Sauces & Spreads
7290114600941,מיונז לחיץ 435ג מאסטרשף,רמיה סי.וי.הולנד,435 גרם,Sauces & Spreads
7290114603768,"אגקס לשירותים 2*750 מ""ל",קולגייט-פלמוליב,1500 מיליליטר,Other
7290114604895,ממרח ספייסי לחיץ 446 גרם,---,446 גרם,Sauces & Spreads
7290114604901,ממרח שום לחיץ 444 גרם,---,444 גרם,Sauces & Spreads
7290114604925,"קרם קוקוס לייט 400 מ""ל",---,400 מיליליטר,Other
7290114604949,רוטב ברביקיו 524 גרם,---,524 גרם,Sauces & Spreads
7290114606608,"רוטב סויה דל נתרן 620מ""ל",מסוונג רונרוג בעמ,620 מיליליטר,Sauces & Spreads
7290114608589,"רוטב טריאקי 700 מ""ל",---,700 מיליליטר,Sauces & Spreads
7290115190014,מרלבורו רד קצר חפיסה,פיליפ מוריס,1 יחידות,Other
7290115190090,מרלבורו גולד קצר חפיסה,פיליפ מוריס,1 יחידות,Other
7290115190137,מרלבורו פיין טאץ חפיסה,פיליפ מוריס,1 יחידות,Other
7290115190229,פרלמנט בלו קצר פאקט,פיליפ מוריס,1 יחידות,Other
7290115190236,פרלמנט בלו קצר חפיסה,פיליפ מוריס,1 יחידות,Other
7290115190250,פרלמנט נייט קצר חפיסה,פיליפ מוריס,1 יחידות,Other
7290115190342,אל אם בלו קצר פאקט,פיליפ מוריס,1 יחידות,Other
7290115190359,אל אם בלו קצר חפיסה,פיליפ מוריס,1 יחידות,Other
7290115190458,נקסט אדג חפיסה,פיליפ מוריס,1 יחידות,Other
7290115190472,נקסט פיין אדג חפיסה,,1 יחידות,Other
7290115190519,נקסט פיין חפיסה,פיליפ מוריס,1 יחידות,Other
7290115190595,נקסט אוריגינל חפיסה,פיליפ מוריס,1 יחידות,Other
7290115200003,פתיבר פינוקי וניל 220גרם,DR GERARD,220 גרם,Other
7290115200027,פתי בר פינוקי שוקו 220ג,DR GERARD,220 גרם,Drinks
7290115200676,קרמוגית קרמל מלוח 200גרם,"אסם תעשיות מזון בע""מ",200 גרם,Other
7290115201031,אסם פתיבר דובי שוקולד175,"ד""ר גרארד בע""מ",175 גרם,Snacks
7290115201680,ביסלי ברביקיו 70 גרם,"אסם תעשיות מזון בע""מ",70 גרם,Snacks
7290115201703,ביסלי ברביקיו 200 גרם,"אסם תעשיות מזון בע""מ",200 גרם,Snacks
7290115201727,ביסלי בצל 200 גרם,"אסם תעשיות מזון בע""מ",200 גרם,Snacks
7290115201741,ביסלי בצל 70 גרם,"אסם תעשיות מזון בע""מ",70 גרם,Snacks
7290115201949,חטיף במבה מאנצ צדר60ג,"אסם תעשיות מזון בע""מ",60 גרם,Snacks
7290115202434,חומוס עם זעתר 375ג צבר,סלטי צבר,375 גרם,Sauces & Spreads
7290115202687,חומוס עם חריף 375ג צבר,סלטי צבר,375 גרם,Sauces & Spreads
7290115204056,קטשופ מופחת סוכר 690 גרם,"אסם תעשיות מזון בע""מ",690 גרם,Sauces & Spreads
7290115205176,קרקר דק כפרי פיטנס 140גר,"אסם תעשיות מזון בע""מ",140 גרם,Snacks
7290115205312,קרקר דק פיטנס זיתים140ג,"אסם תעשיות מזון בע""מ",140 גרם,Snacks
7290115207484,חציל על האש 400 גרם,מפעל צבר,400 גרם,Vegetables
7290115207682,"רוטב סויה סיני 290 מ""ל","אסם תעשיות מזון בע""מ",290 מיליליטר,Sauces & Spreads
7290115207941,ויטמינציק אננס 1 ליטר,"אסם תעשיות מזון בע""מ",1 ליטר,Fruit
7290115207989,ויטמינציק לימון 1 ליטר,"אסם תעשיות מזון בע""מ",1 ליטר,Fruit
7290115208009,ויטמינציק ענבים 1 ליטר,"אסם תעשיות מזון בע""מ",1 ליטר,Fruit
7290115208047,ויטמינציק פטל 1 ליטר,"אסם תעשיות מזון בע""מ",1 ליטר,Other
7290115208061,ויטמינציק תפוח 1 ליטר,"אסם תעשיות מזון בע""מ",1 ליטר,Fruit
7290115209020,מנה חמה בטעם MAC 58 גרם,"אסם תעשיות מזון בע""מ",58 גרם,Other
7290115209150,נאגטס צמחוני עוף 460גר,אוסם,460 גרם,Meat & Fish
7290115251227,קרקר חומוס מתובל 225 גרם,מאפיית פת במלח,225 גרם,Sauces & Spreads
7290115252460,פתפותים מקלות כוסמין 200,---,200 גרם,Other
7290115252477,מקלות כוסמין זיתים 200 ג,"שטיבל בע""מ",200 גרם,Other
7290115400274,דובשניות 400 גרם,קפולסקי,400 גרם,Other
7290115405774,פחזניות במילוי ק.וניל180,קפולסקי אדל,180 גרם,Other
7290115480368,דף כביסה קולור קאצר 22 י,הנקל סוד,1 יחידות,Other
7290115676051,משקה אקטיביה ש.שועל265גר,"שטראוס בריאות בע""מ",265 גרם,Drinks
7290115678222,דנונה יווני מארז 8*130 ג,"שטראוס בריאות בע""מ",1.04 קילוגרם,Other
7290115678376,מעדן הגולן שוקולד 125 גר,"שטראוס בריאות בע""מ",125 גרם,Snacks
7290115678383,מעדן הגולן שוק.מריר125גר,"שטראוס בריאות בע""מ",125 גרם,Dairy
7290116131733,בייגלה מצופה שוק.מריר120,"טחנת האבן תעשיות בע""מ",120 גרם,Other
7290116530000,תרחיץ פנים דאב מלפפון180,יוניליוור ישראל טיפוח,180 מיליליטר,Vegetables
7290116530482,מארז קורנפלקס אלופים5*30,"יוניליוור שפע ישראל בע""מ",150 גרם,Other
7290116531762,דפי מרכך למייבש ורוד 40י,קלין טסט פרודקטס,1 יחידות,Other
7290116531779,דפי מרכך למייבש כחול 40י,קלין טסט פרודקטס,1 יחידות,Other
7290116532011,חטיף קליק נוגט 35 גרם,"טחנת האבן תעשיות בע""מ",35 גרם,Snacks
7290116532042,"קליק כריות נוגט כשל""פ65ג",יוניליוור ישראל מזון,65 גרם,Other
7290116532264,מאגדת גודיז אפרסק ללתס6י,"גלידת שטראוס בע""מ",300 גרם,Frozen
7290116532271,מאג.גודיז סנדוויץ שוקו10,"גלידת שטראוס בע""מ",270 גרם,Frozen
7290116532776,שפתון לחות אוריגינל 10 ג,תאגיד אינטרנשיונאל לבורט,10 גרם,Other
7290116532783,שפתון לחות וזלין ורוד10ג,תאגיד אינטרנשיונאל לבורט,10 גרם,Other
7290116532875,אלסבון בייבי סגול 900מ,יוניליוור ישראל טיפוח,900 מיליליטר,Other
7290116533582,"מיונז כשל""פ 460ג הלמנס",יוניליוור ישראל מזון,460 גרם,Sauces & Spreads
7290116533704,דגדג חטיף אפוי מלוח 250,בייגל את בייגל (1985) בע,250 גרם,Snacks
7290116533742,דאו.ספריי לגבר אייס150מ,"יוניליוור UK, בריטניה.",150 מיליליטר,Other
7290116534015,ת.פנים לגבר עור רגיש150,יוניליוור ישראל טיפוח,150 מיליליטר,Other
7290116534237,רוטב טריאקי 370 גרם קנור,יוניליוור ישראל מזון,370 גרם,Sauces & Spreads
7290116534244,רוטב סויה סגנון סיני300מ,יוניליוור ישראל מזון,300 מיליליטר,Sauces & Spreads
7290116534442,חט.שוקולד קרם חלב38 קליק,יוניליוור ישראל מזון,38 גרם,Snacks
7290116534459,חט.קרם חלב+עוגיות38 קליק,יוניליוור ישראל מזון,38 גרם,Snacks
7290116534619,גרנולה פרוטאין שוק285גרם,"כרמית תעשיות ממתקים בע""מ",285 גרם,Other
7290116534749,גל פטרוליום 100%טהור 88,תאגיד אינטרנשיונאל לבורט,88 גרם,Other
7290116534879,פינוק לגבר 3ב1 מנטה 700,יוניליוור ישראל טיפוח,700 מיליליטר,Other
7290116535845,ברנפלקס אקסטרה פייבר410ג,"יוניליוור שפע ישראל בע""מ",1 יחידות,Other
7290116536224,חטיף נשנושים+עגבניות 200,בייגל את בייגל מזון,200 גרם,Snacks
7290116536255,דגני בוקר עוגי 500ג תלמה,"יוניליוור שפע ישראל בע""מ",1 יחידות,Snacks
7290116536262,בדין מרכך כחול 960מל,יוניליוור ישראל טיפוח,960 מיליליטר,Other
7290116536279,בדין אקסטרה סחלב פראי960,יוניליוור ישראל טיפוח,960 מיליליטר,Dairy
7290116536316,בדין אקסטר.בייבי כחול960,יוניליוור ישראל טיפוח,960 מיליליטר,Other
7290116536323,מרכך כביסה בדין בייבי960,יוניליוור ישראל טיפוח,960 מיליליטר,Other
7290116536347,בדין אקסטרה ריח פינוק960,יוניליוור ישראל טיפוח,960 מיליליטר,Other
7290116536590,קנור רוטב לפיצה 300 גרם,יוניליוור ישראל מזון,300 גרם,Sauces & Spreads
7290116536774,חטיף קליק אין קרם נוגט38,יוניליוור ישראל מזון,38 גרם,Snacks
7290116536781,חטיף קליק אין קרם חלבי38,יוניליוור ישראל מזון,38 גרם,Snacks
7290116536927,בדין מרכך זר חלומות 960מ,יוניליוור ישראל טיפוח,960 מיליליטר,Other
7290116537351,כריות נוגט 686 גרם תלמה,"יוניליוור שפע ישראל בע""מ",686 גרם,Other
7290116537375,קליק כריות 65 גרם,יוניליוור ישראל מזון,65 גרם,Other
7290116537719,פירה בטעם ביתי 50 גרם,יוניליוור ישראל מזון בע\,50 גרם,Other
7290116537955,כריות במילוי קרם שוקולד,"יוניליוור שפע ישראל בע""מ",348 גרם,Snacks
7290116537962,כריות במילוי קרם וניל 34,"יוניליוור שפע ישראל בע""מ",348 גרם,Other
7290116930695,חלב נטול לקטז2% 1ל תנובה,"תנובה בע""מ",1 ליטר,Dairy
7290116930718,מעדן דיאט שוק+קרמל150ג,"תנובה בע""מ",150 גרם,Dairy
7290116931241,קוטג תנובה 12% 250גרם,"תנובה בע""מ",250 גרם,Dairy
7290116931524,פרוסות גאודה 200 גרם עמק,"תנובה בע""מ",200 גרם,Other
7290116931982,נפוליאון עירית 25% 225 ג,"תנובה בע""מ",225 גרם,Other
7290116932033,חמאה מהדרין 200ג תנובה,"תנובה בע""מ",200 גרם,Dairy
7290116932484,יוגורט GO אורירי וניל200,"תנובה בע""מ",200 גרם,Dairy
7290116932620,יוגורט גו נטול לקטוז 200,"תנובה בע""מ",200 גרם,Dairy
7290116932644,נפוליאון זעתר 25% 225 גר,"תנובה בע""מ",225 גרם,Other
7290116932651,משקה סויה BIO תות ובננה,"תנובה בע""מ",238 מיליליטר,Drinks
7290116932774,משקה יוג.גו בננה קרמל500,"תנובה בע""מ",500 מיליליטר,Drinks
7290116932781,משקה גו אפרסק פסיפלור500,"תנובה בע""מ",500 מיליליטר,Drinks
7290116932811,מעדן YOLO עם שוקלד מריר,"תנובה בע""מ",125 גרם,Dairy
7290116932842,משקה שיבולת וניל1ל אלפרו,"תנובה בע""מ",1 ליטר,Drinks
7290116933078,נפוליאון פלפלים פיקנט225,"תנובה בע""מ",225 גרם,Vegetables
7290116933191,משקה גו קפה אגוזי לוז340,"תנובה בע""מ",340 מיליליטר,Drinks
7290116933818,משקה יופלה אפרסק בננה750,"תנובה בע""מ",750 מיליליטר,Snacks
7290116933825,משקה יופלה בננה תות750מל,"תנובה בע""מ",750 מיליליטר,Snacks
7290116933894,משקה שיבולת וויט1ל אלפרו,"תנובה בע""מ",1 ליטר,Drinks
7290116934020,יוגורט GO אוורירי קפה200,"תנובה בע""מ",200 גרם,Drinks
7290116934150,"משקה שיבולת שועל ללת""ס1ל","תנובה בע""מ",1 ליטר,Drinks
7290116934228,משקה יוג.גו מלון תות500מ,"תנובה בע""מ",500 מיליליטר,Drinks
7290116934242,גלי אננס 125 גרם תנובה,"תנובה בע""מ",125 גרם,Fruit
7290116934273,חלב וניל2% 1ליטר תנובה,"תנובה בע""מ",1 ליטר,Dairy
7290116934280,גב.לבנה שמיר ושום5% 250ג,"תנובה בע""מ",250 גרם,Other
7290116934327,אייס קפה שיבול שועל 1 לי,"תנובה בע""מ",1 ליטר,Drinks
7290116934365,נפוליאון16% שום שמיר225ג,"תנובה בע""מ",225 גרם,Other
7290116934402,יוגורט GO חלבון 20 גרם,"תנובה בע""מ",200 גרם,Dairy
7290116934471,משקה סויהGOאגוזי לוז500מ,"תנובה בע""מ",500 מיליליטר,Drinks
7290116934488,"משקה סויה גו קפה 500 מ""ל","תנובה בע""מ",500 מיליליטר,Drinks
7290116934556,גלי אפרסק 125גרם תנובה,"תנובה בע""מ",125 גרם,Fruit
7290116935386,שוקו סויה 1ליטר אלטרנטיב,"תנובה בע\""מ\n",1 ליטר,Drinks
7290116935409,נפוליאון25%מוקצף טבעי180,"תנובה בע""מ",180 גרם,Other
7290116935416,"חלב להקצפה לקפה2% 800מ""ל","תנובה בע""מ",800 מיליליטר,Drinks
7290116935508,ג.שמנת 9% נפוליאון 225ג,"תנובה בע\""מ\n",225 גרם,Dairy
7290116935539,משקה יופלה גו חלבון500מ,"תנובה בע""מ",500 מיליליטר,Snacks
7290116935607,משקהGOקולגן אייס קפה340מ,"תנובה בע""מ",340 מיליליטר,Drinks
7290116935614,יוגורט GO חלבון 25ג 200ג,"תנובה בע""מ",200 גרם,Dairy
7290116935621,יוגורטGO חלבון וניל 200ג,"תנובה בע""מ",200 גרם,Dairy
7290116935898,יוג.GO אפרסק פסיפלורה200,"תנובה בע""מ",200 גרם,Fruit
7290116935942,מעדן סויה בננה קרמל150ג,"תנובה בע""מ",150 גרם,Dairy
7290116936079,טופו רך בטעם טבעי300ג,"תנובה בע""מ",300 גרם,Other
7290116936116,מש.סויה ללא סוכר1ל תנובה,"תנובה בע""מ",1 ליטר,Other
7290116936123,יופלה GO דובדבן200ג,"תנובה בע""מ",200 גרם,Snacks
7290116936178,משקה GO קפה קריאטין 340מ,"תנובה בע""מ",340 מיליליטר,Drinks
7290116936215,יוגורGOעוג.תפוח200 יופלה,"תנובה בע""מ",200 גרם,Snacks
7290116936222,יוגורט GO אננס200ג יופלה,"תנובה בע""מ",200 גרם,Snacks
7290116936307,חלב 3% מהדרין 2ל תנובה,"תנובה בע""מ",2 ליטר,Dairy
7290116936321,יוגורט GO +גרנולה 177ג,"תנובה בע""מ",177 גרם,Dairy
7290116936390,יוגורט 4.3% טופ פקאן158ג,"תנובה בע""מ",158 גרם,Dairy
7290116936482,משקהGO קריאטין שוקולד340,"תנובה בע""מ",340 מיליליטר,Snacks
7290116936574,גיל תנובה אפרסק3% 125ג,"תנובה בע\""מ\n",125 גרם,Dairy
7290116936581,יוגורט גו 20ג חלבון 200ג,"תנובה בע\""מ\n",200 גרם,Dairy
7290116936604,גב.שמנת25%עשבי תיבול225ג,"תנובה בע""מ",225 גרם,Dairy
7290116936628,מאצה שיבולת שועל תנובה,"תנובה בע\""מ\n",1 ליטר,Other
7290116936635,יופלה יוגורט יווני 8*140,"תנובה בע""מ",1200 גרם,Snacks
7290116936765,SIMPLE משקה ש.שועל 1ל,"תנובה בע""מ",1 ליטר,Drinks
7290117261040,זיתים שחורים מרינד 454 ג,סיוארס אס.איי,454 גרם,Other
7290117261088,גבינת בוראטה125ג יורו,זנטי אס.איי,125 גרם,Dairy
7290117261910,מיקס גבינות מגורד300ג,וילקיסקיו איי.בי,300 גרם,Dairy
7290117264423,מעטפת בצק פילו+פטה 300ג,הלניק קוואלטי פודס אס.אי,300 גרם,Other
7290117264430,מעטפות פילו+פטה+תרד 300ג,הלניק קוואלטי פודס אס.אי,300 גרם,Other
7290117265062,גרגירי חומוס במי מלח800ג,---,800 גרם,Sauces & Spreads
7290117265604,גרעיני תירס 520ג ויליפוד,אקו קונסרויפרי קי.אפ.טי.,520 גרם,Vegetables
7290117265611,תירס מתוק175*3ג ויליפוד,פאגסה פוד אלטידי,525 גרם,Vegetables
7290117265772,טאפאס גבינות 150ג אירו,קסוס אל פסטור,150 גרם,Dairy
7290117266014,לפתן אפרסק בסירופ קל 4יח,הזה סאנקינג פוד קו.,452 גרם,Fruit
7290117266021,"רסק תפוחי עץ ללת""ס 4*113",---,452 גרם,Fruit
7290117266038,רסק תפוח עץ4*113 ויליפוד,הזה סאנקינג פוד קו.,452 גרם,Fruit
7290117266076,גרגירי חומוס שלם מלח550ג,,550 גרם,Sauces & Spreads
7290117267332,שעועית מנומרת במי מלח550,זיגוי,550 גרם,Other
7290117267356,שעועית אדומה במי מלח550ג,זיגוי,550 גרם,Other
7290117267608,מיני פיצה מרגריטה 290 גר,מוטלוקל גידה סאנאי טיקרט,290 גרם,Prepared
7290117268605,גב.קשה35%+מחית כמהין200ג,אל פסטור,200 גרם,Other
7290117268612,גב.קשה ומחית שום35% 200ג,אל פסטור,200 גרם,Other
7290117268629,גב.קשה+רוטב פסטו35% 200ג,,200 גרם,Sauces & Spreads
7290117268643,מלפפונים כבושים במי מלח,זיתור סאן גידה סני וטיקר,400 גרם,Other
7290117268957,גב. קשה34%+רוט.פיקנטי200,,200 גרם,Other
7290117268964,טאפאס גבינות במגש 180 גר,,180 גרם,Dairy
7290117269138,גבינת גרנה פדנו 200 גרם,זנטי,200 גרם,Dairy
7290117382868,טורטיה כוסמין 240 גרם,Roberto Food Import LTD,240 גרם,Other
7290117384572,חטיף חלבון קרם עוגיות 65,Nutrition Group Plc,65 גרם,Snacks
7290117384589,חטיף חלבון קרמל מלוח 65,Nutrition Group Plc,65 גרם,Snacks
7290117387726,מחית עגבניות מאסטר שף690,Mazza Alimentari S.r.l,690 גרם,Vegetables
7290117388082,בלונס רפידות הנקה50יח M,סין,1 יחידות,Other
7290117389096,10שקיות לצלייה L קוקי,פוליטן,1 יחידות,Other
7290117389300,תבשיל אישי נודלס ט.עוף60,Roberto Food Import LTD,60 גרם,Meat & Fish
7290117389317,תבשיל אישי נודלס ט.בקר60,Roberto Food Import LTD,60 גרם,Meat & Fish
7290117860045,הוואי שמפו לשיער רגיל650,טרופיקל דגיל,650 מיליליטר,Other
7290117860090,מרכך מטפח לשיער רגיל650מ,טרופיקל דגיל,650 מיליליטר,Other
7290117860199,הוואי שמפו לחות שיער יבש,טרופיקל דגיל,650 מיליליטר,Other
7290117860243,הוואי מרכך לשיער יבש650מ,טרופיקל דגיל,650 מיליליטר,Other
7290117860892,ת.רחצ.יוגורט וניל דבש650,טרופיקל דגיל,650 מיליליטר,Sauces & Spreads
7290117860946,תח.רחצה יוגורט וקוקוס650,טרופיקל דגיל,650 מיליליטר,Dairy
7290117860991,תח.רחצה יוגורט שקדים700מ,טרופיקל דגיל,650 מיליליטר,Dairy
7290117904930,אורז בסמטי ששון הקולה1קג,דין שיווק,1 קילוגרם,Drinks
7290117907559,שומשום בציפוי שוקולד180,דין שיווק,180 גרם,Snacks
7290117907566,חמוציות בציפוי שוקולד מר,דין שיווק,180 גרם,Snacks
7290117907573,צימוקים בציפוי שוקולד מר,דין שיווק,180 גרם,Snacks
7290117907580,אגוזי לוז בציפוי שוקולד,דין שיווק,180 גרם,Snacks
7290117907597,שקדים בציפוי שוקולד מריר,---,180 גרם,Snacks
7290117907603,חמוציות בציפוי שוקולד 18,דין שיווק,180 גרם,Snacks
7290117907627,אגוזי לוז שוקולד חלב 180,דין שיווק,180 גרם,Snacks
7290117907641,שקדים בציפוי שוקולד חלב,דין שיווק,180 גרם,Snacks
7290117907658,פקאן בציפוי שוקולד מריר,דין שיווק,180 גרם,Snacks
7290117907665,פקאן בציפוי שוקולד חלב 1,דין שיווק,180 גרם,Snacks
7290118422129,פריכיות מיני פיט 30 גרם,"פרח תעשיות מזון בע""מ",30 גרם,Other
7290118422204,פיטנס פריכיות שוקולד 60,"כרמית תעשיות ממתקים בע""מ",60 גרם,Snacks
7290118422426,תפוציפס גלי טבעי45ג אסם,יורופסנקס,45 גרם,Snacks
7290118422501,ציפס ברביקיו 32*45ג,יורופסנקס,45 גרם,Snacks
7290118422525,ציפס טבעי 45ג אסם,"סי ווי אל איברסנק בע""מ",45 גרם,Snacks
7290118422617,קרמוגית קראנץ קרם ונ200ג,הגביע,200 גרם,Other
7290118422761,חטיף גליץ ברביקיו 60 ג,"אסם תעשיות מזון בע""מ",60 גרם,Snacks
7290118422907,ציפס פלפל צילי 32*45גרם,יורופסנקס,45 גרם,Snacks
7290118423140,אטריות קלאסיות 400 גרם,מספקס לובלה,400 גרם,Other
7290118423669,אפרופו טיובס טבעות בצל50,"אסם תעשיות מזון בע""מ",50 גרם,Vegetables
7290118423881,נאגטס תירס ברביק460טבעול,טבעול,460 גרם,Vegetables
7290118423904,קרמוגית שוקו במילוי וניל,הגביע,200 גרם,Drinks
7290118423966,חטיף דובונים לבבות 40 גר,"אסם תעשיות מזון בע""מ",40 גרם,Snacks
7290118424048,כוכבים חטיף תפוחי אדמה40,"אסם תעשיות מזון בע""מ",40 גרם,Snacks
7290118424956,פיטנס THIN רוזמר 150 גרם,"אסם תעשיות מזון בע""מ",150 גרם,Other
7290118424987,מקלוני ירקות כרובית500,טבעול,500 גרם,Vegetables
7290118425007,מקלוני ירקות בטטה גזר500,טבעול,500 גרם,Vegetables
7290118425021,מקלוני ירקות ברוקולי500ג,טבעול,500 גרם,Vegetables
7290118425526,רוטב סויה קלאסי אסם 290מ,"אסם תעשיות מזון בע""מ",290 מיליליטר,Sauces & Spreads
7290118425601,חטי.טורטיה שום בצל60 אסם,"פרח תעשיות מזון בע""מ",60 גרם,Vegetables
7290118425625,קטשופ ברביקיו אמריקאי430,"אסם תעשיות מזון בע""מ",430 גרם,Sauces & Spreads
7290118425649,אסם קטשופ בסגנון סרירצה,"אסם תעשיות מזון בע""מ",420 גרם,Sauces & Spreads
7290118425663,קטשופ ללא תוספת סוכר 400,"אסם תעשיות מזון בע""מ",400 גרם,Sauces & Spreads
7290118426479,שניצל תירס קראנצחריף490,טבעול,490 גרם,Meat & Fish
7290118426493,שניצל תירס קראנצ 490גרם,טבעול,490 גרם,Meat & Fish
7290118426516,פיטנס פריכיות דקות תירס,"פרח תעשיות מזון בע""מ",120 גרם,Vegetables
7290118426530,פיטנס פריכיות דקות 120 ג,פרח,120 גרם,Other
7290118426615,פיטנס עוג מיני שוקולד80,"אסם תעשיות מזון בע""מ",80 גרם,Snacks
7290118426844,אבקת מרק בצל כשר לפסח400,"אסם תעשיות מזון בע""מ",400 גרם,Prepared
7290118427094,חטיף גליץ בטעם גריל60ג,"אסם תעשיות מזון בע""מ",60 גרם,Snacks
7290118427223,במבה מאנצ ברביקיו60גרם,"אסם תעשיות מזון בע""מ",60 גרם,Snacks
7290118427285,ציפס גלי עגבניות 45 גרם,יורופסנקס,45 גרם,Snacks
7290118427322,פתי בר אצבעות שוקולד180ג,DR GERARD,180 גרם,Snacks
7290118427445,קרמוגית מינ.מילוי שוק200,"אסם תעשיות מזון בע""מ",200 גרם,Other
7290118427568,מנה ח.נודלס רוטב מוקפץ70,THAI PRESIDENT FOODS PUB,70 גרם,Sauces & Spreads
7290118427582,מרק סגנון ראמן ספייסי70ג,THAI PRESIDENT FOODS PUB,70 גרם,Prepared
7290118427629,מרק בסגנון ראמן קלאסי70ג,THAI PRESIDENT FOODS PUB,70 גרם,Prepared
7290118427643,מנה ח.נודלס פאד תאי 70 ג,THAI PRESIDENT FOODS PUB,70 גרם,Other
7290118427667,מנה חמה אורז סצואן70ג,THAI PRESIDENT FOODS PUB,70 גרם,Other
7290118427681,מנה חמה אורז תאילנד70גרם,THAI PRESIDENT FOODS PUB,70 גרם,Other
7290118428350,במבה מאנצ ברביקיו150 אסם,"אסם תעשיות מזון בע""מ",150 גרם,Snacks
7290118428374,מארז במבה קלאסי 6*40 גרם,"אסם תעשיות מזון בע""מ",240 גרם,Snacks
7290118428855,טבעול חטיפי כרובית400גרם,"טבעול תעשיות מזון בע\""מ",400 גרם,Vegetables
7290118428879,"נאגטס צימחוני לל""ג460גרם",טבעול,460 גרם,Other
7290118428893,חטיפי ברוקולי400ג טבעול,"טבעול תעשיות מזון בע\""מ",400 גרם,Vegetables
7290118428916,נאגטס תירס ללא גלוטן460,טבעול,460 גרם,Vegetables
7290118429135,רוטב טריאקי כשר פסח290מל,"אסם תעשיות מזון בע""מ",290 מיליליטר,Sauces & Spreads
7290118429340,טבעול טופו קראנץ 470גרם,טבעול,470 גרם,Other
7290118874997,מרשמלו חתוכים צבעוני 500,FORA SWEETS GIDA,500 גרם,Other
7290118875031,מרשמלו לבבות כחול 500 גר,FORA SWEETS GIDA,500 גרם,Other
7290118875215,ביצי שוק.סוניק כשלפ3*20,לואיגי זאני ספא,60 גרם,Other
7290118990826,שמרים יבשים 500 גרם,נפטון מוצרי מזון (1990),500 גרם,Other
7290119030095,"עוגת גבינה אפוי ללת""ס450",קפולסקי,450 גרם,Dairy
7290119039692,עוגת פס דובוש שוקולד400ג,קפולסקי,400 גרם,Snacks
7290119039791,פס מוס גבינה אוכמניות400,קפולסקי,400 גרם,Dairy
7290119039937,עוגת פס נפוליאון 400 גרם,קפולסקי,400 גרם,Other
7290119039982,עוגת פס שוקולטה 400 גרם,קפולסקי,400 גרם,Drinks
7290119040124,"עוגיות פרח ריבה ללת""ס200",קפולסקי,200 גרם,Sauces & Spreads
7290119040179,עוגיות פרח+ריבת תות200ג,קפולסקי,200 גרם,Snacks
7290119040223,עוגיות אוזניים 200 גרם,קפולסקי,200 גרם,Snacks
7290119040278,עוגיות תותי פרוטי 200 גר,קפולסקי,200 גרם,Snacks
7290119040315,רוגלך שמרים שוקולד 400 ג,---,400 גרם,Snacks
7290119040322,"עוגיות אוזניים ללת""ס 200",קפולסקי,200 גרם,Snacks
7290119040360,רוגלך שומשום 400 גרם,---,400 גרם,Other
7290119040377,עוג.מעדן תמרים+אגוז200,קפולסקי,200 גרם,Dairy
7290119040414,רוגלך אגוזים 400 גרם,---,400 גרם,Other
7290119040421,עוגיות מלוחות 200 גרם,קפולסקי,200 גרם,Snacks
7290119040469,שנייק קינמון 400 גרם,---,400 גרם,Other
7290119040476,עוג.ביסקוטני שקד ללתס200,קפולסקי,200 גרם,Other
7290119040513,עוגת קראנץ שוקולד 500 גר,"קיראי סחר והשקעות בע""מ",500 גרם,Snacks
7290119040520,עוגיות מלבני קצח 200 גרם,קפולסקי,200 גרם,Snacks
7290119040568,עוגת קראנץ אגוזים 500 גר,"קיראי סחר והשקעות בע""מ",500 גרם,Other
7290119040575,עוגיות מלבני שקדים 200ג,קפולסקי,200 גרם,Snacks
7290119040605,עוגיות נסיכה טעם תות500ג,"קיראי סחר והשקעות בע""מ",500 גרם,Snacks
7290119040612,עוגת קראנץ קינמון 500 גר,"קיראי סחר והשקעות בע""מ",500 גרם,Other
7290119040629,עוג.שוקולד+אגוז לוז200ג,קפולסקי,200 גרם,Snacks
7290119040650,עוגיות נסיכה מיקס 500 גר,"קיראי סחר והשקעות בע""מ",500 גרם,Snacks
7290119040667,עוגת קראנץ פרג 500 גרם,"קיראי סחר והשקעות בע""מ",500 גרם,Other
7290119040674,עוגיות ציפ שוקולד 200ג,קפולסקי,200 גרם,Snacks
7290119040704,עוג.מלוח קריספי עגול500,"קיראי סחר והשקעות בע""מ",500 גרם,Other
7290119040728,עוגיות שומשום קריספי 200,קפולסקי,200 גרם,Snacks
7290119040759,עוג.מלוח קריספי ארוך500ג,"קיראי סחר והשקעות בע""מ",500 גרם,Other
7290119040773,"עוגיות שומשום ללת""ס 200",קפולסקי,200 גרם,Snacks
7290119040803,עוגיות קינמון מסוכרות500,"קיראי סחר והשקעות בע""מ",500 גרם,Snacks
7290119040827,עוג.פיצוחים+חמוציות200ג,קפולסקי,200 גרם,Other
7290119040858,עוגיות מקלות עלים 500 גר,"קיראי סחר והשקעות בע""מ",500 גרם,Snacks
7290119040872,עוגיות סהרון שקדים 200 ג,קפולסקי,200 גרם,Snacks
7290119040902,עוגיות לקפה 350 גרם,"קיראי סחר והשקעות בע""מ",350 גרם,Snacks
7290119040957,עוגיות מלוחות רוסטיקו350,"קיראי סחר והשקעות בע""מ",350 גרם,Snacks
7290119041008,עוגיות מלוחות קריספי 350,"קיראי סחר והשקעות בע""מ",350 גרם,Snacks
7290119041053,עוגיות סגנון מרוקאי 350ג,"קיראי סחר והשקעות בע""מ",350 גרם,Snacks
7290119041107,עוגיות מרוקאיות עגול350ג,"קיראי סחר והשקעות בע""מ",350 גרם,Snacks
7290119041152,עוגיות ריפאת 350 גרם,"קיראי סחר והשקעות בע""מ",350 גרם,Snacks
7290119041206,עוגיות קוואקר 350 גרם,"קיראי סחר והשקעות בע""מ",300 גרם,Snacks
7290119041251,רייף ללא תוספת סוכר 300,"קיראי סחר והשקעות בע""מ",300 גרם,Other
7290119041305,"עוג.מרוקאיות ללת""ס 300ג","קיראי סחר והשקעות בע""מ",300 גרם,Other
7290119041350,"עוגיות קואקר ללת""ס 300ג","קיראי סחר והשקעות בע""מ",300 גרם,Snacks
7290119042890,דובשניות מיני 300 גרם,אנגל,300 גרם,Other
7290119043095,עוגיות שיבולת שועל 500 ג,"קיראי סחר והשקעות בע""מ",500 גרם,Snacks
7290119043149,עוגיות בטעם חמאה 500 גרם,"קיראי סחר והשקעות בע""מ",500 גרם,Snacks
7290119043743,עוגיות מרוקאיות 500 גרם,"קיראי סחר והשקעות בע""מ",500 גרם,Snacks
7290119043798,עוגיות אוזניות 500 גרם,"קיראי סחר והשקעות בע""מ",500 גרם,Snacks
7290119043842,עוגיות מעמול תמר 500 גרם,"קיראי סחר והשקעות בע""מ",500 גרם,Snacks
7290119043897,עוגיות רולדה תמר 500 גרם,"קיראי סחר והשקעות בע""מ",500 גרם,Snacks
7290119043941,עוגיות ריפאת 500 גרם,"קיראי סחר והשקעות בע""מ",500 גרם,Snacks
7290119044771,עוגיות מלוחות זעתר 350 ג,קפולסקי,350 גרם,Snacks
7290119045013,עוגת גבינה אפויה 450 גרם,קפולסקי,450 גרם,Dairy
7290119370177,"דנ.פרו לת""ס בננה טופי200","שטראוס בריאות בע""מ",200 גרם,Fruit
7290119370955,"דנונה פרו לל""ס וניל עוג.","שטראוס בריאות בע""מ",200 גרם,Other
7290119371112,חלבון קרמל ואגוזים 60ג,פרנקוניה שוקולדאנורקה ג,60 גרם,Snacks
7290119371129,חלבון שוקולד עוגיות60ג,סטולוורק גי. אמ. בי. ה,60 גרם,Snacks
7290119371617,"פרו לל""ס 40 קפה 350 מ""ל",מחלבת יטבתה,350 מיליליטר,Drinks
7290119371716,תפוציפס קראנצ גריל 200,"שטראוס פריטו ליי בע""מ",200 גרם,Snacks
7290119372225,דוריטוס Dippas טבעי 185,"שטראוס פריטו ליי בע""מ",185 גרם,Other
7290119372997,דנונה פרו20 בטעם רול200ג,"שטראוס בריאות בע""מ",200 גרם,Other
7290119373017,אצבע.ש.קרם חלב פ.זמן108ג,"שטראוס גרופ בע""מ",108 גרם,Dairy
7290119373024,אצבעות ש.א.לוז פ.זמן100,"שטראוס גרופ בע""מ",100 גרם,Other
7290119373048,אצבעות ש.קרמל פ.זמן108ג,"שטראוס גרופ בע""מ",108 גרם,Other
7290119373239,תפוציפס קראנצ טבעי 200 ג,"שטראוס פריטו ליי בע""מ",200 גרם,Snacks
7290119373253,תפוציפס גורמה בטטה 110 ג,פלור טריידינג בי.וי.,110 גרם,Snacks
7290119373260,חטיף כדורי תירס מתוק 45,"פפסיקו הלאס בע""מ",45 גרם,Snacks
7290119373277,חטיף טבעות בטעם בצל 45 ג,"פפסיקו הלאס בע""מ",45 גרם,Snacks
7290119373352,פריכיות משולש תפוא סלק30,"פרח תעשיות מזון בע""מ",30 גרם,Other
7290119374298,צנצנת מסטיקים מאסט פירות,אסקום קונפקשיין,66 גרם,Snacks
7290119375219,סימפוניה 5% בייגלס200גרם,"שטראוס בריאות בע""מ",200 גרם,Other
7290119375356,דנונה מולטי קולגן 200 גר,"שטראוס בריאות בע""מ",200 גרם,Other
7290119375806,תפוציפס גורמה ירקות שורש,פלור טריידינג בי.וי.,110 גרם,Snacks
7290119375837,משקה פרו מאפה קינמון350מ,מחלבת יטבתה,350 מיליליטר,Drinks
7290119376636,דנונה מולטי עם תפוח 200,"שטראוס בריאות בע""מ",200 גרם,Fruit
7290119376643,יוגורט3%מולטי אפרסק200גר,"שטראוס בריאות בע""מ",200 גרם,Dairy
7290119377145,עלית טורקי נטול קפאין200,שטראוס קפה בי.וי.,200 גרם,Drinks
7290119377404,"דנונה פרו25 לל""ס וניל215","שטראוס בריאות בע""מ",215 גרם,Other
7290119377411,דנונה פרו 25ג חלבון 215ג,"שטראוס בריאות בע""מ",215 גרם,Dairy
7290119377480,יוגורט פרו עם שוקולד178ג,"שטראוס בריאות בע""מ",178 גרם,Snacks
7290119377589,צנצנת ביג פירות מנטה 96,אסקום קונפקשיין,96 גרם,Fruit
7290119377596,צנצנת ביג מנטה עדינה 96,אסקום קונפקשיין,96 גרם,Other
7290119380558,מילקי שכבות שוק.קוקוס170,"שטראוס גרופ בע\""מ",170 מיליליטר,Dairy
7290119380794,דנונה פרו שכבות פירות215,"שטראוס בריאות בע""מ",215 גרם,Fruit
7290119380800,"דנונה פרו מנגו ללת""ס215ג","שטראוס בריאות בע""מ",215 גרם,Fruit
7290119380824,"משקה קפה קר ש.שועל230מ""ל",אנסטל מילק,230 מיליליטר,Drinks
7290119380916,אקטימל תות 16*108ג,"שטראוס בריאות בע""מ",1.73 קילוגרם,Fruit
7290119380923,אקטימל לבן מארז 16*108גר,"שטראוס בריאות בע""מ",1.73 קילוגרם,Dairy
7290119381043,פופס תפוציפס אפוי 50 גר,"שטראוס פריטו ליי בע\""מ (",50 גרם,Snacks
7290119381142,Fifa תפוציפס טבעי 200 ג,"שטראוס פריטו ליי בע\""מ (",200 גרם,Snacks
7290119381159,מארז תפוצ.טבעי קראנץ250ג,"שטראוס פריטו ליי בע""מ",250 גרם,Other
7290119381166,תפוציפס שמנת בצל 200 גר,"שטראוס פריטו ליי בע""מ",200 גרם,Snacks
7290119381432,ציטוס איקס עיגול פיצה55,"שטראוס פריטו ליי בע""מ",55 גרם,Prepared
7290119381692,דוריטוס חמוץ חריף 185 גר,"שטראוס פריטו ליי בע""מ",185 גרם,Other
7290119381784,FIFA דוריטוס גריל 185 גר,"שטראוס פריטו ליי בע""מ",185 גרם,Other
7290119381937,תפוצפס קראנצ מקסיקני200,"שטראוס פריטו ליי בע""מ",200 גרם,Other
7290119382576,שוקולד לבן עוגיות 100גרם,"שטראוס גרופ בע""מ",100 גרם,Snacks
7290119382873,קונפיטורה אוכמנ.כחול340ג,"ב.א מזוןבע""מ",340 גרם,Other
7290119382989,"צנצנת בזוקה ענבים לל""ס66",אסקום קונפקשיין,66 גרם,Fruit
7290119383528,מעדן הגולן צמחי שוקו125ג,"שטראוס גרופ בע""מ",125 גרם,Drinks
7290119383603,מסטיק קראנצ ט.תות מאסט58,אסקום קונפקשיין,58 גרם,Snacks
7290119383610,מסטיק קראנצ ט.אפרסק58גר,אסקום קונפקשיין,58 גרם,Snacks
7290119384044,ציקו בצנצנת 100 גרם,לרו,100 גרם,Other
7290119384242,יוג.פרו קרם לימון ללס200,"שטראוס בריאות בע""מ",200 גרם,Fruit
7290119384426,מעדן פרו טעם פסק זמן150ג,"שטראוס גרופ בע""מ",150 גרם,Dairy
7290119384839,שוקולד חלב עוגיות ניל100,"שטראוס גרופ בע""מ",100 גרם,Snacks
7290119385546,פריכיות משולשות תירס 30,"פרח תעשיות מזון בע\""מ",30 גרם,Vegetables
7290119385553,"משקה סויה בריסטה לל""ס","שטראוס בריאות בע""מ",1000 מיליליטר,Drinks
7290119385577,משקה סויה אלפרו טעם וניל,"שטראוס בריאות בע""מ",1000 מיליליטר,Drinks
7290119385607,משקה סויה בריסטה1ל אלפרו,"שטראוס בריאות בע""מ",1 ליטר,Drinks
7290119385768,דנונה פרו+שוק.מריר 178ג,"שטראוס גרופ בע""מ",178 גרם,Other
7290119385836,אפיפית שוקולד ללג200עלית,"גילרו בע""מ",200 גרם,Snacks
7290119386062,משקה שיבולת ט.לוז1 אלפרו,"שטראוס בריאות בע""מ",1 ליטר,Drinks
7290119386079,מילקי שכבות בטעם טרמיסו,"שטראוס גרופ בע\""מ",170 גרם,Dairy
7290119386512,"טעמיX אייס קפה,עוגיות 41","שטראוס גרופ בע""מ",41 גרם,Snacks
7290119386642,דנונה מולטי פירות יער200,"שטראוס גרופ בע""מ",200 גרם,Fruit
7290119387076,מילקשייק קצפת ותותים300מ,מחלבת יטבתה,300 מיליליטר,Dairy
7290119388509,"פרו לל""ס 40 קרמל מלוח350",מחלבת יטבתה,350 מיליליטר,Dairy
7290119389872,פפרדלה פסטה 400 גר,דה אנגליס פוד אס.פי.אי,400 גרם,Other
7290119389889,פטוציני פסטה 400 גרם,דה אנגליס פוד אס.פי.אי,400 גרם,Other
7290119500383,טוסו שוקולד חלב 100 גרם,אס. סי. אי,100 גרם,Snacks
7290119500437,טוסו שוקולד מריר 100גרם,אס. סי. אי,100 גרם,Snacks
7290119500482,טוסו שוקולד מריר62% 100ג,אס. סי. אי,100 גרם,Snacks
7290119500581,טוסו שוקולד ח.לוז 100ג,אס. סי. אי,100 גרם,Snacks
7290119500635,טוסו ש.מריר שברי לוז100ג,אס. סי. אי,100 גרם,Other
7290119760237,נקניקייה בסגנון גרמני338,---,338 גרם,Meat & Fish
7290119770298,"מים עין גדי 6*750 מ""ל",עין גדי מיים מינרלים,4.5 ליטר,Drinks
7290119770533,שוופס למון ליים 1.5 ליטר,"יפאורה תבורי בע\""מ",1.5 ליטר,Other
7290119770588,שוופס למון ליים4*1.5ליטר,יפאורה תבורי בעמ,6 ליטר,Other
7290119770731,שוופס למון ליים זירו1.5ל,"יפאורה תבורי בע\""מ",1.5 ליטר,Other
7290119770786,למון ליים זירו4*1.5שוופס,יפאורה תבורי בעמ,6 ליטר,Other
7290119771134,ספרינג תה מנגו אננס1.5ל,יפאורה תבורי בעמ,1.5 ליטר,Drinks
7290119771387,ספרינג מנגו בננה1.5 ליטר,יפאורה תבורי בעמ,1.5 ליטר,Fruit
7290119771431,ספרינג מנגו אננס תות 1.5,יפאורה תבורי בעמ,1.5 ליטר,Fruit
7290119771493,ספרינג אשכוליות 1.5 ל,יפאורה,1.5 ליטר,Other
7290119772544,שוופס קוקטייל לימונערק,יפאורה תבורי בעמ,280 מיליליטר,Other
7290119772698,"קוקטייל מוחיטו 280 מ""ל",יפאורה תבורי בעמ,280 מיליליטר,Other
7290119773794,סודה מועשרת במינרלים 6ל,יפאורה תבורי בעמ,6 ליטר,Drinks
7290119776290,שוופס מוגז תפוזים 1.5ל,יפאורה תבורי בעמ,1.5 ליטר,Fruit
7290119776344,שוופס טעם הדרים 1.5 ליטר,יפאורה תבורי בעמ,1.5 ליטר,Other
7290119776542,"קוקטייל רום אבטיח 280מ""ל",יפאורה תבורי בעמ,280 מיליליטר,Fruit
7290119776597,קוקטייל בטעם רום אננס280,יפאורה תבורי בעמ,280 מיליליטר,Fruit
7290119776795,פרוט&ווג מנגו תפוח 1ל,יפאורה תבורי בעמ,1 ליטר,Fruit
7290119776894,שוופס ווטר אננס 1.5 ליטר,יפאורה תבורי בעמ,1.5 ליטר,Fruit
7290119776993,שוופס סודה ענבים 4*1.5 ל,יפאורה תבורי בעמ,6 ליטר,Drinks
7290119777440,שוופס מוגז לימונדה4*330מ,יפאורה תבורי בעמ,1.32 ליטר,Drinks
7290119777594,תה ירוק ואפרסק 1.5 ליטר,יפאורה תבורי בעמ,1 יחידות,Drinks
7290119777648,תה ירוק ולימונענע 1.5 לי,יפאורה תבורי בעמ,1 יחידות,Drinks
7290119778799,מוגז בטעם אוכמניות 1.5 ל,"יפאורה תבורי בע\""מ",1.5 ליטר,Other
7290119778898,ספרינג פטל 1.5 ליטר,יפאורה תבורי בעמ,1.5 ליטר,Other
7290119860791,וואווז אפונה י.עשב תיבול,,50 גרם,Other
7290119860807,חטיף קרקר וואווז חומוס50,,50 גרם,Sauces & Spreads
7290119860814,חטיף קרקר וואווז עדשים50,,50 גרם,Snacks
7290120091146,גומיבורגר 9 יח*20 גרם,גונגדונג סאטר פודס,180 גרם,Other
7290120095793,מיקס טבעות ולב סודה 24יח,GUANGDONG,240 גרם,Drinks
7290120870017,קרקר כוסמין דק רוזמרין,"אפיפית נצרת בע\""מ",140 גרם,Snacks
7290120870024,קרקראנץ קרקר כוסמין דק,"אפיפית נצרת בע\""מ",140 גרם,Snacks
7290120870574,רוטב צילי מתוק 750ג,באקו פוד,750 גרם,Sauces & Spreads
7290120871090,"FERERNANDOשמן זית 750מ""ל",אסטס דל סור - קואוסור אס,750 מיליליטר,Sauces & Spreads
7290121010191,גחנון לאפייה650ג Bakery,"גידרון תעשיות בע""מ",650 גרם,Other
7290121010368,בורקס שוק גבינה 600 גרם,"גידרון תעשיות בע""מ",600 גרם,Dairy
7290121010375,"בורקס שוק תפו""א600 ביקרי","גידרון תעשיות בע""מ",600 גרם,Prepared
7290121010436,מאפינס יום הולדת5יח 200ג,"גידרון תעשיות בע""מ",200 גרם,Other
7290121010696,"נשנושי בורקס תפו""א 600גר","גידרון תעשיות בע""מ",600 גרם,Prepared
7290121011143,באגט קרוסטה וזיתי קלמטה,"גידרון תעשיות בע""מ",300 גרם,Other
7290121011150,באגט קרוסטה צרפתי 300גרם,"גידרון תעשיות בע""מ",300 גרם,Other
7290121011167,באגט קרוסטה דגנים 300גרם,"גידרון תעשיות בע""מ",300 גרם,Other
7290121012041,לחמניות המבורגר 4*100גרם,אורן משי,400 גרם,Meat & Fish
7290121161916,חט.חלבון טריפל שוקולד64ג,Nutrition Group Plc,64 גרם,Snacks
7290121161930,חטיף חלבון ט.בננה טופי64,Nutrition Group Plc,64 גרם,Snacks
7290121162173,מרידול לחניכיים2*75מל,קולגייט-פלמוליב,150 מיליליטר,Other
7290121162548,TIK-TAKתבשיל אישי נודל60,Roberto Food Import LTD,60 גרם,Other
7290121162555,תבשיל אישי נודלס פיקנ60,Roberto Food Import LTD,60 גרם,Other
7290121162883,גונסון בייבי אל סבון750,JOHNSON&JOHNSON,750 מיליליטר,Other
7290121163330,ניילון נצמד+גומי18י קוקי,"מנה י.א בע""מ",1 יחידות,Other
7290121167062,חטיף פריכיות טעם גריל50ג,---,50 גרם,Snacks
7290121167116,חטיף פריכיות שמנת בצל50ג,---,50 גרם,Snacks
7290121290036,וינסטון כחול בוקס חפיסה,JTI,1 יחידות,Other
7290121290067,וינסטון כחול ארוך חפיסה,JTI,1 יחידות,Other
7290121290098,וינסטון אקווה ארוך חפיסה,JTI,1 יחידות,Other
7290121290128,כאמל צהוב קצר חפיסה,JTI,1 יחידות,Other
7290121290180,כאמל כחול חפיסה,JTI,1 יחידות,Other
7290121290241,אל די אדום חפיסה,JTI,1 יחידות,Other
7290121290272,אל די כחול חפיסה,JTI,1 יחידות,Other
7290121290302,אל די ארוך חפיסה,JTI,1 יחידות,Other
7290121290364,וינסטון קוד חפיסה,JTI,1 יחידות,Other
7290121290395,וינסטון אקווה חפיסה,JTI,1 יחידות,Other
7290121290487,וינסטון קומפקט כחול חפיס,JTI,1 יחידות,Other
7290121290548,וינסטון קומפקט ברי חפיסה,JTI,1 יחידות,Other
7290121920285,שוקולד חלב 90 גרם מילקה,מונדלז דויצלנד סנקס,90 גרם,Snacks
7290121920292,מילקה חלב ולבן 90 גרם,מונדלז דויצלנד סנקס,90 גרם,Dairy
7290121920308,מילקה אגוזים שלמים 95גרם,מונדלז דויצלנד סנקס,95 גרם,Other
7290121920551,מילקה שוקולד צימוקים90ג,מונדלז דויצלנד סנקס,90 גרם,Snacks
7290121920568,וויסקי גוני ווקר בלאק700,,700 מיליליטר,Other
7290121921046,שוקולד דאים 100גרם מילקה,מונדלז דויצלנד סנקס,100 גרם,Snacks
7290122380484,שמפו קרטין535מ FABRE,סאסא קוסמטיקס,535 מיליליטר,Other
7290122380491,מרכך קרטין535מ FABRE,סאסא קוסמטיקס,535 מיליליטר,Other
7290122380507,שמפו לכל הסוגים535 FABRE,סאסא קוסמטיקס,535 מיליליטר,Other
7290122380514,מרכך לכל הסוגים535 FABRE,סאסא קוסמטיקס,535 מיליליטר,Other
7290122380521,שמפו משקם535מ FABRE,סאסא קוסמטיקס,535 מיליליטר,Other
7290122380538,מרכך משקם535מ FABRE,סאסא קוסמטיקס,535 מיליליטר,Other
7290122380545,שמפו לתלתלים535מ FABRE,סאסא קוסמטיקס,535 מיליליטר,Other
7290122380552,מרכך לתלתלים535מ FABRE,סאסא קוסמטיקס,535 מיליליטר,Other
7290122380569,שמפו קרטין 385מ FABRE,סאסא קוסמטיקס,385 מיליליטר,Other
7290122380576,מרכך קרטין 385מ FABRE,סאסא קוסמטיקס,385 מיליליטר,Other
7290122380583,שמפו לכל הסוגים385 FABRE,סאסא קוסמטיקס,385 מיליליטר,Other
7290122380590,מרכך לכל הסוגים385 FABRE,סאסא קוסמטיקס,385 מיליליטר,Other
7290122380606,שמפו משקם 385מ FABRE,סאסא קוסמטיקס,385 מיליליטר,Other
7290122380613,מרכך משקם 385מ FABRE,סאסא קוסמטיקס,385 מיליליטר,Other
7290122380620,שמפו לתלתלים385מ FABRE,סאסא קוסמטיקס,385 מיליליטר,Other
7290122380637,מרכך לתלתלים385מ FABRE,סאסא קוסמטיקס,385 מיליליטר,Other
7290122590708,פקאן בציפוי שוקולד100ג,דין שיווק,100 גרם,Snacks
7290122590715,שקדים שוקולד לבן100ג,דין שיווק,100 גרם,Snacks
7290122634259,צוקטה שוק.מריר54% 4*100ג,צקומוקו,400 גרם,Other
7290122635904,קוקי אלומינ.נצמד+גומי15י,---,1 יחידות,Other
7290122780079,חט.במבה מאנצ צדר150ג אסם,"אסם תעשיות מזון בע""מ",150 גרם,Snacks
7290122780185,במבה ביסלי ספייסי מקס70ג,"אסם תעשיות מזון בע""מ",70 גרם,Snacks
7290122780253,סלט טורקי 225 גרם,סלטי צבר,225 גרם,Prepared
7290122780277,חציל פיקנטי 225ג צבר,סלטי צבר,225 גרם,Prepared
7290122780314,חומוס מרוואן26%טחינה225ג,סלטי צבר,225 גרם,Sauces & Spreads
7290122780352,ס.חציל על האש בטחינה225,סלטי צבר,225 גרם,Sauces & Spreads
7290122780376,סלט קולסלאו 225 גרם צבר,סלטי צבר,225 גרם,Prepared
7290122781359,פיטנס מיני עוגיה קלאסי80,"אסם תעשיות מזון בע""מ",80 גרם,Snacks
7290122781663,פתיתים ללא גלוטן350 אסם,פרינסס איטליה אס.פי.איי,350 גרם,Other
7290122782455,חטיף ציפס מקסיקני 45גרם,יורופסנקס,45 גרם,Snacks
7290122782554,רוטב טריאקי מופחת320 גרם,"אסם תעשיות מזון בע""מ",320 גרם,Sauces & Spreads
7290122783407,פתיתים מהדורת אותיות400ג,"אסם תעשיות מזון בע""מ",400 גרם,Other
7290122783827,חטיף ציפס צילי מתוק 45ג,יורופסנקס,45 גרם,Snacks
7290122783841,ציפס גלי שום פרמזן 45 ג,יורופסנקס,45 גרם,Snacks
7290122783926,מאנצ בטעם חמוץ חריף 60 ג,"אסם נסטלה ישראל בע\""מ",60 גרם,Other
7290122783940,מאנצ בטעם חמוץ חריף150גר,"אסם נסטלה ישראל בע\""מ",150 גרם,Other
7290122784473,חטיף מיקס בהפתעה ירוק60ג,פרו מן יו פתרונות אריזה,60 גרם,Snacks
7290122784497,חטיף ביסלי מיקס בהפתעה60,"אסם תעשיות מזון בע""מ",60 גרם,Snacks
7290123330280,עוגת שמרים שוקולד 350ג,קפולסקי אדל,350 גרם,Snacks
7290123330334,עוג.שמרים בריוש שוקו350ג,קפולסקי אדל,350 גרם,Drinks
7290187583592,אוכמניות טריות - אורגני,גרין,125 גרם,Other
7290589856775,אביזרים לבית,,1 יחידות,Other
7291045000350,"פחם דרום אמריקאי המל2ק""ג",ABDUL WAHAB CHARCOAL,,Other
72917329,חטיף שוקולד אגוזי 45 גרם,"שטראוס גרופ בע""מ",45 גרם,Snacks
72917367,חטיף טעמי 40ג עלית,"שטראוס גרופ בע""מ",40 גרם,Snacks
72918388,חטיף טוויסט 28 גרם עלית,"שטראוס גרופ בע\""מ",28 גרם,Snacks
72940754,"מילקי בטעם וניל 170 מ""ל","שטראוס גרופ בע""מ",170 מיליליטר,Dairy
72940761,מילקי בטעם שוקולד 135ג,"שטראוס גרופ בע""מ",135 גרם,Snacks
72940952,"מילקי אקסטרה קצפת 170מ""ל","שטראוס גרופ בע""מ",170 מיליליטר,Dairy
72941041,מיני מילקי ט.שוקולד90מל,"שטראוס גרופ בע""מ",90 מיליליטר,Snacks
7296058000519,"פריכ.כוסמת לל""ת מלח 160ג","פרח תעשיות מזון בע""מ",160 גרם,Other
7296058000526,פרכיות כוסמת 160 גרם,,160 גרם,Other
7296073005841,אפונה ירוקה שופרסל500גרם,מיה תעשיות מזון,500 גרם,Other
7296073005858,בורגול שופרסל 500 גרם,מיה תעשיות מזון,500 גרם,Other
7296073005872,חומוס גדול שופרסל 500גרם,מיה תעשיות מזון,500 גרם,Sauces & Spreads
7296073005889,חומוס לבן ענק שופרסל500ג,מיה תעשיות מזון,500 גרם,Sauces & Spreads
7296073005957,שעועית לבנה שופרסל500גרם,מיה תעשיות מזון,500 גרם,Other
7296073006008,"שעועית לבנה שופרסל 1 ק""ג",מיה תעשיות מזון,1 קילוגרם,Other
7296073006015,"חומוס גדול שופרסל 1 ק""ג",מיה תעשיות מזון,1 קילוגרם,Sauces & Spreads
7296073006053,פרג שופרסל 100 גרם,מיה תעשיות מזון,100 גרם,Other
7296073006077,שעועית מעורבת שופרסל500ג,מיה תעשיות מזון,500 גרם,Other
7296073006107,"אפונה ירוקה שופרסל 1 ק""ג",מיה תעשיות מזון,1 קילוגרם,Other
7296073006152,"גריסים שופרסל 1 ק""ג",מיה תעשיות מזון,1 קילוגרם,Other
7296073006381,זיתים ירוקים בינוני560ג,קבוצת יבנה,560 גרם,Other
7296073006398,זיתים ירוקים גדולים560ג,קבוצת יבנה,560 גרם,Other
7296073006404,7-9מלפ.מלח גדול560ביהודה,קבוצת יבנה,560 גרם,Other
7296073006411,מלפפונים במלח10-12 560 ג,קבוצת יבנה,560 גרם,Other
7296073006428,מלפפונים במלח קטנים560ג,קבוצת יבנה,560 גרם,Other
7296073006435,מלפפ.במלח קטנים מאוד560ג,קבוצת יבנה,560 גרם,Other
7296073006497,30גביעי ופל לגלידה MONRO,"גילרו בע""מ",120 גרם,Frozen
7296073006541,גריסים שופרסל 500 גרם,מיה תעשיות מזון,500 גרם,Other
7296073011217,פסטה פנה מוריני 500ג,פסטה ברוטו,500 גרם,Other
7296073011224,פסטה פוסילי מוריני 500ג,פסטה ברוטו,500 גרם,Other
7296073011248,פסטה פרפלה 500 גרם,פסטה ברוטו,500 גרם,Other
7296073020370,צלחת גדולה BASIC 100 יח',פאלאס,1 יחידות,Other
7296073020394,"קערית מרק BASIC 50 יח,'",פאלאס,1 יחידות,Prepared
7296073020400,קערית אובלית BASIC 25 יח,פאלאס,1 יחידות,Other
7296073021568,"קמח חיטה לבן בהיר 1 ק""ג",טחנות ישראליות בעמ,1 קילוגרם,Dairy
7296073021575,"קמח תופח 1 ק""ג מאפית","שטיבל בע""מ",1 קילוגרם,Other
7296073021582,"סולת חיטה 1 ק""ג מאפית",טחנות ישראליות בעמ,1 קילוגרם,Other
7296073049654,טבעות זיתים ירוקים 560ג,קבוצת יבנה,560 גרם,Other
7296073053743,פסטה מוריני 500 גרם,פסטה ברוטו,500 גרם,Other
7296073053750,פסטה לומקה ריגטה 500 גרם,פסטה ברוטו,500 גרם,Other
7296073059691,"צלחת גדולה BASIC 50 יח,'",פאלאס,1 יחידות,Other
7296073059707,"צלחת קטנה BASIC 50 יח,'",פאלאס,1 יחידות,Other
7296073059745,ליפתניות BASIC,פאלאס,1 יחידות,Other
7296073059790,צלחת מנה עיקרית BASIC 30,פאלאס,1 יחידות,Other
7296073060024,"צלחת קטנה BASIC 100 יח,'",פאלאס,1 יחידות,Other
7296073066330,חלווה מעודנת שופרסל 400ג,"אחדות ביח""ר לטחינה",400 גרם,Sauces & Spreads
7296073066347,חלווה מסולסלת שופרסל250ג,"אחדות ביח""ר לטחינה",250 גרם,Sauces & Spreads
7296073066354,חטיפי חלווה שופרסל 250 ג,"אחדות ביח""ר לטחינה",250 גרם,Sauces & Spreads
7296073078579,דבש טבעי מפרחי שדה 350 ג,"מכוורת עמק חפר בע""מ",350 גרם,Sauces & Spreads
7296073078586,דבש טבעי מפרחי שדה 500 ג,עמק חפר,500 גרם,Sauces & Spreads
7296073078609,"דבש טבעי 1 ק""ג","מכוורת עמק חפר בע""מ",1 קילוגרם,Sauces & Spreads
7296073079002,פריכיות דקות אורז מלא100,"פרח תעשיות מזון בע""מ",100 גרם,Other
7296073079019,פריכיות דקות קצח 100 גרם,"פרח תעשיות מזון בע""מ",100 גרם,Other
7296073079842,עגבניות מקולפות 800ג,פריניר,800 גרם,Vegetables
7296073079859,קוביות עגבניות 800 גרם,פריניר,800 גרם,Vegetables
7296073079866,עגבניות מרוסקות 800 גרם,פריניר,800 גרם,Vegetables
7296073079873,רוטב עגב בית יהודה580ג,פריניר,580 גרם,Sauces & Spreads
7296073079903,ר.עגבניות22% 100 ב.יהודה,פריניר,100 גרם,Vegetables
7296073091219,פופקורן גרעינים שופר500ג,מיה תעשיות מזון,500 גרם,Snacks
7296073093169,פלפל שיפקה חריף 560 גרם,קבוצת יבנה,560 גרם,Vegetables
7296073094463,חלווה שיש שוקו וניל 400ג,"אחדות ביח""ר לטחינה",400 גרם,Sauces & Spreads
7296073094746,חלווה וניל שופרסל 400גרם,"אחדות ביח""ר לטחינה",400 גרם,Sauces & Spreads
7296073094753,חלווה בטעם וניל 500 גרם,"אחדות ביח""ר לטחינה",500 גרם,Sauces & Spreads
7296073095910,דבש טבעי בבקבוק לחיץ350ג,"מכוורת עמק חפר בע""מ",350 גרם,Sauces & Spreads
7296073106098,פריכיות דקות כוסמת 100ג,"פרח תעשיות מזון בע""מ",100 גרם,Other
7296073108269,עלי חסה ערבית שטופים (ק),"פרסקו חצבה 2006 בע""מ",250 גרם,Vegetables
7296073108313,לקט קולסלאו שטוף (ק),"פרסקו חצבה 2006 בע""מ",400 גרם,Other
7296073108320,שבבי גזר שטופים (ק),"פרסקו חצבה 2006 בע""מ",400 גרם,Vegetables
7296073108344,לקט קלאסי שטוף (ק),"פרסקו חצבה 2006 בע""מ",350 גרם,Other
7296073108351,חסה אייסברג שטופה (ק),"פרסקו חצבה 2006 בע""מ",300 גרם,Vegetables
7296073108368,לקט הגינה שטוף (ק),"פרסקו חצבה 2006 בע""מ",300 גרם,Other
7296073108375,כרוב לבן שטוף וחתוך (ק),"פרסקו חצבה 2006 בע""מ",400 גרם,Dairy
7296073108443,"קמח חיטה מלאה 1 ק""ג",טחנות ישראליות בעמ,1 קילוגרם,Other
7296073109822,תמר מגהול מעולה 400 גרם,הדקלאים,400 גרם,Other
7296073113256,חרדל דיזון+גרגיר.שופר350,COVINOR,350 גרם,Sauces & Spreads
7296073113263,חרדל דיזון צרפתי 370 גר,COVINOR,370 גרם,Sauces & Spreads
7296073117865,טבעות זיתים מושחרים560ג,קבוצת יבנה,560 גרם,Other
7296073117872,חרוזי זיתים מושחרים 560,קבוצת יבנה,560 גרם,Other
7296073118770,עלי בייבי 300 גרם (ק),"פרסקו חצבה 2006 בע""מ",300 גרם,Other
7296073121176,תמר חלאווי 400גרם,הדקלאים,400 גרם,Other
7296073121183,תמר דקל נור 400גרם,הדקלאים,400 גרם,Other
7296073121190,תמר אמרי 400 גרם,הדקלאים,400 גרם,Other
7296073122333,שקדי מרק400ג MONRO,"מנה י.א בע""מ",400 גרם,Prepared
7296073123712,תמצית בטעם רום שופרסל50ג,מיה תעשיות מזון,50 מיליליטר,Other
7296073123729,תמצית טעם וניל שופרסל50ג,מיה תעשיות מזון,50 מיליליטר,Other
7296073124160,שום כתוש קפוא במגשית,דורות,80 גרם,Frozen
7296073124177,שום כתוש קפוא בצנצנת,דורות,200 גרם,Frozen
7296073124382,ספגטיני מספר 3 500 גרם,פסטה ברוטו,500 גרם,Other
7296073124399,ספגטי מס 5 מוריני 500ג,פסטה ברוטו,500 גרם,Other
7296073125303,מלפפונים בחומץ 7-9 560גר,קבוצת יבנה,560 גרם,Sauces & Spreads
7296073125327,מלפפונים בחומץ 10-12,קבוצת יבנה,560 גרם,Sauces & Spreads
7296073125334,מלפפונים קטנים בחומץ560ג,קבוצת יבנה,560 גרם,Sauces & Spreads
7296073125341,מלפפונים בחומץ 18-25 560,קבוצת יבנה,560 גרם,Sauces & Spreads
7296073132462,לבבות דקל פרוסים 400ג,אינדוסטריה אגריקולה אקספ,400 גרם,Drinks
7296073132479,לבבות דקל שלמים 400 גרם,אינדוסטריה אגריקולה אקספ,400 גרם,Drinks
7296073132806,חרוזי זיתים ירוקים 560 ג,קבוצת יבנה,560 גרם,Other
7296073132936,עוגת מאפין שיש 400ג,סהרון,400 גרם,Other
7296073132943,עוגת מאפין שוקולד400ג,סהרון,400 גרם,Snacks
7296073132974,צלחת לבן ELEGANT ענק 25,פאלאס,1 יחידות,Dairy
7296073132981,צלחת גדולה לבנה ELEGANT,פאלאס,1 יחידות,Other
7296073132998,צלחת קטנה לבנה ELEGANT 9,פאלאס,1 יחידות,Other
7296073133001,קערית מרק לבן ELEGANT,פאלאס,1 יחידות,Dairy
7296073133056,צלחת קרם ELEGAN ענק,פאלאס,1 יחידות,Other
7296073133070,צלחות קטנות קרם שופרסל 2,פאלאס,1 יחידות,Other
7296073133087,קעריות צבע קרם 25 יחידות,פאלאס,1 יחידות,Other
7296073134459,קרקר פריך שוודי300ג ARDO,אקסטרודו בציצה אס.אר.א,300 גרם,Snacks
7296073134534,קפה טורקי 100 גרם נאגי,רוני רגואן ושות,100 גרם,Drinks
7296073134541,מארז קפה טורקי 3*100 גרם,רוני רגואן ושות,300 גרם,Drinks
7296073134930,שעועית ארגנטינאית 500גרם,מיה תעשיות מזון,500 גרם,Other
7296073142041,24גביעי וופל לגלידהMONRO,"גילרו בע""מ",120 גרם,Frozen
7296073143437,"ברנפלקס ללת""ס 500ג",H & J BRUEGGEN KG WERK 1,500 גרם,Other
7296073151463,פריכיות דקות דל נתרן100ג,"פרח תעשיות מזון בע""מ",100 גרם,Other
7296073151548,מלח בישול גס שופרסל 1 קג,"חברת מלח הארץ אילת בע""מ",1 קילוגרם,Other
7296073151555,מלח שולחן דק שופרסל 1 קג,"חברת מלח הארץ אילת בע""מ",1 קילוגרם,Other
7296073153337,פסטה בוקאטיני500ג מוריני,פסטה ברוטו,500 גרם,Other
7296073156611,שוקולד מריר 60% קקאו100ג,דליקה איי.גי,100 גרם,Snacks
7296073161479,פריכיות דקות תירס 100 גר,"פרח תעשיות מזון בע""מ",100 גרם,Vegetables
7296073161981,עוג.במילוי קרם שוקולד150,ויסנזי,150 גרם,Snacks
7296073162001,עוג.במילוי קרם אגוזים150,ויסנזי,150 גרם,Other
7296073173045,דבש טבעי בק.לחיץ500גר,"מכוורת עמק חפר בע""מ",500 גרם,Sauces & Spreads
7296073173199,אפונה ירוק עדינ600ירוקים,ARDO,600 גרם,Other
7296073173205,שעועית ירוקה עדינה 600ג,הסביפרוסט,600 גרם,Other
7296073173212,שעועית ירוק שלם800ירוקים,הסביפרוסט,800 גרם,Other
7296073173229,שעועית ירוק חתוך800ירוקי,הסביפרוסט,800 גרם,Other
7296073173335,"קמח שיפון מלא 1 ק""ג",טחנות ישראליות בעמ,1 קילוגרם,Other
7296073179863,דבש טבעי לחיץ 250 גרם,"מכוורת עמק חפר בע""מ",250 גרם,Sauces & Spreads
7296073180203,עלי רוקט שטופים (ק),"פרסקו חצבה 2006 בע""מ",150 גרם,Other
7296073180210,עלי תרד בייבי 400 גר (ק),"פרסקו חצבה 2006 בע""מ",400 גרם,Other
7296073180425,רוטב פסטה שום+אורגנו350ג,לה דוריה,350 גרם,Sauces & Spreads
7296073180432,רוטב לפסטה בזיליקום350ג,לה דוריה,350 גרם,Sauces & Spreads
7296073180449,רוטב לפסטה בולונז 350ג,לה דוריה,350 גרם,Sauces & Spreads
7296073195252,פריכיות אורז מלא גרין110,"פרח תעשיות מזון בע""מ",100 גרם,Other
7296073195269,פריכ.אורז מלא+קינואה110ג,"פרח תעשיות מזון בע""מ",110 גרם,Other
7296073195894,אטריות דקיקות400 אינטריה,שיבולים בני דרום,400 גרם,Other
7296073195900,אטריות דקות 400ג אינטריה,שיבולים בני דרום,400 גרם,Other
7296073195917,אטריות בינוני400 אינטריה,שיבולים בני דרום,400 גרם,Other
7296073195924,אטריות רחבות400ג אינטריה,שיבולים בני דרום,400 גרם,Other
7296073199014,נודלס דק להקפצה 400ג FU,פוגיאן לונגהי,400 גרם,Other
7296073201410,נודלס בינוני 400ג FU,פוגיאן לונגהי,400 גרם,Other
7296073205111,"ניוקי תפו""א ללא גלוטן500",סיימה אלימינטרי,500 גרם,Vegetables
7296073205418,פוזילי מלא גרין 500גרם,GIROLOMONI,500 גרם,Other
7296073205425,פסטה פוזילי אורגני500גרם,GIROLOMONI,500 גרם,Other
7296073205456,פנה מלא אורגני 500גרם,GIROLOMONI,500 גרם,Other
7296073205463,פסטה פנה אורגני500גרם,GIROLOMONI,500 גרם,Other
7296073205487,ספגטי מלא אורגני גרין500,,500 גרם,Other
7296073205616,תמר מגהול אורגני גרין1ק,הדקלאים,1 קילוגרם,Other
7296073205692,ר.עגבניות אורגני+שום350ג,LA DORIA SPA,350 גרם,Vegetables
7296073205708,רוטב בזיליקום גרין 350ג,LA DORIA SPA,350 גרם,Sauces & Spreads
7296073206101,סירופ אגבה אורגני 660גרם,אינדסטריאליזדורה אינטגרל,660 גרם,Other
7296073206347,דבש אקליפטוס גרין 500ג,"מכוורת עמק חפר בע""מ",500 גרם,Sauces & Spreads
7296073211969,וופל בלגי שוקולד 200 גרם,"גילרו בע""מ",200 גרם,Snacks
7296073215820,כורכום טחון בשקית 100גרם,,100 גרם,Other
7296073215851,כורכום במיכל גדול 100גרם,,100 גרם,Other
7296073215936,קנמון טחון במיכל גדול80ג,,80 גרם,Other
7296073215943,אורגנו בשקית 20 גרם,,20 גרם,Other
7296073216001,תערובת תבול גריל עוף100ג,,100 גרם,Meat & Fish
7296073216018,תערובת תיבול לזעתר 100 ג,,100 גרם,Other
7296073216032,תיבול גריל עוף צנצ150ג,,150 גרם,Meat & Fish
7296073216070,פטרוזיליה בשקית 20 גרם,,20 גרם,Other
7296073216117,תערוב.תיבול קארי שקית100,,100 גרם,Other
7296073216124,בזיליקום בשקית 30 גרם,,30 גרם,Other
7296073216148,פלפל שחור טחון בשקית100ג,,100 גרם,Vegetables
7296073216155,פלפל שחור טחון במיכל40ג,,40 גרם,Vegetables
7296073216162,פלפל שחור טחון במיכל100ג,,100 גרם,Vegetables
7296073216209,פלפל שחור שלם במיכל35גרם,,35 גרם,Vegetables
7296073216223,פפריקה מתוקה בשקית80גרם,,80 גרם,Other
7296073216247,פפריקה מתוקה מיכל 100ג,,100 גרם,Other
7296073216261,פפריקה מתוקה מרוקאית80ג,,80 גרם,Other
7296073216278,פפריקה מרוקאית מתוקה90ג,,90 גרם,Other
7296073216308,פפריקה חריפה מיכל 100 גר,,100 גרם,Other
7296073216315,מלח לימון בשקית 100 גרם,,100 גרם,Fruit
7296073216322,מלח לימון מיכל גדול170ג,,170 גרם,Fruit
7296073218234,סוכר קנה גולמי אורגני 1ק,סנקי,1 קילוגרם,Other
7296073219255,קפה נמס 200ג MONRO,,200 גרם,Drinks
7296073219347,לחם אחיד פרוס750ג שופרסל,מאפית ברמן,750 גרם,Other
7296073219675,פלפל שחור גרוס שקית80ג,,80 גרם,Vegetables
7296073220121,"חטיפי קרח 70*30 מ""ל",,0.07 ליטר,Other
7296073220275,ופלים בטעם שוקולד 500 גר,"מנעמים תעשיות מזון בע\""מ",500 גרם,Snacks
7296073220282,ופלים בטעם לימון 500 גרם,"מנעמים תעשיות מזון בע\""מ",500 גרם,Snacks
7296073220398,חטיפי קרח גדולים 8*100מל,,800 מיליליטר,Other
7296073220442,דובדבנים חמוצים מוקפא300,LAKI D.O.O,300 גרם,Other
7296073221319,"כף קרם 100 יח,' 2 גרם",Y.S איסטנבול תורכיה,1 יחידות,Other
7296073221333,"מזלג קרם 100 יח,' 2 גרם","קיי אייץ אל סחר בע""מ P.L",1 יחידות,Other
7296073221630,שמן קנולה מזוכך 1 ליטר,בוקרלמן,1 ליטר,Sauces & Spreads
7296073224402,גרגירי חומוס אורגני500גר,,500 גרם,Sauces & Spreads
7296073224457,כוסמת אורגנית 500 גרם,סנקי,500 גרם,Other
7296073224471,עדשים אדומות אורגניות500,סנקי,500 גרם,Other
7296073224488,בורגול אורגני 500 גרם,,500 גרם,Other
7296073224495,עדשים ירוקות אורגניות500,סנקי,500 גרם,Other
7296073224525,קוואקר אורגני דק 500 גר,סנקי,500 גרם,Other
7296073224549,זרעי פשתן אורגניים 500 ג,,500 גרם,Other
7296073224556,שיבולת שועל מלא אורגנ500,,500 גרם,Other
7296073224662,12ביצים חופש אורגניות M,חוות גבעות עולם,1 יחידות,Other
7296073224679,12ביצי חופש אורגניLגרין,חוות גבעות עולם,1 יחידות,Other
7296073224891,אפונה ירוקה מוקפאת 800ג,ARDO,800 גרם,Other
7296073224907,אפונה ירוקה וגזר קפוא800,DUJARDIN,800 גרם,Frozen
7296073225072,לחמניות שופרסל 6*75 גרם,מאפיית שלמה א. אנגל,450 גרם,Other
7296073225492,רוטב עגב בית יהוד22% 260,פריניר,260 גרם,Sauces & Spreads
7296073225560,"וופל ט.שוקולד ללת""ס 200ג","מנעמים תעשיות מזון בע\""מ",200 גרם,Snacks
7296073225720,שעועית מש אורגנית 500 גר,סנקי,500 גרם,Other
7296073225737,שעועית אזוקי אורגנית500,סנקי,500 גרם,Other
7296073226543,אורגנו שופרסל 40 גרם,,40 גרם,Other
7296073229674,פסטה לינגוויני מוריני,פסטה ברוטו,500 גרם,Other
7296073229681,12ביצים אורגניותM+אומגה3,חוות גבעות עולם,1 יחידות,Other
7296073229698,12ביצים אורגנ.L+אומגה3,חוות גבעות עולם,1 יחידות,Other
7296073230489,מזלג שקוף עבה במיוחד 50י,"א.ל.כסוף בע""מ",1 יחידות,Other
7296073236139,12ביצים אורגני שופרסל XL,חוות גבעות עולם,1 יחידות,Other
7296073237631,שוקולד מריר פרימיום 81%,דליקה איי.גי,100 גרם,Snacks
7296073240853,"וופלים בטעם שוקולד 1 ק""ג","מנעמים תעשיות מזון בע\""מ",1 קילוגרם,Snacks
7296073241331,עגבנ.שרי אדומות 460 גרם,יבולי בר אורגני,460 גרם,Other
7296073243342,עוגיות סנדויץ ללג300גרין,COPPENRATH FEINGEBACK,300 גרם,Snacks
7296073244806,18ביצי חופש אורגנS גרין,חוות גבעות עולם,1 יחידות,Other
7296073246367,תות שדה מוקפא 300 גרם,LAKI D.O.O,300 גרם,Fruit
7296073248446,סט מברשות ומסרק לתינוק,N.R.CO.LTD,1 יחידות,Other
7296073254256,ערמונים אורגני100ג גרין,DEZHOU HARVEST FOODS,100 גרם,Other
7296073262831,דבש עם מזון מלכות 350ג,עמק חפר,350 גרם,Sauces & Spreads
7296073263845,קינואה שופרסל 500 גרם,הנמל,500 גרם,Other
7296073266112,מפות שולחן עבות מניילון,בריזה,1 יחידות,Other
7296073266129,מפות שולחן מניילון 6 יח,פאלאס,1 יחידות,Other
7296073267188,צמר גפן רפואי 100 גרם,---,100 גרם,Other
7296073270157,לקט הכפר (ק),"פרסקו חצבה 2006 בע""מ",400 גרם,Other
7296073270416,"גביע 1000 מ""ל 10 יחידות",פאלאס,1 יחידות,Other
7296073270980,"ופל בטעם לימון ללת""ס200ג","מנעמים תעשיות מזון בע\""מ",200 גרם,Snacks
7296073273851,2מפות אל בד מודפס270*120,"א.ל.כסוף בע""מ",1 יחידות,Other
7296073274957,חמאת בוטנים טבעית 510גרם,יונייטד פודס,510 גרם,Other
7296073274964,חמאת בוטנים טבעית+שבב510,יונייטד פודס,510 גרם,Other
7296073277255,מארז מגבונים לחים 6*72י,דינמיק תעשיות מגבונים,1 יחידות,Other
7296073277378,"לחמ.המבורגר לל""ג כשלפ360",גידרון (ללא גלוטן),360 גרם,Meat & Fish
7296073281894,מרכך לשיער מוחלק 750מל,א.משי תעשיות,750 מיליליטר,Other
7296073281931,"מסכה לשיער מוחלק 500 מ""ל",א.משי תעשיות,250 מיליליטר,Other
7296073282846,"מיכל 500 מ""ל+מכסה 5יח",פאלאס,1 יחידות,Other
7296073283805,חתיכות אננס קפוא 300גרם,LAKI D.O.O,300 גרם,Frozen
7296073283812,קוביות מנגו מוקפאות 300,LAKI D.O.O,300 גרם,Fruit
7296073283829,מיקס פירות טרופי קפוא300,LAKI D.O.O,300 גרם,Frozen
7296073285267,"סכין שקוף עבה ח""פ 100 יח",BIG SUCCESS,1 יחידות,Other
7296073285274,"מזלג שקוף עבה ח""פ 100 יח",BIG SUCCESS,1 יחידות,Other
7296073285281,"כפית שקוף עבה ח""פ 100 יח",BIG SUCCESS,1 יחידות,Other
7296073286509,פטריות שמפניון-בודד,קטיף.,220 גרם,Vegetables
7296073289586,נ.סנדוויץ שופרסל 100יח,שניב תעשיות נייר,1 יחידות,Other
7296073289739,שקיות צליה שופרסל 10 יח,הנמל,1 יחידות,Other
7296073291305,פלפל ננסי מארז,קטיף.,220 גרם,Vegetables
7296073294788,פירורי מאפה ללא גלוטן250,אשבל מזון פונקציונלי בע\,250 גרם,Other
7296073295228,מפיות מנייר תלת שכבתי20י,"שניב תעשיות נייר בע\""מ",1 יחידות,Other
7296073320074,חסה מעודנת הידרופוני (ק),יגור חקלאות ועסקים,1 יחידות,Vegetables
7296073320388,עלי בייבי 120 גרם (ק),"פרסקו חצבה 2006 בע""מ",120 גרם,Other
7296073320395,עלי תרד בייבי 200 גר (ק),"פרסקו חצבה 2006 בע""מ",200 גרם,Other
7296073320401,לקט השדה (ק),"פרסקו חצבה 2006 בע""מ",300 גרם,Other
7296073323143,חסה סלנובה הידרופוני (ק),משק יגור,160 גרם,Vegetables
7296073323594,נ.אפייה אקו שופרסל 40יח,הנמל,1 יחידות,Other
7296073343202,פריכיות כוסמת 160ג ARDO,"פרח תעשיות מזון בע""מ",160 גרם,Other
7296073343219,פריכיות אורז מלא 310 גרם,"פרח תעשיות מזון בע""מ",310 גרם,Other
7296073345060,לחם לבן ללא גלוטן 500 גר,גידרון (ללא גלוטן),500 גרם,Dairy
7296073345107,לחמניות המבורגר ל.ג4*90ג,גידרון (ללא גלוטן),360 גרם,Meat & Fish
7296073345114,לחמניות באגט ל.ג 3*120גר,גידרון (ללא גלוטן),360 גרם,Other
7296073345121,לחמניות ללא גלוטן 4*90ג,גידרון (ללא גלוטן),360 גרם,Other
7296073345732,טופו אורגני קשה 300 גרם,"משק ווילר בע""מ",300 גרם,Other
7296073345749,טופו רך גרין 300 גרם,"משק ווילר בע""מ",300 גרם,Other
7296073345756,טופו+סידן 300 גרם גרין,"משק ווילר בע""מ",300 גרם,Other
7296073345763,טופו במרקם קשה300ג גרין,"משק ווילר בע""מ",300 גרם,Prepared
7296073346333,עוגות אישיות קרם חלב350ג,קסליני,350 גרם,Dairy
7296073346340,עוגות אישיות קרם שוקו350,קסליני,350 גרם,Drinks
7296073352839,מפיות נייר חד שכבתי100י,שניב תעשיות נייר,1 יחידות,Other
7296073352846,מפיות חד שכבתי 100 יח,שניב תעשיות נייר,1 יחידות,Other
7296073362791,שורש פטרוזיליה (ק),תנובות לכיש,1 יחידות,Other
7296073362944,אבקת אפיה 10*10ג מאפית,ר.ס. חברה ליבוא וייצור מ,100 גרם,Other
7296073362951,סוכר וניל 10*10ג מאפית,ר.ס. חברה ליבוא וייצור מ,100 גרם,Other
7296073362975,אבקת סוכר 100 גרם מאפית,ר.ס. חברה ליבוא וייצור מ,100 גרם,Other
7296073363194,מסכה מזינה לשיער500מ פרל,א.משי תעשיות,500 מיליליטר,Other
7296073363200,מסכה לשיער מוחלק 500 פרל,א.משי תעשיות,500 מיליליטר,Other
7296073363217,שמפו לשיער מוחלק500מ פרל,א.משי תעשיות,500 מיליליטר,Other
7296073363224,שמפו לשיער יבש 500מ פרל,א.משי תעשיות,500 מיליליטר,Other
7296073363255,מרכך לשיער יבש 500מ פרל,א.משי תעשיות,500 מיליליטר,Other
7296073363262,מרכך לשיער מוחלק500מ פרל,א.משי תעשיות,500 מיליליטר,Other
7296073363804,Be רצועות להסרת שיער50יח,NOW BE,1 יחידות,Other
7296073368465,פיצה איטלקית דקה 320 גרם,סוילה אס.אר.אל,320 גרם,Prepared
7296073368472,פיצה מרגריטה עם זיתים,סוילה אס.אר.אל,340 גרם,Prepared
7296073368670,מגבונים לחים 12*72 יח,---,1 יחידות,Other
7296073373476,ברוקולי ארוז,קטיף.,350 גרם,Vegetables
7296073375630,"כוס הפלא עם ידית 240 מ""ל",LUV.N`CARE,1 יחידות,Other
7296073375654,בקבוק לגדולים עם פייה,LUV.N`CARE,1 יחידות,Other
7296073375661,בקבוק לגדולים עם קשית,LUV.N`CARE,1 יחידות,Other
7296073375678,בקבוק ספורט לגדולים,LUV.N`CARE,1 יחידות,Other
7296073375685,כוס עם קשית,LUV.N`CARE,1 יחידות,Other
7296073375715,כוס עם ידיות ופית סליקון,LUV.N`CARE,1 יחידות,Other
7296073375722,זוג כפיות סיליקון 2 יח,LUV.N`CARE,1 יחידות,Other
7296073376248,סינר מעוצב עם כיס ונשכן,LUV.N`CARE,1 יחידות,Other
7296073376255,נשכן חיות יוגה מסיליקון,LUV.N`CARE,1 יחידות,Other
7296073376262,סט 3 נשכנים,LUV.N`CARE,1 יחידות,Other
7296073377214,חסה לבבות קיסר )ק(,קטיף.,400 גרם,Vegetables
7296073379331,רוטב ויניגרט חרדל (ק),"פרסקו חצבה 2006 בע""מ",1 יחידות,Sauces & Spreads
7296073379348,רוטב ויניגרט הדרים (ק),"פרסקו חצבה 2006 בע""מ",1 יחידות,Sauces & Spreads
7296073379362,רוטב לסלט קיסר (ק),"פרסקו חצבה 2006 בע""מ",1 יחידות,Sauces & Spreads
7296073379379,רוטב לימון+נענע (ק),"פרסקו חצבה 2006 בע""מ",1 יחידות,Sauces & Spreads
7296073379560,אטריות שעועית ל.גלוטן250,YANTAI SHUANGTA FOOD CO.,250 גרם,Other
7296073379683,אגוז מוסקט טחון 40 גרם,לה סאף טורקי מיאסיליק,40 גרם,Other
7296073380160,עגבניות שרי כתום,עידו נחום,460 גרם,Vegetables
7296073381693,זרעי ציה אורגניים 300 ג,---,300 גרם,Other
7296073381709,גרעיני דלעת אורגניים300ג,---,300 גרם,Other
7296073381747,עדשים שחורות אורגניות500,סנקי,500 גרם,Other
7296073382416,שוקולד מריר 90% 100 גרם,דליקה איי.גי,100 גרם,Snacks
7296073383666,"סוכר לבן 1 ק""ג",קראגוואה גרופה ספוזיקז,1 קילוגרם,Dairy
7296073384434,קציצות סג.גפילטע פיש560ג,דג טעים בעמ,560 גרם,Meat & Fish
7296073387053,תותים ובננות מוקפאים 300,LAKI D.O.O,300 גרם,Fruit
7296073389439,באגט ללג 240ג גרין,איתנס,240 גרם,Other
7296073389446,בגט גרעינים ללג240ג גרין,איתנס,240 גרם,Other
7296073389453,בגט עם ציה ללג240ג גרין,איתנס,240 גרם,Other
7296073389460,לחם צרפתי ללג 500ג גרין,איתנס,500 גרם,Other
7296073389477,לחם גרעינים ללג500ג גרין,איתנס,500 גרם,Other
7296073397182,וופל Air קרם טעם שוקו150,"גילרו בע""מ",150 גרם,Snacks
7296073398325,טורטיות קמח כוסמת 8*40גר,D.O.O PIP,320 גרם,Other
7296073398875,קרם קרקר 250 גרם ARDO,אפיפית,250 גרם,Snacks
7296073400110,מטאטא שופרסל,מיקסליר,1 יחידות,Other
7296073404156,אטריות נודלס רחבות400 FU,פוגיאן לונגהי,400 גרם,Other
7296073404248,עגבניות שרי צהוב,עידו נחום,460 גרם,Vegetables
7296073404712,אטריות אורז רחבות400ג FU,פוגיאן לונגהי,400 גרם,Other
7296073404729,אטריות אורז דקות 400ג FU,פוגיאן לונגהי,400 גרם,Other
7296073409113,פופקורן טבעי 5 * 100 גרם,AST נובולוג,500 גרם,Snacks
7296073409120,פופקורן מופחת שומן5*85גר,AST נובולוג,425 גרם,Snacks
7296073409908,בזיליקום קצוץ וקפוא 70ג,דורות,70 גרם,Frozen
7296073409922,גינגר כתוש קפוא 70 גרם,דורות,70 גרם,Frozen
7296073413233,חסה עגולה,"משק אסף פרחי בע""מ",200 גרם,Vegetables
7296073413257,לבבות חסה בשקית (ק),"משק אסף פרחי בע""מ",1 יחידות,Vegetables
7296073416036,פופקורן בטעם חמאה5*100ג,AST נובולוג,500 גרם,Snacks
7296073417422,מלפפון בייבי 350 גרם,משק גל,350 גרם,Vegetables
7296073420323,פריכיות כוסמת אורגנית160,"פרח תעשיות מזון בע""מ",160 גרם,Other
7296073420330,פריכיות כוסמת ללא מלח160,"פרח תעשיות מזון בע""מ",160 גרם,Other
7296073422211,שעועית ירוקה טרייה מארז,"יופ""י מוצרים אגש""ח בע""מ",410 גרם,Other
7296073422617,נבטי אלפלפא מארז,נבטי איילון,1 יחידות,Other
7296073422624,נבטי חמנייה מארז,נבטי איילון,1 יחידות,Other
7296073422655,נבטים סינים מארז,נבטי איילון,1 יחידות,Other
7296073422679,מיקס נבטים סינים וחמניה,נבטי איילון,1 יחידות,Other
7296073422693,אנדיב ירוק,חוות פטריות תקוע,1 יחידות,Vegetables
7296073423126,לקט סלנובה עלי בייבי (ק),"פרסקו חצבה 2006 בע""מ",200 גרם,Other
7296073423133,עלי חסה סלנובה שטופי (ק),"פרסקו חצבה 2006 בע""מ",200 גרם,Vegetables
7296073424581,טורטיה קמח כוסמין8*40גרם,D.O.O PIP,320 גרם,Other
7296073426592,עוג.ללא גלוטן שוקו150ג,ויסנזי,150 גרם,Drinks
7296073426608,עוג.ללא גלוטן לימון150ג,ויסנזי,150 גרם,Fruit
7296073427315,פיתות כוסמין 8יח*50 גרם,"מאפיית אורן משי בע""מ",440 גרם,Fruit
7296073428541,מיקס פירות יער מוקפא300ג,LAKI D.O.O,300 גרם,Fruit
7296073429807,פסטו 180 גרם,"פרסקו חצבה 2006 בע""מ",180 גרם,Other
7296073429814,צימיצורי 180ג שדה אדמה,"פרסקו חצבה 2006 בע""מ",180 גרם,Other
7296073429821,ממרח זעתר 180ג שדה אדמה,"פרסקו חצבה 2006 בע""מ",180 גרם,Sauces & Spreads
7296073441335,פריכיות אורז מלא 110 גרם,"פרח תעשיות מזון בע""מ",110 גרם,Other
7296073442967,מלפפון בייבי 350 גרם,גונן שדה,350 גרם,Vegetables
7296073445159,תחתיות ארטישוק 400 גרם,SILVA FOR FOOD INDUSTRY,400 גרם,Other
7296073445166,במיה קפואה 600 גרם,SILVA FOR FOOD INDUSTRY,600 גרם,Frozen
7296073449096,ברוסקטות עם בצל 150 גרם,COMEX BAKERY SL.U,150 גרם,Vegetables
7296073449102,ברוסקטות עם שום 150 גרם,COMEX BAKERY SL.U,150 גרם,Other
7296073450726,חטיף פריכיות פלפל שחור30,"פרח תעשיות מזון בע""מ",30 גרם,Snacks
7296073450740,חטיף פריכיות טבעי30 ARDO,"פרח תעשיות מזון בע""מ",30 גרם,Snacks
7296073451044,3מפות שולחן אלבד 120*180,,1 יחידות,Other
7296073451471,מלוואח ללא גלוטן 500 גרם,גידרון (ללא גלוטן),500 גרם,Prepared
7296073451488,"גחנון לל""ג 400ג גרין",גידרון (ללא גלוטן),400 גרם,Other
7296073451495,"בצק עלים לל""ג 450ג גרין",גידרון (ללא גלוטן),450 גרם,Other
7296073451501,"בורקס תפו""א לל""ג500 גרין",גידרון (ללא גלוטן),500 גרם,Prepared
7296073451518,"בורקס גבינה לל""ג500 גרין",גידרון (ללא גלוטן),500 גרם,Dairy
7296073451570,בורקס פיצה ללא גלוטן500ג,גידרון (ללא גלוטן),500 גרם,Prepared
7296073451914,פסטו בזיליקום 180 גרם,"פרסקו חצבה 2006 בע""מ",180 גרם,Other
7296073451921,פסטו כוסברה 180 גרם,"פרסקו חצבה 2006 בע""מ",180 גרם,Other
7296073451938,טפנד זיתי קלמטה 180 גרם,"פרסקו חצבה 2006 בע""מ",180 גרם,Other
7296073451945,טפנד זיתים ירוקים 180גרם,"פרסקו חצבה 2006 בע""מ",180 גרם,Other
7296073451969,ממרח פלפלים קלויים 180 ג,"פרסקו חצבה 2006 בע""מ",180 גרם,Sauces & Spreads
7296073451976,ממרח עגבניות מיובשות180ג,"פרסקו חצבה 2006 בע""מ",180 גרם,Sauces & Spreads
7296073451990,ממרח צימיצורי 180 גרם,"פרסקו חצבה 2006 בע""מ",180 גרם,Sauces & Spreads
7296073452546,אוכמניות כחולות קפוא 300,LAKI D.O.O,300 גרם,Frozen
7296073457992,שורש גינגר ארוז,חוות פטריות תקוע,250 גרם,Vegetables
7296073459200,מיקס להכנת לחם כהה 500 ג,MLYN NIEDZWIADY,500 גרם,Other
7296073459217,מיקס הכנת לחם גרעינים500,MLYN NIEDZWIADY,500 גרם,Other
7296073459224,קמח שקדים ללא גלוטן500ג,MLYN NIEDZWIADY,500 גרם,Other
7296073459231,קמח רב תכליתי ללג500גרין,MLYN NIEDZWIADY,500 גרם,Other
7296073472797,"קמח חיטה לבן מנופה 1 ק""ג","שטיבל בע""מ",1 קילוגרם,Dairy
7296073472827,"קמח תופח מנופה 1 ק""ג","שטיבל בע""מ",1 קילוגרם,Other
7296073472841,"קמח חיטה מלא מנופה 1 ק""ג","שטיבל בע""מ",1 קילוגרם,Other
7296073472896,"קמח כוסמין מלא מנופה1ק""ג","שטיבל בע""מ",1 קילוגרם,Other
7296073473466,סילאן אורגנ.לחיץ גרין470,AL BARAKAH DATES FACTORY,470 גרם,Sauces & Spreads
7296073473671,עוגת תפוזים ללא גלוטן350,גידרון (ללא גלוטן),350 גרם,Fruit
7296073473688,"עוגת שוקוציפס לל""ג350ג",גידרון (ללא גלוטן),350 גרם,Snacks
7296073484011,שמן קנולה 1 ליטר,אדוקו,1 ליטר,Sauces & Spreads
7296073484417,ביצים אומגה L שופרסל 6יח,ביו אומגה,1 יחידות,Other
7296073484431,דבש מזון מלכות 6% 350 ג,"מכוורת עמק חפר בע""מ",350 גרם,Sauces & Spreads
7296073484721,חסה רומית הידרופונית (ק),יגור חקלאות ועסקים,160 גרם,Vegetables
7296073495758,חסה לאליק הידרופונית (ק),משק יגור,190 גרם,Vegetables
7296073496113,בצק פילו 500 גרם BAKERY,ARABATZIS,500 גרם,Other
7296073497189,גרגירי חומוס טטרה פק380ג,לה דוריה,380 גרם,Sauces & Spreads
7296073497196,שעועית אדומה טטרה פק380ג,לה דוריה,380 גרם,Other
7296073497219,שעועית לבנה טטרה פק380גר,לה דוריה,380 גרם,Other
7296073497226,שעועית שחורה טטרה פק380ג,לה דוריה,380 גרם,Other
7296073497639,ביסקוויט חיות 180 גרם,אפיפית,180 גרם,Snacks
7296073497721,"שיבולת שועל דק לל""ג500ג",א.סיימן-השדה הרדוף PL,500 גרם,Other
7296073497738,"קוואקר שיבולת שועל לל""ג",א.סיימן-השדה הרדוף PL,500 גרם,Other
7296073497745,עגבניות חתוכות דק 3*400ג,LA DORIA SPA,1.2 קילוגרם,Vegetables
7296073497813,סילאן אורגני 900גרם גרין,AL BARAKAH DATES FACTORY,900 גרם,Sauces & Spreads
7296073515104,סירופ סילאן בצנצנת 900 ג,טעמי הגליל,900 גרם,Sauces & Spreads
7296073515128,סירופ סילאן לחיץ 360 גרם,טעמי הגליל,360 גרם,Sauces & Spreads
7296073515135,מלית תמרים 450 גרם,טעמי הגליל,450 גרם,Other
7296073515357,פיתות אסליות 5*100גרם,"מאפיית אורן משי בע""מ",500 גרם,Fruit
7296073515722,נבטי עדשים מארז,נבטי איילון,1 יחידות,Other
7296073516019,דגנים ציפוי שוק.לבן65ג,"נטורל קייקס בע\""מ",65 גרם,Dairy
7296073516033,קורנפלקס ציפוי שוק.לבן65,"נטורל קייקס בע\""מ",65 גרם,Dairy
7296073516187,רוקט 100 גרם (ק),בשמת,1 יחידות,Other
7296073516194,בזיליקום 100 גרם (ק),בשמת,1 יחידות,Other
7296073526704,כרישה חתוכה (לוף/פרסה),משה מצליח ירקות,700 גרם,Vegetables
7296073526919,פרל שמפו לשיער מוחלק500מ,א.משי תעשיות,500 מיליליטר,Other
7296073526926,שמפו משקם לשער יבש500פרל,א.משי תעשיות,500 מיליליטר,Other
7296073526957,פרל מסכה לשיער מוחלק500מ,א.משי תעשיות,500 מיליליטר,Other
7296073527282,תירוש מיץ ענבים אדום750מ,כרם מהדרין,750 מיליליטר,Drinks
7296073527299,תירוש מיץ ענבים אדום 1 ל,כרם מהדרין,1 ליטר,Drinks
7296073528531,פרל מסכות לשיער צבוע 500,א.משי תעשיות,500 מיליליטר,Other
7296073528562,"בצק עלים 1 ק""ג",ARABATZIS,1 קילוגרם,Other
7296073528647,עלי מיקרו רוקט (ק),"פרסקו חצבה 2006 בע""מ",1 יחידות,Other
7296073528661,מיקס עלי מיקרו (ק),"פרסקו חצבה 2006 בע""מ",1 יחידות,Other
7296073529453,עדשים שחור בלוגה 500 גרם,מיה תעשיות מזון,500 גרם,Other
7296073529934,רוטב עגבניות לפסטה 350ג,לה דוריה,350 גרם,Sauces & Spreads
7296073530343,סילאן פרימיום 350 גרם,טעמי הגליל,350 גרם,Sauces & Spreads
7296073530374,טחינה אורגנית גרין 500 ג,"אחדות ביח""ר לטחינה",500 גרם,Sauces & Spreads
7296073530381,טחינה אורגנית מלאה500ג,"אחדות ביח""ר לטחינה",500 גרם,Sauces & Spreads
7296073530398,קמח כוסמין לבן מנופה 1קג,"שטיבל בע""מ",1 קילוגרם,Dairy
7296073531265,פדים להסרת איפור 80 יח,---,1 יחידות,Other
7296073531272,פדים להסרת איפור 80*3יח,---,1 יחידות,Other
7296073552598,"קינואה 1 ק""ג",הנמל,1000 גרם,Other
7296073552949,"קמח שמרים מנופה 1 ק""ג","שטיבל בע""מ",1 קילוגרם,Other
7296073553274,טורטיה חיטה 8יח *40 גרם,דליברדס יורופ,320 גרם,Other
7296073553281,טורטיה חיטה מלאה 8*40גרם,דליברדס יורופ,320 גרם,Other
7296073553298,טורטיות פשתן וציה *40ג8,דליברדס יורופ,320 גרם,Other
7296073553304,טורטיות מקמח חיטה 12*65ג,דליברדס יורופ,780 גרם,Other
7296073554394,פלפל צילי מארז,בייבי של ירקות,70 גרם,Vegetables
7296073564560,פיתות אסלי10*100ג שופרסל,"מאפיית אורן משי בע""מ",1000 גרם,Fruit
7296073565550,קצפיות מרנג וניל 180 גרם,"אחדות ביח""ר לטחינה",180 גרם,Sauces & Spreads
7296073565567,קצפיות מרנג טעם תות 180ג,"אחדות ביח""ר לטחינה",180 גרם,Sauces & Spreads
7296073566939,מיקס ירקות למרק (ק),"אליגם שיווק חקלאי בע""מ",1 יחידות,Prepared
7296073578666,רוטב אלף האיים (ק),"פרסקו חצבה 2006 בע""מ",1 יחידות,Sauces & Spreads
7296073578673,רוטב לסלט שום (ק),"פרסקו חצבה 2006 בע""מ",1 יחידות,Sauces & Spreads
7296073579090,"קשיות מנייר 8"" 100 יחידו",,1 יחידות,Other
7296073590835,חסה לבבות קיסר (ק),"פרסקו חצבה 2006 בע""מ",1 יחידות,Vegetables
7296073590927,נבטי אפונה מארז,נבטי איילון,1 יחידות,Other
7296073592440,פריכיות משולש מלח ים30גר,"פרח תעשיות מזון בע""מ",30 גרם,Other
7296073592556,עגבניות חתוכות דק 3*400ג,DAVIA S.P.A,1200 גרם,Vegetables
7296073592884,חסה לאליק צבעונית (ק),משק יגור,200 גרם,Vegetables
7296073592891,לבבות חסה קראנץ (ק),משק יגור,190 גרם,Vegetables
7296073596363,"מלאווח לל""ג 500 גרם","גידרון תעשיות בע""מ",500 גרם,Other
7296073596387,טחינה גולמית 500 גרם סלה,אר גי אם תעשיות מזון,500 גרם,Sauces & Spreads
7296073596455,תירס לבן-יחידה (ק),"יגור חקלאות בע""מ",1 יחידות,Dairy
7296073596561,שניצל תירס צמחוני 750 גר,דלידג,750 גרם,Meat & Fish
7296073596578,שניצלוני תירס צמחוני 650,דלידג,650 גרם,Meat & Fish
7296073597230,טורטיה מוגברת חלבון8*40ג,דליברדס יורופ,320 גרם,Dairy
7296073597247,טורטיה תירס 20% 8*40 גרם,דליברדס יורופ,320 גרם,Vegetables
7296073600862,זעתר טרי (ק),קטיף.,1 יחידות,Other
7296073612193,שום קלוף 500 גרם,JINXIANG WANXING GARLIC,500 גרם,Other
7296073623939,מקל עץ 1.4 מטר שופרסל,PRC,1 יחידות,Other
7296073626701,"מלח הימלאיה דק 1 ק""ג",סנקי,1 קילוגרם,Other
7296073626718,"מלח הימלאיה גס 1 ק""ג",סנקי,1 קילוגרם,Other
7296073629146,מיונז אמיתי 500 גרם MAYO,ר.ס. חברה ליבוא וייצור מ,500 גרם,Sauces & Spreads
7296073629153,"מיונז אמיתי 1 ק""ג MAYO",ר.ס. חברה ליבוא וייצור מ,1 קילוגרם,Sauces & Spreads
7296073629269,"צלחות גדולות חד""פ 1קג",L.P,1 קילוגרם,Other
7296073629733,פריפלצת מיקס פירות 120 ג,DODACO,120 גרם,Fruit
7296073629740,פריפלצת מנגו בננה 120 גר,DODACO,120 גרם,Fruit
7296073629757,פריפלצת תפוח בננה 120 גר,DODACO,120 גרם,Fruit
7296073629764,פריפלצת אגס 120 גרם,DODACO,120 גרם,Fruit
7296073629771,פריפלצת תפוח 120 גרם,DODACO,120 גרם,Fruit
7296073629788,פריפלצת בננה 120 גרם,DODACO,120 גרם,Fruit
7296073629795,פריפלצת דלעת בטטה 120 גר,DODACO,120 גרם,Other
7296073629801,פריפלצת אגס גזר דלעת 120,DODACO,120 גרם,Vegetables
7296073629818,פריפלצת תפוח בננה 120 גר,DODACO,120 גרם,Fruit
7296073630005,בצק פילאס טורקי 500 גרם,ARABATZIS,500 גרם,Other
7296073630890,ספגטי ללא גלוטן 400 גרם,אלדינו,400 גרם,Other
7296073630906,פסטה פוזילי ללא גלוטן400,אלדינו,400 גרם,Other
7296073630913,פסטה פנה ללא גלוטן400ג,אלדינו,400 גרם,Other
7296073641315,גרעין חמניה קלוף אורגני3,סנקי,300 גרם,Other
7296073641322,"עוגיות חיטה ללת""ס250גר",לזרוני,250 גרם,Snacks
7296073641339,"ביסקוויט ללת""ס 250 גרם",לזרוני,250 גרם,Snacks
7296073641902,פטה כבשים 20% 250 גרם,---,250 גרם,Other
7296073641919,חלומי בקר 24% 200 גרם,---,200 גרם,Meat & Fish
7296073641940,בולגרית מסורתית 5% 250 ג,---,250 גרם,Dairy
7296073641957,בולגרית מסורתית 16% 250,מחלבת טלית,250 גרם,Dairy
7296073641964,בולגרית מעודנת 5% 250 גר,---,250 גרם,Dairy
7296073642008,כדורים בט.שוקולד ללג375ג,CERERA,375 גרם,Snacks
7296073642022,"דגני טבעות דבש לל""ג375ג",סררה פודס,375 גרם,Sauces & Spreads
7296073642046,"קורנפלקס לל""ג 500 גרם",CERERA,500 גרם,Other
7296073644668,ופלים בטעם שוקולד 200 גר,מנעמים,200 גרם,Snacks
7296073644675,ופלים בטעם לימון 200 גרם,מנעמים,200 גרם,Snacks
7296073644682,ופלים בטעם אגוזים 200גרם,מנעמים,200 גרם,Snacks
7296073644880,מחית עגבניה690ג LIVATO,DAVIA S.P.A,690 גרם,Vegetables
7296073644897,עגבניות חתוכות דק 2*400ג,DAVIA S.P.A,800 גרם,Vegetables
7296073646907,רוטב ויניגרט בלסמי (ק),"פרסקו חצבה 2006 בע""מ",1 יחידות,Sauces & Spreads
7296073657743,עגבני.מרוסקות אורגני690ג,DAVIA S.P.A,690 גרם,Vegetables
7296073658221,מטאטא מילאנו יחידה,KARACETIN,1 יחידות,Other
7296073658238,מטאטא דגם 6 יחידה,KARACETIN,1 יחידות,Other
7296073658269,מטאטא וניטי גב עץ יחידה,CAVALLO,1 יחידות,Other
7296073658290,מטאטא שיער מעורב יחידה,SZCZOT,1 יחידות,Other
7296073658320,מגב דגם 6 יחידה,YIWA KAI,1 יחידות,Other
7296073658337,"מגב לרצפה 40 ס""מ יחידה",KARACETIN,1 יחידות,Other
7296073658344,"מגב מתכת 60 ס""מ יחידה",YIWA KAI,1 יחידות,Other
7296073658351,"מגב מתכת 40 ס""מ יחידה",YIWA KAI,1 יחידות,Other
7296073658368,"מגב סיליקון 40 ס""מ יחידה",YIWA KAI,1 יחידות,Other
7296073658375,"מגב פטנט לרצפה 40 ס""מ יח",YIWA KAI,1 יחידות,Other
7296073658382,מגב פטנט עם להבסיליקון43,YIWA KAI,1 יחידות,Other
7296073658443,מברשת לאסלה יחידה,KARACETIN,1 יחידות,Other
7296073658467,מברשת לאסלה יחידה,KARACETIN,1 יחידות,Other
7296073658504,פומפה יחידה,YIWA KAI,1 יחידות,Other
7296073658528,כף אשפה יחידה,YIWA KAI,1 יחידות,Other
7296073658542,יעה מתקפל שקוף יחידה,CAVALLO,1 יחידות,Other
7296073658566,מגב לשיש מהודר יחידה,YIWA KAI,1 יחידות,Other
7296073658603,דלי פיה סופר 12 ליטר,YIWA KAI,1 יחידות,Other
7296073658610,דלי פטנט מתקפל 10 ליטר,YIWA KAI,1 יחידות,Other
7296073658627,מברשת ניקוי יחידה,YIWA KAI,1 יחידות,Other
7296073658788,מקל מטאטא יחידה,KARACETIN,1 יחידות,Other
7296073659549,מפיות מוטבעות תלת שכבת16,,1 יחידות,Other
7296073659587,"סוכריות מנטה לל""ס 80 גרם",SERRA DOLCIARIA,80 גרם,Snacks
7296073659945,קרקר דק רוזמרין 140 גרם,אפיפית,140 גרם,Snacks
7296073659952,קרקר דק כפרי 140 גרםARDO,אפיפית,140 גרם,Snacks
7296073659969,עוגיות חיות שוקו 250 גרם,אפיפית,250 גרם,Snacks
7296073659976,עוגיות חיות וניל 250 גרם,אפיפית,250 גרם,Snacks
7296073661214,שקית בד כותנה GREEN,,1 יחידות,Other
7296073661221,שקית בד כותנה שלכת,,1 יחידות,Other
7296073661238,שקית בד כותנה אקליפטוס,,1 יחידות,Other
7296073661795,קמח לאפיית לחם1קג מאפית,טחנות ישראליות בעמ,1 קילוגרם,Other
7296073663645,פרל מרכך לשיער מוחלק500מ,א.משי תעשיות,500 מיליליטר,Other
7296073663768,גלילי ופל שוקולד 100 גרם,"גילרו בע""מ",100 גרם,Snacks
7296073663775,גלילי ופל אגוזים 100 גרם,"גילרו בע""מ",100 גרם,Snacks
7296073675167,משקה בריסטה סויה 1ל EVAN,FRIAS,1 ליטר,Drinks
7296073675174,משקה בריסטה שקדים1ל EVAN,FRIAS,1 ליטר,Drinks
7296073675181,משקה בריסטה שיבולת שועל1,FRIAS,1 ליטר,Drinks
7296073677598,ופלים מצופים שוקולד400ג,"מנעמים תעשיות מזון בע\""מ",400 גרם,Snacks
7296073677765,פירורי לחם 800ג מנטיני,רוז חקלאות,800 גרם,Other
7296073677772,פירורי לחם 350ג מנטיני,רוז חקלאות,350 גרם,Other
7296073677789,פירורי לחם 200ג מנטיני,רוז חקלאות,200 גרם,Other
7296073691358,פולי סויה שלמים1ק ירוקים,זנגזו רויפנג פודס קו,1 קילוגרם,Other
7296073691365,פולי סויה שלמים 450 גרם,זנגזו רויפנג פודס קו,450 גרם,Other
7296073691372,פולי סויה קלופים 450גרם,זנגזו רויפנג פודס קו,450 גרם,Other
7296073691747,נר נשמה 24 שעות יחידה,SHIJIAZHUANG GAOCHENG FE,1 יחידות,Other
7296073691754,נרות חימום בשקית 50 יחיד,SHIJIAZHUANG GAOCHENG FE,1 יחידות,Other
7296073691761,נרות חימום בשקית 100 יחי,SHIJIAZHUANG GAOCHENG FE,1 יחידות,Other
7296073691778,נר נשמה שבועי יחידה,SHIJIAZHUANG GAOCHENG FE,1 יחידות,Other
7296073691785,נר נשמה בכוס זכוכית 72 ש,SHIJIAZHUANG GAOCHENG FE,1 יחידות,Other
7296073691792,נר נשמה בכוס זכוכית 48 ש,SHIJIAZHUANG GAOCHENG FE,1 יחידות,Other
7296073692621,ברוקולי מוקפא 800 גרם,"גרין פרוסט פוד בע""מ",800 גרם,Vegetables
7296073692638,כרובית מוקפאת 800 גרם,"גרין פרוסט פוד בע""מ",800 גרם,Vegetables
7296073692683,"פחם דרום אפריקאי 2 ק""ג",RETORT CHARCOAL PRODUCER,2 קילוגרם,Other
7296073692805,5תבניות מאורכות+מכסהXPO,אופל אריזות,1 יחידות,Snacks
7296073692812,7תבנית אלומיניום גדולXPO,אופל אריזות,1 יחידות,Snacks
7296073692829,5תבניות אלומיניום ענקXPO,אופל אריזות,1 יחידות,Snacks
7296073692836,ת.אלומיניום מלבניות9יXPO,אופל אריזות,1 יחידות,Snacks
7296073692843,10ת.אלומיניום בינוני XPO,אופל אריזות,1 יחידות,Snacks
7296073692850,15תב.אלומיניום קטנותXPO,אופל אריזות,1 יחידות,Snacks
7296073692867,7תב.אלומיניום עגולות XPO,אופל אריזות,1 יחידות,Snacks
7296073692874,7תבניות עגולות25.5סמ XPO,אופל אריזות,1 יחידות,Snacks
7296073692881,18ת.אלומיניום אינגלישXPO,אופל אריזות,1 יחידות,Snacks
7296073692942,נייר אפייה 50 יחידות XPO,אופל אריזות,1 יחידות,Snacks
7296073693086,סוללות AAA 8 יחידות,WISE NINGBO,1 יחידות,Other
7296073693093,סוללות AAA 4 יחידות,WISE NINGBO,1 יחידות,Other
7296073693109,סוללות AA 8 יחידות,WISE NINGBO,1 יחידות,Other
7296073693116,סוללות AA 4 יחידות,WISE NINGBO,1 יחידות,Other
7296073693284,שמן זית כתית 750 MATTEO,OLITALIA SRL,750 מיליליטר,Sauces & Spreads
7296073693352,תרד עלים ניו זילנדי-מארז,---,160 גרם,Other
7296073703785,"שמן זית כתית נריה 750מ""ל",CAVANNA OLI SNC,750 מיליליטר,Sauces & Spreads
7296073703792,"שמן זית אורגני 750 מ""ל",CAVANNA OLI SNC,750 מיליליטר,Sauces & Spreads
7296073705109,"סיגר במילוי תפו""א 400 גר","חטיפי אלקיים בע""מ",400 גרם,Vegetables
7296073705116,"פסטל במילוי תפו""א 400 גר","חטיפי אלקיים בע""מ",400 גרם,Vegetables
7296073705123,תירס מתוק 320ג בית יהודה,הזה סאנקינג פוד קו.,320 גרם,Vegetables
7296073705147,לבבות דקל פרוסים 400ג,אלימנטוס אי קונסרבס,400 גרם,Other
7296073705154,אגרול סיני 400 גרם,"חטיפי אלקיים בע""מ",400 גרם,Other
7296073705161,קובה ביתי במילוי בשר 400,"חטיפי אלקיים בע""מ",400 גרם,Meat & Fish
7296073705178,קובה חמוסטה מילוי בשר400,"חטיפי אלקיים בע""מ",400 גרם,Meat & Fish
7296073705185,קובה מרק במילוי בשר 400,"חטיפי אלקיים בע""מ",400 גרם,Meat & Fish
7296073705192,קרפלך במילוי בשר 400 גרם,"חטיפי אלקיים בע""מ",400 גרם,Meat & Fish
7296073705208,"קרפלך במילוי תפו""א 400 ג","חטיפי אלקיים בע""מ",400 גרם,Vegetables
7296073705246,סיגר במילוי בשר 400 גרם,"חטיפי אלקיים בע""מ",400 גרם,Meat & Fish
7296073705253,"אורז בסמטי 1 ק""ג ARNO",CHAMAN LAL SETIA,1 קילוגרם,Other
7296073705260,"אורז בסמטי 1 ק""ג RIZELLE",NEW BHARAT,1 קילוגרם,Other
7296073705277,מגבונים לתינוקSOFTME64*4,דינמיק,1 יחידות,Other
7296073705291,"אורז פרסי 1 ק""ג RIZELLE",יותאי פרודוס קומפני,1 קילוגרם,Other
7296073705376,כוסברה ארוזה (ק),"אליגם שיווק חקלאי בע""מ",1 יחידות,Other
7296073705383,נענע ארוזה (ק),"אליגם שיווק חקלאי בע""מ",1 יחידות,Other
7296073705390,שורש סלרי (ק),"אליגם שיווק חקלאי בע""מ",1 יחידות,Other
7296073705406,סלרי ראש (ק),"אליגם שיווק חקלאי בע""מ",1 יחידות,Other
7296073705413,פטרוזיליה ארוזה (ק),"אליגם שיווק חקלאי בע""מ",1 יחידות,Other
7296073705420,שמיר ארוז (ק),"אליגם שיווק חקלאי בע""מ",1 יחידות,Other
7296073705437,טונה בשמן 4*140ג SURINIA,גולדן פרייז קאנינג אל טי,560 גרם,Meat & Fish
7296073705475,"ציפס קפוא קלאסי 1.5 ק""ג","גרין פרוסט פוד בע""מ",1500 גרם,Frozen
7296073705482,ציפס קפוא זיגזג1.5 שמעון,"גרין פרוסט פוד בע""מ",1.5 קילוגרם,Frozen
7296073705499,ציפס קפוא אמריקאי 1.5 ק,"גרין פרוסט פוד בע""מ",1.5 קילוגרם,Frozen
7296073705505,חומוס מוקפא 800 גרם,"גרין פרוסט פוד בע""מ",800 גרם,Sauces & Spreads
7296073705512,שעועית לבנה מוקפאת 800 ג,"גרין פרוסט פוד בע""מ",800 גרם,Other
7296073705529,ברוקולי מוקפא 800 גרם,"י.ש.ירקות עלים בע""מ",800 גרם,Vegetables
7296073705536,כרובית מוקפאת 800 גרם,"י.ש.ירקות עלים בע""מ",800 גרם,Vegetables
7296073705819,צימוק כהה 330 גרם,---,330 גרם,Other
7296073705826,צימוק לבן 330 גרם,---,330 גרם,Dairy
7296073705840,צנובר 120 גרם,---,120 גרם,Other
7296073705857,קבוקים שומשום 180 גרם,---,180 גרם,Other
7296073705871,קשיו טבעי קלוף250 הקולה,דין שיווק,250 גרם,Drinks
7296073705888,אגוז מלך טבעי150ג הקולה,דין שיווק,150 גרם,Drinks
7296073705895,אגוזי מלך קלופים 200 גרם,דין שיווק,200 גרם,Other
7296073705901,פיסטוק טבעי קלוף150גרם,דין שיווק,150 גרם,Other
7296073705918,פקאן טבעי 200 גרם הקולה,דין שיווק,200 גרם,Drinks
7296073705925,פקאן טבעי 200 גרם הקולה,דין שיווק,200 גרם,Drinks
7296073705932,אגוז מקדמיה טבעי150הקולה,דין שיווק,150 גרם,Drinks
7296073705949,שקדים טבעיים קלופים 200,דין שיווק,200 גרם,Other
7296073705956,שקד טבעי 300 גרם,דין שיווק,300 גרם,Other
7296073705963,קשיו קלוי 200 גרם הקולה,דין שיווק,200 גרם,Drinks
7296073705970,קשיו קלוי ענק 250 גרם,דין שיווק,250 גרם,Other
7296073705987,בוטן רביולי בקופסא200ג,דין שיווק,200 גרם,Other
7296073705994,גרעין לבן 170 גרם,---,170 גרם,Dairy
7296073706007,גרעיני דלעת קלויים 250גר,דין שיווק,250 גרם,Other
7296073706014,גרעין אבטיח 240 גרם,---,240 גרם,Fruit
7296073706021,גרעין חמניה קלוי400הקולה,דין שיווק,400 גרם,Drinks
7296073706038,בוטן קלוי ענק 250 גרם,דין שיווק,250 גרם,Other
7296073706045,בוטן אמריקאי 220 גרם,---,220 גרם,Other
7296073706052,אגוז מלך קלוף בקופסא500,דין שיווק,500 גרם,Other
7296073706069,פיסטוק ענק 250 גרם,---,250 גרם,Other
7296073706090,פיסטוק קלוי בשקית 200 גר,דין שיווק,200 גרם,Other
7296073706106,פקאן סיני בשק200ג הקולה,דין שיווק,200 גרם,Drinks
7296073706113,פקאן מסוכר160הקולה מבגדד,דין שיווק,160 גרם,Drinks
7296073706120,מנצס בקופסא 200 גרם,---,200 גרם,Other
7296073706137,שקדים קלויים 250ג הקולה,דין שיווק,250 גרם,Drinks
7296073706144,שזיפים ללא גלעין 330 גרם,---,330 גרם,Other
7296073706151,בננה ציפס בקופסא 140 גר,---,140 גרם,Snacks
7296073706168,משמש ענק 330 גרם,---,330 גרם,Other
7296073706175,"מנגו מיובש ללת""ס 200 גרם",---,200 גרם,Fruit
7296073706182,חמוציות בסוכר פרי 250 גר,---,250 גרם,Other
7296073706199,חמוציות 250 גרם,---,250 גרם,Other
7296073706212,חמוציות בשקית 250 גרם,---,250 גרם,Other
7296073706229,תמר מגהול ענק 400 גרם,דין שיווק,400 גרם,Other
7296073706236,גינגר בקופסא 300 גרם,---,300 גרם,Other
7296073706243,שקד מולבן טחון בקופסא200,---,200 גרם,Other
7296073706250,שקד משובב 250 גרם,---,250 גרם,Other
7296073706267,שקד פרוס 200 גרם,---,200 גרם,Other
7296073706274,תירס קלוי בקופסא 200 גרם,דין שיווק,200 גרם,Vegetables
7296073706281,תערובת אגוז קלוי250הקולה,דין שיווק,250 גרם,Drinks
7296073706298,תערובת פיצוחים קלוי200ג,---,200 גרם,Other
7296073706304,חמניות קלופות 250 גרם,---,250 גרם,Other
7296073706311,מיקס אגוז+חמוציו250הקולה,דין שיווק,250 גרם,Drinks
7296073706328,פול מטוגן בקליפה 200 גרם,---,200 גרם,Other
7296073706335,אפונה מטוגנת בקופסא 200,---,200 גרם,Other
7296073706342,חטיף חריף בקופסא 120 גרם,---,120 גרם,Snacks
7296073706359,חטיף סויה בקופסא 150 גרם,---,150 גרם,Snacks
7296073706403,פטרוזיליה ארוזה (ק),"פרסקו חצבה 2006 בע""מ",1 יחידות,Other
7296073706410,כוסברה ארוזה (ק),"פרסקו חצבה 2006 בע""מ",1 יחידות,Other
7296073706427,שמיר ארוז (ק),"פרסקו חצבה 2006 בע""מ",1 יחידות,Other
7296073706434,נענע ארוזה (ק),"פרסקו חצבה 2006 בע""מ",1 יחידות,Other
7296073706458,קוסקוס בינוני דרנא 350 ג,BIA S.P.A,350 גרם,Other
7296073706472,פסטה פוזילי MANTANINO,PASTIFICIO F.LLI,500 גרם,Other
7296073706496,פסטה פנה ריגטה MANTANINO,PASTIFICIO F.LLI,500 גרם,Other
7296073706502,ספגטי מס 5 MANTANINO,PASTIFICIO F.LLI,500 גרם,Other
7296073706519,ספגטיני מס 3 MANTANINO,PASTIFICIO F.LLI,500 גרם,Other
7296073706526,לוף /כרישה (ק),"אליגם שיווק חקלאי בע""מ",1 יחידות,Other
7296073706540,שורש פטרוזיליה (ק),"אליגם שיווק חקלאי בע""מ",1 יחידות,Other
7296073706557,צנונית מארז (ק),"אליגם שיווק חקלאי בע""מ",400 גרם,Other
7296073706762,פסטה פוזילי PUMINO,PASTIFICIO F.LLI,500 גרם,Other
7296073706779,מקרוני 500 גרם PUMINO,PASTIFICIO F.LLI,500 גרם,Other
7296073706786,פסטה פנה ריגטה PUMINO,PASTIFICIO F.LLI,500 גרם,Other
7296073706793,ספגטי מספר 5 PUMINO,PASTIFICIO F.LLI,500 גרם,Other
7296073706809,ספגטיני מספר 3 PUMINO,PASTIFICIO F.LLI,500 גרם,Other
7296073706892,שמן זרעי ענבים מזוכך750מ,---,750 מיליליטר,Sauces & Spreads
7296073706922,סלרי עלים חתוך (ק),"אליגם שיווק חקלאי בע""מ",1 יחידות,Other
7296073706939,סלרי עלים (ק),יראון,1 יחידות,Other
7296073707301,טונה בשמן סוריניה 3*80,פילטונה,240 גרם,Meat & Fish
7296073707325,פסטה פנה 500 גרם MANTINI,אורורה אל.טי.די,500 גרם,Other
7296073707332,פסטה פוסילי 500ג MANTINI,אורורה אל.טי.די,500 גרם,Other
7296073707349,פסטה אלבו 500ג MANTINI,אורורה אל.טי.די,500 גרם,Other
7296073707356,ספגטי 500 גרם MANTINI,אורורה אל.טי.די,500 גרם,Other
7296073707431,חיתולי במבינו34יח מידה5,די.פי.אל תעשיות מוצרים ח,1 יחידות,Other
7296073707448,חיתולי במבינו 40יח מידה4,די.פי.אל תעשיות מוצרים ח,1 יחידות,Other
7296073707455,חיתולי במבינו 50יח מידה3,די.פי.אל תעשיות מוצרים ח,1 יחידות,Other
7296073707462,חיתולי במבינו38יח מידה4+,די.פי.אל תעשיות מוצרים ח,1 יחידות,Other
7296073707479,חיתולי במבינו 30יח מידה6,די.פי.אל תעשיות מוצרים ח,1 יחידות,Other
7296073707509,יין רוזה חצי יבש ארד750מ,יקבי ירושלים,750 מיליליטר,Drinks
7296073707516,יין לבן חצי יבש ארד750מ,יקבי ירושלים,750 מיליליטר,Drinks
7296073707523,יין מרלו 2025 אשבל750מ,יקבי ירושלים,750 מיליליטר,Drinks
7296073707530,רוזה חצי יבש אשבל 750מל,יקבי ירושלים,750 מיליליטר,Other
7296073707547,יין לבן חצי יבש אשבל750מ,יקבי ירושלים,750 מיליליטר,Drinks
7296073707554,קברנה סוביניון 750מ ארד,יקבי ירושלים,750 מיליליטר,Other
7296073707561,קברנה סובניון2025אשבל750,יקבי ירושלים,750 מיליליטר,Other
7296073707578,יין אדום מרלו ארד 750מ,יקבי ירושלים,750 מיליליטר,Drinks
7296073707707,בישקוטים 200 גרם Tulino,‎ biscottifcio verona s,200 גרם,Other
7296073707769,סלרי עלים חתוך (ק),"אליגם שיווק חקלאי בע""מ",1 יחידות,Other
7296073707790,ופלים בטעם אגוזים 500 גר,"מנעמים תעשיות מזון בע\""מ",500 גרם,Snacks
7296073707806,גומי מוברק מיקס קופסא280,דין שיווק,280 גרם,Other
7296073707813,לקריץ מוברק מיקס קופס280,דין שיווק,280 גרם,Other
7296073707820,גומי מסוכר מיקס קופסא280,דין שיווק,280 גרם,Other
7296073707837,לקריץ מסוכר מיקס קופס280,דין שיווק,280 גרם,Other
7296073707899,פטריות חתוכות RINOTO 290,אוקצמפ אס.איי.אויי,290 גרם,Vegetables
7296073708308,פיתות אסליות 5*100גרם,מאפיית מעיין,500 גרם,Fruit
7296073708315,פיתות אסליות 10*100 גרם,מאפיית מעיין,1000 גרם,Fruit
7296073719496,לקט בסגנון אסייתי (ק),"פרסקו חצבה 2006 בע""מ",300 גרם,Other
7296073719502,חסה קיסר שטוף וחתוך (ק),"פרסקו חצבה 2006 בע""מ",200 גרם,Vegetables
7296073719519,לקט המושב (ק),"פרסקו חצבה 2006 בע""מ",350 גרם,Other
7296073719526,פרחי ברוקולי שטופים (ק),"פרסקו חצבה 2006 בע""מ",400 גרם,Vegetables
7296073719533,פרחי כרובית שטופים (ק),"פרסקו חצבה 2006 בע""מ",400 גרם,Vegetables
7296073719540,ברוקלי וכרובית שטופי (ק),"פרסקו חצבה 2006 בע""מ",400 גרם,Vegetables
7296073719618,"תמר מגהול ישראלי 1 ק""ג",הדקלאים,1 קילוגרם,Other
7296073720645,פסטה פוזילי 400 Poplino,אברומק אל.אל סי,400 גרם,Other
7296073720669,פסטה צדף 400 Poplino,אברומק אל.אל סי,400 גרם,Other
7296073720683,פסטה פנה ריגטה Poplino,אברומק אל.אל סי,400 גרם,Other
7296073720690,פסטה פרפלה 400 Poplino,אברומק אל.אל סי,400 גרם,Other
7296073720713,פסטה ספגטי 400 Poplino,אברומק אל.אל סי,400 גרם,Other
7296073722144,סלק עלים/מנגולד (ק),"פרסקו חצבה 2006 בע""מ",1 יחידות,Fruit
7296073722168,2מט.מיקרופייבר גדול VIVI,מ.א.ייצור וייבוא מטליות,1 יחידות,Other
7296073722175,מטלית מקרופיבר לרצפהVIVI,מ.א.ייצור וייבוא מטליות,1 יחידות,Other
7296073722182,3מטל.מקרופיבר למשטח VIVI,מ.א.ייצור וייבוא מטליות,1 יחידות,Other
7296073722212,6כריות יפניות לכלים VIVI,מ.א.ייצור וייבוא מטליות,1 יחידות,Other
7296073722229,3כריות יפניות דוצ VIVI,מ.א.ייצור וייבוא מטליות,1 יחידות,Other
7296073722236,3כריות קרצוף VIVI XL,מ.א.ייצור וייבוא מטליות,1 יחידות,Other
7296073722243,3כרית קרצוף נירוסטה VIVI,מ.א.ייצור וייבוא מטליות,1 יחידות,Other
7296073722250,כריות פלדה 3יח VIVI,מ.א.ייצור וייבוא מטליות,1 יחידות,Other
7296073722267,ברזלית 2 יחידות VIVI,מ.א.ייצור וייבוא מטליות,1 יחידות,Other
7296073722274,ש.אשפה לפח קטן 4*20 VIVI,מ.א.ייצור וייבוא מטליות,1 יחידות,Other
7296073722281,3סבוני אסלה לימון VIVI,מ.א.ייצור וייבוא מטליות,1 יחידות,Fruit
7296073722298,3 סבוני אסלה לבנדר VIVI,מ.א.ייצור וייבוא מטליות,1 יחידות,Other
7296073722342,מטליות לחות לרצפה50 VIVI,מ.א.ייצור וייבוא מטליות,1 יחידות,Other
7296073722359,10מ.רצפה בית מלון VIVI,מ.א.ייצור וייבוא מטליות,1 יחידות,Fruit
7296073722366,10מ.רצפה ניחוח מרכך VIVI,מ.א.ייצור וייבוא מטליות,1 יחידות,Other
7296073722496,מגבוני רצפה פרחי בר10 LU,טרופיקל דגיל תעשיות קוסמ,1 יחידות,Other
7296073722519,מגבוני רצפה מאסק 10י LU,טרופיקל דגיל תעשיות קוסמ,1 יחידות,Other
7296073722526,מגבונים לניקוי חיטוי3 LU,טרופיקל דגיל תעשיות קוסמ,1 יחידות,Other
7296073722533,מגבונים לבנדר 3*50י LU,טרופיקל דגיל תעשיות קוסמ,1 יחידות,Other
7296073722557,שמפו יומיומי לילד700מ ME,טרופיקל דגיל תעשיות קוסמ,700 מיליליטר,Other
7296073722564,מרכך לילדים 700מ ME,טרופיקל דגיל תעשיות קוסמ,700 מיליליטר,Other
7296073722571,שמפו לשיער רגיל+ויטמינים,טרופיקל דגיל תעשיות קוסמ,700 מיליליטר,Other
7296073722588,שמפו שיער יבש+שיאה700 ME,טרופיקל דגיל תעשיות קוסמ,700 מיליליטר,Other
7296073722595,שמפו בתוספת רוזמרין 700,טרופיקל דגיל תעשיות קוסמ,700 מיליליטר,Other
7296073722601,שמפו לשיקום+שמן קוקוס700,טרופיקל דגיל תעשיות קוסמ,700 מיליליטר,Sauces & Spreads
7296073722618,2 ב-1 שמפו ומרכך 700מ ME,טרופיקל דגיל תעשיות קוסמ,700 מיליליטר,Other
7296073722625,מרכך לשיער רגיל 700מ ME,טרופיקל דגיל תעשיות קוסמ,700 מיליליטר,Other
7296073722632,מרכך לכל סוגי השיער700ME,טרופיקל דגיל תעשיות קוסמ,700 מיליליטר,Other
7296073722649,מרכך לשיער יבש ופגום 700,טרופיקל דגיל תעשיות קוסמ,700 מיליליטר,Other
7296073722656,3 ב-1 לגבר 700מ ME,טרופיקל דגיל תעשיות קוסמ,700 מיליליטר,Other
7296073722663,ת.רחצה וניל דבש700מ ME,טרופיקל דגיל תעשיות קוסמ,700 מיליליטר,Sauces & Spreads
7296073722670,תחליב רחצה קלאסי700מ ME,טרופיקל דגיל תעשיות קוסמ,700 מיליליטר,Other
7296073722687,תחליב רחצה מרשמלו700מ ME,טרופיקל דגיל תעשיות קוסמ,700 מיליליטר,Other
7296073722694,תחליב רחצה מאסק700 ME,טרופיקל דגיל תעשיות קוסמ,700 מיליליטר,Other
7296073722700,תחליב רחצה ורד לבן 700מל,טרופיקל דגיל תעשיות קוסמ,700 מיליליטר,Dairy
7296073722717,נייר טואלט לח 3*40י XPO,דינמיק,1 יחידות,Other
7296073722724,מ.טואלט עור רגיש3*40 XPO,דינמיק,1 יחידות,Other
7296073722731,נייר טואלט לח 3*40י LU,דינמיק,1 יחידות,Other
7296073722748,נייר טואלט לח לילד 3י LU,דינמיק,1 יחידות,Other
7296073722816,קראנץ בטעם שוקולד 500 גר,אנטיקוביץ,500 גרם,Snacks
7296073722861,קראנץ שוקולד חלבה 500ג,אנטיקוביץ,500 גרם,Snacks
7296073722878,קראנץ בטעם קינמון 500גרם,אנטיקוביץ,500 גרם,Other
7296073722885,רוגלך בטעם שוקולד 400 גר,אנטיקוביץ,400 גרם,Snacks
7296073722892,רוגלך בטעם קינמון 400 גר,אנטיקוביץ,400 גרם,Other
7296073722915,שנייק בטעם קינמון 400 גר,אנטיקוביץ,400 גרם,Other
7296073722939,שנייק וניל 400 גרם,אנטיקוביץ,400 גרם,Other
7296073722953,כעכים עם שומשום400 בגדדי,"ש.א אנטקוביץ השקעות בע""מ",400 גרם,Other
7296073722977,כעכים עם שומשום 225 גרם,"ש.א אנטקוביץ השקעות בע""מ",225 גרם,Other
7296073723127,צמרוני אוזניים פלסטיק300,Z.K MEDICAL,1 יחידות,Other
7296073723134,צמרוני אוזניים מעץ 300י,Z.K MEDICAL,1 יחידות,Other
7296073723356,ממרח זיתים ירוקים 180 גר,"פרסקו חצבה 2006 בע""מ",180 גרם,Sauces & Spreads
7296073723400,ממרח זיתי קלמטה 180 גרם,"פרסקו חצבה 2006 בע""מ",180 גרם,Sauces & Spreads
7296073723417,ממרח עגבניות מיובשות 180,"פרסקו חצבה 2006 בע""מ",180 גרם,Sauces & Spreads
7296073723509,קטשופ 750 גרם VINCI,ר.ס חברה ליבוא ויצור מזו,750 גרם,Sauces & Spreads
7296073723561,גל כביסה 3 ליטר ירוק LU,גליל כימיקלים,3 ליטר,Other
7296073723578,גל כביסה 3 ליטר כחול LU,גליל כימיקלים,3 ליטר,Other
7296073723585,גל כביסה בייבי 3 ליטרLU,גליל כימיקלים,3 ליטר,Other
7296073723592,גל לכביסה צבעונית 3ל LU,גליל כימיקלים,3 ליטר,Other
7296073723615,גל לכביסה ירוק 5 ליטרLU,גליל כימיקלים,5 ליטר,Other
7296073723691,5ב1גל כביסה כחול 2ל LU,גליל כימיקלים,2 ליטר,Other
7296073723707,5ב1גל כביסה ירוק 2ל LU,גליל כימיקלים,2 ליטר,Other
7296073723714,5ב1גל כביסה בייבי 2ל LU,גליל כימיקלים,2 ליטר,Other
7296073723721,מ.כביסה מרוכז לבן1ל LU,גליל כימיקלים,1 ליטר,Dairy
7296073723745,מ.כביסה מרוכז זהב 1ל LU,גליל כימיקלים,1 ליטר,Other
7296073723752,מ.כביסה מרוכז ורוד 1ל LU,גליל כימיקלים,1 ליטר,Other
7296073723769,מ.כביסה מרוכז כחול 1ל LU,גליל כימיקלים,1 ליטר,Other
7296073723776,מ.כביסה מרוכז בייבי1ל LU,גליל כימיקלים,1 ליטר,Other
7296073723783,מרכך כביסה ורוד 4ל LU,גליל כימיקלים,4 ליטר,Other
7296073723790,מרכך כביסה כחול 4ל LU,גליל כימיקלים,4 ליטר,Other
7296073723806,מרכך כביסה סגול 4ל LU,גליל כימיקלים,4 ליטר,Other
7296073723813,מרכך כביסה בייבי 4ל LU,גליל כימיקלים,4 ליטר,Other
7296073723820,נוזל רצפה ורוד 2ל LU,גליל כימיקלים,2 ליטר,Other
7296073723837,נוזל רצפות לבן 2ל LU,גליל כימיקלים,2 ליטר,Dairy
7296073723844,נוזל רצפות כחול 2ל LU,גליל כימיקלים,2 ליטר,Other
7296073723868,נוזל רצפות ורוד 4ל LU,גליל כימיקלים,4 ליטר,Other
7296073723875,נוזל רצפות כחול 4ל LU,גליל כימיקלים,4 ליטר,Other
7296073723882,נוזל לניקוי חלונות 1ל LU,גליל כימיקלים,1 ליטר,Other
7296073723899,מרסס מסיר אבנית 750מ LU,גליל כימיקלים,750 מיליליטר,Other
7296073723905,מרסס מסיר שומנים750מל LU,גליל כימיקלים,750 מיליליטר,Other
7296073723912,מרסס אקונומיקה750מ LU,גליל כימיקלים,750 מיליליטר,Other
7296073723929,מרסס אנטיבקטריאלי750מ LU,גליל כימיקלים,750 מיליליטר,Other
7296073723936,"מרסס מסיר עובש750מ""ל LU",גליל כימיקלים,750 מיליליטר,Other
7296073723943,מבשם בדים750מ SOFT LU,גליל כימיקלים,750 מיליליטר,Other
7296073723950,מבשם בדים750מ ROSE LU,גליל כימיקלים,750 מיליליטר,Other
7296073723967,מסיר כתמים750 Stain LU,גליל כימיקלים,750 מיליליטר,Other
7296073723998,נוזל כלים לימון750מ LU,גליל כימיקלים,750 מיליליטר,Fruit
7296073724001,נוזל כלים תפוח750מ LU,גליל כימיקלים,750 מיליליטר,Fruit
7296073724018,נוזל כלים לימון1.5ל LU,גליל כימיקלים,1.5 ליטר,Fruit
7296073724025,נוזל כלים תפוח1.5ל LU,גליל כימיקלים,1.5 ליטר,Fruit
7296073724032,נוזל כלים תפוח1ל LU,גליל כימיקלים,1 ליטר,Fruit
7296073724049,נוזל כלים לימון1ל LU,גליל כימיקלים,1 ליטר,Fruit
7296073724056,קפס.לכביסה ירוק 36יח LU,גליל כימיקלים,1 יחידות,Other
7296073724070,קפס.למדיח50י Crystal LU,גליל כימיקלים,1 יחידות,Other
7296073724094,גל אורנים לניקוי1ל LU,גליל כימיקלים,1 ליטר,Other
7296073724100,דלי מגבונים לניקוי400יLU,גליל כימיקלים,1 יחידות,Other
7296073724117,אבקת כביסה אקטיב1.25ק LU,גליל כימיקלים,1.25 קילוגרם,Other
7296073724124,אבקת כביסה אקטיב 7קג LU,גליל כימיקלים,7 קילוגרם,Other
7296073724131,אבקת כביסה בייבי 2.5ק LU,גליל כימיקלים,2.5 קילוגרם,Other
7296073724148,ממרח אגוזי לוז וקקאו 350,נטרה מלה נ.ו,350 גרם,Sauces & Spreads
7296073724506,"מיץ לימון משומר 200 מ""ל",LIOTTI,200 מיליליטר,Drinks
7296073724537,"מיץ לימון משומר 500 מ""ל",LIOTTI,500 מיליליטר,Drinks
7296073724544,מיץ לימון טבעי זכוכית250,LIOTTI,250 מיליליטר,Drinks
7296073724728,ס.מייפל אורגני 250מ גרין,נוקומיס,250 מיליליטר,Other
7296073724803,10קפסולות קפה עוצמה 8,גימוקה גרופ,55 גרם,Drinks
7296073724841,10קפסולות קפה נטול קפאין,גימוקה גרופ,55 גרם,Drinks
7296073724858,10קפסולות קפה עוצמה 15,גימוקה גרופ,55 גרם,Drinks
7296073724865,10קפסולות קפה עוצמה 10,גימוקה גרופ,55 גרם,Drinks
7296073724872,10קפסולות קפה עוצמה 6,גימוקה גרופ,10 גרם,Drinks
7296073724971,מגבונים לחים לתינוק6*72י,די.פי.אל,1 יחידות,Other
7296073725275,וופלים מצופים שוקול40*20,מנעמים,800 גרם,Snacks
7296073725367,סלט חומוס+מסבחה 400ג,סלטי שמיר,400 גרם,Sauces & Spreads
7296073725374,סלט חומוס+טחינה 400 גרם,סלטי שמיר,400 גרם,Sauces & Spreads
7296073725381,חומוס אבו גוש 250 גרם,סלטי שמיר,250 גרם,Sauces & Spreads
7296073725398,חומוס מסבחה 250 גרם,סלטי שמיר,250 גרם,Sauces & Spreads
7296073725404,חומוס מסעדות 250 גרם,סלטי שמיר,250 גרם,Sauces & Spreads
7296073725411,חציל במיונז 250 גרם,סלטי שמיר,250 גרם,Sauces & Spreads
7296073725428,רצועות פלפל 250 גרם,סלטי שמיר,250 גרם,Prepared
7296073725435,סלט טחינה 250 גרם,סלטי שמיר,250 גרם,Sauces & Spreads
7296073725442,סלט חציל בטעם כבד 250גרם,סלטי שמיר,250 גרם,Meat & Fish
7296073725459,סלט חציל תאילנדי 250 גרם,סלטי שמיר,250 גרם,Prepared
7296073725466,סלט טחינה 400 גרם,סלטי שמיר,400 גרם,Sauces & Spreads
7296073725473,סלט כרוב אדום 400 גרם,סלטי שמיר,400 גרם,Prepared
7296073725480,סלט חציל במיונז 400 גרם,סלטי שמיר,400 גרם,Sauces & Spreads
7296073725497,חצילים על האש 400ג,סלטי שמיר,400 גרם,Prepared
7296073725503,חציל בטחינה 400 גרם,סלטי שמיר,400 גרם,Sauces & Spreads
7296073725510,סלט מטבוחה פיקנטי 400 גר,סלטי שמיר,400 גרם,Prepared
7296073725527,רצועות סלק 400 גרם,סלטי שמיר,400 גרם,Prepared
7296073725534,"סלט תפו""א 400 גרם",סלטי שמיר,400 גרם,Prepared
7296073725541,סלט גזר מרוקאי 400 גרם,סלטי שמיר,400 גרם,Prepared
7296073725558,סלט קולסלאו 400 גרם,סלטי שמיר,400 גרם,Prepared
7296073725565,חומוס אסלי 400 גרם,סלטי שמיר,400 גרם,Sauces & Spreads
7296073725589,חומוס 700 גרם,סלטי שמיר,700 גרם,Sauces & Spreads
7296073725596,סלט טונה עם ירקות 250 גר,סלטי שמיר,250 גרם,Meat & Fish
7296073725619,סלט ביצים 250 גרם,סלטי שמיר,250 גרם,Prepared
7296073725633,מטבוחה פיקנטית 250 גרם,סלטי שמיר,250 גרם,Prepared
7296073725640,מעדן חצילים 250 גרם,סלטי שמיר,250 גרם,Dairy
7296073725657,סלט טורקי 250 גרם,סלטי שמיר,250 גרם,Prepared
7296073725923,"אורז יסמין 1 ק""ג RIZELLE",SUNRISE INS LTD,1 קילוגרם,Other
7296073725930,"אורז בסמטי 1 ק""ג ARNO",LT FOODS LIMITED,1 קילוגרם,Other
7296073725947,פתיתים אפויים קוסקוס 500,שיבולים בני דרום,500 גרם,Other
7296073725954,פתיתים אפויים אורז 500 ג,שיבולים בני דרום,500 גרם,Other
7296073726104,עלי חסה לאליק שטופים (ק),"פרסקו חצבה 2006 בע""מ",180 גרם,Vegetables
7296073726111,קרם קוקוס 21-22% 400מ FU,THAI COCONUT,400 מיליליטר,Other
7296073726128,"נוזל קוקוס 400 מ""ל FU",THAI COCONUT,400 מיליליטר,Other
7296073726272,איולי שום 250 גרם,"פרסקו חצבה 2006 בע""מ",250 גרם,Other
7296073726296,איולי פסטו 250 גרם,"פרסקו חצבה 2006 בע""מ",250 גרם,Other
7296073726326,איולי עשבי תיבול 250 גרם,"פרסקו חצבה 2006 בע""מ",250 גרם,Other
7296073726333,איולי לימון 250 גרם,"פרסקו חצבה 2006 בע""מ",250 גרם,Fruit
7296073726340,איולי חריף 250 גרם,"פרסקו חצבה 2006 בע""מ",250 גרם,Other
7296073726494,דאו.פלורל 150מ LAMOON,סאסא קוסמטיקס,150 מיליליטר,Other
7296073726500,דאו.קוטון 150מ LAMOON,סאסא קוסמטיקס,150 מיליליטר,Other
7296073726517,דאו.אקווה150מל LAMOON,סאסא קוסמטיקס,150 מיליליטר,Other
7296073726524,דאו.פיור 150מ LAMOON,---,150 מיליליטר,Other
7296073726562,שוקלד מריר ללתס100 DUBRO,דליקה איי.גי,100 גרם,Other
7296073726593,שוקולד חלב+אגוז ללתס100ג,דליקה איי.גי,100 גרם,Snacks
7296073727842,פסטרמה מעושנת במעשנה 300,מוצרי עוף טוב,300 גרם,Meat & Fish
7296073727859,פסטרמה מקורמלת בדבש300ג,מוצרי עוף טוב,300 גרם,Sauces & Spreads
7296073727866,פסטרמה צרובה על הגריל300,מוצרי עוף טוב,300 גרם,Meat & Fish
7296073727873,פסטרמה ברביקיו 300 גרם,מוצרי עוף טוב,300 גרם,Meat & Fish
7296073727880,פסטרמה 4 סוגי פלפלים 300,מוצרי עוף טוב,300 גרם,Meat & Fish
7296073727903,פסטרמה בסגנון רומני300ג,מוצרי עוף טוב,300 גרם,Meat & Fish
7296073727910,זוג נקניק סלמי+פסטרמה700,מוצרי עוף טוב,700 גרם,Meat & Fish
7296073727941,נקניק סלמי תה פרוס 500 ג,מוצרי עוף טוב,500 גרם,Drinks
7296073727958,נקניקיות 400 גרם,מוצרי עוף טוב (2001) בע\,400 גרם,Meat & Fish
7296073727965,"נקניקיות עוף 1 ק""ג",מוצרי עוף טוב,1 קילוגרם,Meat & Fish
7296073728313,אבקת כביסה אקטיב 2.5קג,גליל כימיקלים,2.5 קילוגרם,Other
7296073728665,נקנקיות מרגז פרימיום 400,"זהר בשר עופות ובשר בע""מ",400 גרם,Meat & Fish
7296073728672,קציצות המבורגר 400 גרם,"זהר בשר עופות ובשר בע""מ",400 גרם,Meat & Fish
7296073728689,נקנקיו.מיני מרגז400אסדור,"זהר בשר עופות ובשר בע""מ",400 גרם,Meat & Fish
7296073728696,קבב אסאדו 400 גרם,"זהר בשר עופות ובשר בע""מ",400 גרם,Meat & Fish
7296073728702,מיני המבורגר אנטריקוט400,"זהר בשר עופות ובשר בע""מ",400 גרם,Meat & Fish
7296073728795,פלפל שחור גרוס במיכל90ג,תבליני טעם וריח,90 גרם,Vegetables
7296073728801,פלפל שחור טחון במיכל 100,תבליני טעם וריח,100 גרם,Vegetables
7296073728818,פפריקה מתוקה במיכל 100ג,תבליני טעם וריח,100 גרם,Other
7296073728825,שום גבישי במיכל גדול120ג,תבליני טעם וריח,120 גרם,Other
7296073728832,כורכום במיכל גדול 100 גר,תבליני טעם וריח,100 גרם,Other
7296073728849,גריל עוף במיכל גדול120ג,תבליני טעם וריח,120 גרם,Meat & Fish
7296073728856,כמון במיכל גדול 100 גרם,תבליני טעם וריח,100 גרם,Other
7296073728863,קינמון טחון במיכל גדול90,תבליני טעם וריח,90 גרם,Other
7296073728870,זעתר במיכל גדול 100 גרם,תבליני טעם וריח,100 גרם,Other
7296073728887,אורגנו במיכל גדול 40 גרם,תבליני טעם וריח,40 גרם,Other
7296073728894,צילי גרוס במיכל גדול70ג,תבליני טעם וריח,70 גרם,Other
7296073728900,תבלין שווארמה במיכל 100ג,תבליני טעם וריח,100 גרם,Sauces & Spreads
7296073728917,פפריקה מתוקה בשמן 400 גר,"תבליני טעם וריח בע\""מ",400 גרם,Other
7296073728924,פלפל שחור גרוס בשקית80ג,תבליני טעם וריח,80 גרם,Vegetables
7296073728931,פלפל שחור טחון בשקית80ג,תבליני טעם וריח,80 גרם,Vegetables
7296073728948,פפריקה מתוקה בשקית 80גרם,תבליני טעם וריח,80 גרם,Other
7296073728955,שום גבישי בשקית 80 גרם,תבליני טעם וריח,80 גרם,Other
7296073728962,כורכום טחון בשקית 80 גרם,תבליני טעם וריח,80 גרם,Other
7296073728979,גריל עוף בשקית 80 גרם,תבליני טעם וריח,80 גרם,Meat & Fish
7296073728986,מלח לימון בשקית 80 גרם,תבליני טעם וריח,80 גרם,Fruit
7296073728993,כמון טחון בשקית 80 גרם,תבליני טעם וריח,80 גרם,Other
7296073729006,אורגנו בשקית 20 גרם,תבליני טעם וריח,20 גרם,Other
7296073729112,טונה בשמן 4*140ג סבסטיאן,אס.קי פודס פבליק קומפני,560 גרם,Meat & Fish
7296073729129,טונה מי מלח4*140סבסטיאן,אס.קי פודס פבליק קומפני,560 גרם,Meat & Fish
7296073729136,טונה בשמן4*140ג SURINIA,אס.קי פודס פבליק קומפני,560 גרם,Meat & Fish
7296073729143,טונה מי מלח4*140 SURINIA,אס.קי פודס פבליק קומפני,560 גרם,Meat & Fish
7296073729501,מטבעות שוקולד חלב 36 גרם,פרניגוטי אס.פי.איי,36 גרם,Snacks
7296073730002,אטבי כביסה איכותיים 24 י,,1 יחידות,Other
7296073730194,שמפו לסירוק קל KIDS 700,"סאסאטק אגש""ח בע""מ",700 מיליליטר,Other
7296073730200,מרכך לסירוק קל KIDS 700,"סאסאטק אגש""ח בע""מ",700 מיליליטר,Other
7296073730767,שניצל עוף ביתי מעודן 700,מוצרי עוף טוב,700 גרם,Meat & Fish
7296073730774,שניצל דק ענק קריספי720ג,מוצרי עוף טוב,720 גרם,Meat & Fish
7296073730781,שניצל דק ענק שומשום720ג,מוצרי עוף טוב,720 גרם,Meat & Fish
7296073730798,שניצל מיני דינוזאור 600ג,מוצרי עוף טוב,600 גרם,Meat & Fish
7296073730804,שניצל מיני דובונים 600ג,מוצרי עוף טוב,600 גרם,Meat & Fish
7296073730811,מקלוני שניצל שומשום 600,מוצרי עוף טוב,600 גרם,Meat & Fish
7296073730828,שניצלונים 600 גרם,מוצרי עוף טוב,600 גרם,Meat & Fish
7296073730835,שניצלונים שומשום 600 גרם,מוצרי עוף טוב,600 גרם,Meat & Fish
7296073730859,"רוטב ישראלי לסלט 300 מ""ל","פרסקו חצבה 2006 בע\""מ",300 מיליליטר,Sauces & Spreads
7296073730866,רוטב אלף האיים לסלט 300,"פרסקו חצבה 2006 בע\""מ",300 גרם,Sauces & Spreads
7296073730873,רוטב ויניגרט חרדל 300ג,"פרסקו חצבה 2006 בע\""מ",300 גרם,Sauces & Spreads
7296073730880,רוטב ויניגרט הדרים 300ג,"פרסקו חצבה 2006 בע\""מ",300 גרם,Sauces & Spreads
7296073730965,שמן זית כתית XO מטאו500מ,CAVANNA OLI SNC,500 מיליליטר,Sauces & Spreads
7296073730972,"קוסקוס בינוני 1 ק""ג דרנא",BIA S.P.A,1 קילוגרם,Other
7296073731498,"דפי אורז 22 ס""מ 400ג FU",SUNRISE INS LTD,400 גרם,Other
7296073731504,"רוטב צילי מתוק 700 מ""ל",הלטי פוד פרודקטס קו. אל.,700 מיליליטר,Sauces & Spreads
7296073731566,קוביות עגבני3*400 LIVATO,DAVIA S.P.A,,Vegetables
7296073731573,עגבניות שלמ2*400ג LIVATO,DAVIA S.P.A,800 גרם,Vegetables
7296073731634,כעכים פריכים 400 גרם,אנטיקוביץ,400 גרם,Other
7296073731641,כעכים עם מלח 400 גרם,אנטיקוביץ,400 גרם,Other
7296073731665,תירס גמדי שלם 410 גרם,THE PEACE CANNING,410 גרם,Vegetables
7296073731672,צנימים טבעי324ג MONRO,FETTE DI SOLE SRL,324 גרם,Other
7296073731689,צנימים מקמח מלא324 MONRO,FETTE DI SOLE SRL,324 גרם,Other
7296073731696,שקיות אוכל 2*150י LU,---,1 יחידות,Other
7296073731702,שקיות רב שימושיות300י LU,---,1 יחידות,Other
7296073731719,שקיות אשפהSריחניות50 LU,קונברטינג,1 יחידות,Other
7296073731726,50שקיות אשפהXXL LU,קונברטינג,1 יחידות,Other
7296073731733,25שקיות אשפהXXL+ידית LU,קונברטינג,1 יחידות,Other
7296073731740,20שקיות אשפהXXL+ידיות LU,קונברטינג,1 יחידות,Other
7296073731757,שקיות אשפהL+שרוך30י LU,קונברטינג,1 יחידות,Other
7296073731764,ש.אשפהL ריחני+שרוך40 LU,קונברטינג,1 יחידות,Other
7296073731771,ש.אשפהXL ריחניות2*15 LU,קונברטינג,1 יחידות,Other
7296073731788,ש.אשפהXXL+שרוך2*10י LU,קונברטינג,1 יחידות,Other
7296073731795,שקיות אשפהL+שרוך60 LU,קונברטינג,1 יחידות,Other
7296073731801,שקיות אשפה L+שרוךLU 55,קונברטינג,1 יחידות,Other
7296073731818,שקיות אשפהXXL+שרוך20י LU,קונברטינג,1 יחידות,Other
7296073731825,שקיות אשפה L+שרוך100 LU,קונברטינג,1 יחידות,Other
7296073731832,גבינת גאודה פרוסה 200 גר,ג.וילי פוד אינטרנשיונל ב,200 גרם,Dairy
7296073731849,גבינת גאודה פרוסה 400ג,ג.וילי פוד אינטרנשיונל ב,400 גרם,Dairy
7296073731856,גבינת גאודה פרוסה 600ג,ג.וילי פוד אינטרנשיונל ב,600 גרם,Dairy
7296073731863,גבינת גאודה פרוסה 800ג,ג.וילי פוד אינטרנשיונל ב,800 גרם,Dairy
7296073731870,גאודה מגורדת 200 גרם,ג.וילי פוד אינטרנשיונל ב,200 גרם,Other
7296073731887,גבינת גאודה מגורדת 500 ג,ג.וילי פוד אינטרנשיונל ב,500 גרם,Dairy
7296073731894,מוצרלה פרוסה 200 גרם,ג.וילי פוד אינטרנשיונל ב,200 גרם,Dairy
7296073731900,מוצרלה מגורדת 300 גרם,ג.וילי פוד אינטרנשיונל ב,300 גרם,Dairy
7296073731917,פיצה מרגריטה 320 גרם,מוטלוקל גידה סאנאי טיקרט,320 גרם,Prepared
7296073731924,פיצה מרגריטה+זיתים 320ג,מוטלוקל גידה סאנאי טיקרט,320 גרם,Prepared
7296073732037,גרעיני תירס מתוק 3*175 ג,אקו קונסרויפרי קי.אפ.טי.,525 גרם,Vegetables
7296073732426,קוואקר דק 500ג MONRO,מיה תעשיות מזון מ.ת.מ. ב,500 גרם,Other
7296073732433,קוואקר עבה 500ג MONRO,מיה,500 גרם,Other
7296073732648,אפונת גינה וגזר 550 גרם,"א.א.א שימורי עדן בע\""מ",550 גרם,Vegetables
7296073732655,אפונת גינה550ג בית יהודה,"א.א.א שימורי עדן בע\""מ",550 גרם,Other
7296073732662,גרעיני פול550ג בית יהודה,"א.א.א שימורי עדן בע\""מ",550 גרם,Other
7296073732679,גרגרי חומוס550 בית יהודה,"א.א.א שימורי עדן בע\""מ",550 גרם,Sauces & Spreads
7296073732686,שעועית+רוטב580 בית יהודה,"א.א.א שימורי עדן בע\""מ",580 גרם,Sauces & Spreads
7296073732693,קפס.לכביסה כחול 36יח LU,גליל כימיקלים,1 יחידות,Other
7296073732709,נייר טישו 5*100יח LAMOON,HKH,1 יחידות,Other
7296073732891,קפסולות XXL לכביסה60 LU,גליל כימיקלים,1 יחידות,Other
7296073732907,שמפו קרטין 1ל La Moon,קריסטליין,1 ליטר,Other
7296073732914,מרכך קרטין 907מל La Moon,קריסטליין,907 מיליליטר,Other
7296073732921,מסכת קרטין 400מל לה מון,קריסטליין,400 מיליליטר,Other
7296073732938,שמפו שיבו.שועל1ל La Moon,קריסטליין,1 ליטר,Other
7296073732945,מרכך ש.שועל907מ La Moon,קריסטליין,907 מיליליטר,Other
7296073732952,מסכת מלפפון ותה ירוק400מ,קריסטליין,400 מיליליטר,Vegetables
7296073732969,שמפו מלפפון תה1ל La Moon,קריסטליין,1 ליטר,Drinks
7296073732976,מרכך מלפפון תה907מ להמון,קריסטליין,907 מיליליטר,Drinks
7296073733010,מרכך נגד קשקשים מנטול500,SEA OF SPA LABS LTD,500 מיליליטר,Other
7296073733027,שמפו קלאסי נגד קשקשים500,SEA OF SPA LABS LTD,500 מיליליטר,Other
7296073733034,שמפו מנטול נגד קשקש500מ,SEA OF SPA LABS LTD,500 מיליליטר,Other
7296073733041,"שמפו קיק 400מ""ל סרה",SEA OF SPA LABS LTD,400 מיליליטר,Other
7296073733058,קרם לחות קרטין400מ סרה,SEA OF SPA LABS LTD,400 מיליליטר,Other
7296073733065,שמפו קרטין 400מ סרה,SEA OF SPA LABS LTD,400 מיליליטר,Other
7296073733072,מסכת קרטין לשיער500מ סרה,SEA OF SPA LABS LTD,500 מיליליטר,Other
7296073733089,"מרכך קרטין 400 מ""ל סרה",SEA OF SPA LABS LTD,400 מיליליטר,Other
7296073733096,מרכך שמן קיק400מ סרה,SEA OF SPA LABS LTD,400 מיליליטר,Sauces & Spreads
7296073733133,נוזל לשואב שוטף 1.5ל LU,גליל כימיקלים,1.5 ליטר,Other
7296073733140,מגבוני טואלט 5*48יח XPO,דינמיק תעשיות מגבונים,1 יחידות,Other
7296073733157,מגבוני טואלט 5*48 יח LU,דינמיק תעשיות מגבונים,1 יחידות,Other
7296073733263,"אפונה 1 ק""ג",הנמל אריזות ושיווק בעמ,1 קילוגרם,Other
7296073733270,אפונה 500 גרם,יבוא ושיווק: הנמל אריזות,500 גרם,Other
7296073733287,"בורגול 1 ק""ג",הנמל אריזות ושיווק בעמ,1 קילוגרם,Other
7296073733294,גריסי פנינה 500 גרם,יבוא ושיווק: הנמל אריזות,500 גרם,Other
7296073733300,"גריסי פנינה 1 ק""ג",הנמל אריזות ושיווק בעמ,1 קילוגרם,Other
7296073733317,"חומוס 1 ק""ג",הנמל אריזות ושיווק בעמ,1 קילוגרם,Sauces & Spreads
7296073733324,חומוס 500 גרם,יבוא ושיווק: הנמל אריזות,500 גרם,Sauces & Spreads
7296073733331,חומוס ענק 500 גרם,יבוא ושיווק: הנמל אריזות,500 גרם,Sauces & Spreads
7296073733348,"חומוס ענק 1 ק""ג",הנמל אריזות ושיווק בעמ,1 קילוגרם,Sauces & Spreads
7296073733355,חיטה 500 גרם,יבוא ושיווק: הנמל אריזות,500 גרם,Other
7296073733362,"חיטה 1 ק""ג המושבה",הנמל אריזות ושיווק בעמ,1 קילוגרם,Other
7296073733379,כוסמת 500 גרם,יבוא ושיווק: הנמל אריזות,500 גרם,Other
7296073733386,"כוסמת 1 ק""ג",הנמל אריזות ושיווק בעמ,1 קילוגרם,Other
7296073733393,עדשים אדומות 500 גרם,יבוא ושיווק: הנמל אריזות,500 גרם,Other
7296073733409,"עדשים אדומות 1 ק""ג",הנמל אריזות ושיווק בעמ,1 קילוגרם,Other
7296073733416,"עדשים ירוקות 1 ק""ג",הנמל אריזות ושיווק בעמ,1 קילוגרם,Other
7296073733423,עדשים ירוקות 500 גרם,הנמל,500 גרם,Other
7296073733430,עדשים שחורות 500 גרם,הנמל,1 יחידות,Other
7296073733447,גרעיני תירס לפופקורן 500,יבוא ושיווק: הנמל אריזות,500 גרם,Snacks
7296073733454,גרעיני תירס לפופקורן 1 ק,הנמל אריזות ושיווק בעמ,1 קילוגרם,Snacks
7296073733461,שעועית לבנה 500 גרם,הנמל,500 גרם,Other
7296073733478,"שעועית לבנה 1 ק""ג",הנמל אריזות ושיווק בעמ,1 קילוגרם,Other
7296073733485,שומשום 200 גרם,הנמל אריזות ושיווק בעמ,200 גרם,Other
7296073733492,שומשום 400 גרם,הנמל אריזות ושיווק בעמ,400 גרם,Other
7296073733508,בורגול 500 גרם,יבוא ושיווק: הנמל אריזות,500 גרם,Other
7296073733515,קינואה 500 גרם,יבוא ושיווק: הנמל אריזות,500 גרם,Other
7296073733522,"קינואה 1 ק""ג",הנמל אריזות ושיווק בעמ,1 קילוגרם,Other
7296073733539,ת.רחצה קלאסי750מ לה מון,"פאר פארם בע""מ",750 מיליליטר,Other
7296073733546,ת.רחצה מלפפון750מ לה מון,"פאר פארם בע""מ",750 מיליליטר,Vegetables
7296073733553,ת.רחצה שקדים750מ לה פלזר,"פאר פארם בע""מ",750 מיליליטר,Other
7296073733560,ת.חלב דבש750מ לה פלזר,"פאר פארם בע""מ",750 מיליליטר,Sauces & Spreads
7296073733577,גל רחצה פאוני750 לה פלזר,"פאר פארם בע""מ",750 מיליליטר,Other
7296073733584,גל רחצה ארומה גארד750מל,"פאר פארם בע""מ",750 מיליליטר,Other
7296073733591,גל רחצה מרענן750לה פלזר,"פאר פארם בע""מ",750 מיליליטר,Other
7296073733607,גל רחצה ילנג750 לה פלזר,"פאר פארם בע""מ",750 מיליליטר,Other
7296073733799,עלי גפן ממולאים באורז400,אל רהאב גרופ תעשיות מזון,400 גרם,Other
7296073733805,אבקת כביסה אקטיב2.5ק LU,גליל כימיקלים,2.5 קילוגרם,Other
7296073733850,ת.רחצה וניל750מ לה פלזר,"פאר פארם בע""מ",750 מיליליטר,Other
7296073733881,3ב1 לגבר פאוור700מ סיישל,סאסא קוסמטיקס,700 מיליליטר,Other
7296073733898,3ב1 לגבר אנרגי700מ סיישל,סאסא קוסמטיקס,700 מיליליטר,Other
7296073733911,מגבוני רענון 5*15 דפים,דינמיק,1 יחידות,Other
7296073733928,נ.פרקט בית מלון2ל LU,גליל כימיקלים,2 ליטר,Fruit
7296073733935,מרכך לכביסה עדינה 1 ליטר,גליל כימיקלים,1 ליטר,Other
7296073734116,בצל ירוק,קטיף.,1 יחידות,Vegetables
7296073734123,מ.כביסה בייבי תכלת1ל,גליל כימיקלים,1 ליטר,Other
7296073734345,טחינה גולמית 500ג המערה,"אחדות ביח""ר לטחינה",500 גרם,Sauces & Spreads
7296073734352,"קטשופ 1 ק""ג PUMINO",MLADEGS PAK D.O.O,1 קילוגרם,Sauces & Spreads
7296073734376,קפסולות למדיח זהב 50י LU,גליל כימיקלים,1 יחידות,Other
7296073734895,ציפס קלאסי1.5 סבא שמעון,פריניר,1.5 קילוגרם,Snacks
7296073734901,ציפס אמריקאי1.5סבא שמעון,פריניר,1.5 קילוגרם,Snacks
7296073734918,ציפס זיגזג1.5ק סבא שמעון,פריניר,1.5 קילוגרם,Snacks
7296073734925,ציפס קלאסי2.5ק סבא שמעון,פריניר,2.5 קילוגרם,Snacks
7296073735014,סילאן לחיץ1.15שדה יהודה,AL BARAKAH DATES FACTORY,1.15 קילוגרם,Sauces & Spreads
7296073735021,זית ירוק+עש.תיבול215נריה,סאלביאני,215 גרם,Other
7296073735038,זית ירוק מבוקע215ג נריה,סאלביאני,215 גרם,Other
7296073735045,זית ירוק יווני מגולען190,סאלביאני,190 גרם,Other
7296073735052,זית ירוק+שום190ג נריה,סאלביאני,190 גרם,Other
7296073735069,זית קלמטה מגולען190 נריה,סאלביאני,190 גרם,Other
7296073735076,זית קלמטה+גלעין215ג נריה,סאלביאני,215 גרם,Other
7296073735106,פולי קפה עוצמה 14 450ג,רוני רגואן ושות 1986,450 גרם,Drinks
7296073735113,פולי קפה עוצמה 10 450ג,רוני רגואן ושות,450 גרם,Drinks
7296073735120,פולי קפה תערובת הבית 450,רוני רגואן ושות 1986,450 גרם,Drinks
7296073735137,אורז יסמין 5ק גונאם,סאנרייס איי אן סי קומפני,5 קילוגרם,Other
7296073735144,טונה במי מלח 4*140 גרם,פילטונה תעשייה ומסחר בע\,560 גרם,Meat & Fish
7296073735168,טונה בשמן צמחי 4*140 גרם,פילטונה תעשייה ומסחר בע\,560 גרם,Meat & Fish
7296073745334,גלילי ופל שוקולד145ג,הגביע,145 גרם,Snacks
7296073745341,גלילי ופל קרמל 145ג,הגביע,145 גרם,Snacks
7296073745358,גלילי ופל בייגלה 145ג,הגביע,145 גרם,Snacks
7296073745365,גלילי ופל אגוזים 145ג,הגביע,145 גרם,Snacks
7296073745372,עוגיות במילוי שוקולד 160,---,160 גרם,Snacks
7296073745396,עוגיות במילוי חלווה160ג,הגביע,160 גרם,Snacks
7296073745402,עוגיות במילוי אגוזים160ג,הגביע,160 גרם,Snacks
7296073745419,גליליות ופל למילוי 150 ג,הגביע,150 גרם,Snacks
7296073745440,"סירופ מייפל טבעי 250 מ""ל",נוקומיס,250 מיליליטר,Other
7296073745457,איולי ציפוטלה250שדה אדמה,"פרסקו חצבה 2006 בע\""מ",250 גרם,Other
7296073745549,חסה ציק ירוקה (ק),"פרסקו חצבה 2006 בע""מ",140 גרם,Vegetables
7296073746249,פפריקה מתוקה בשמן 400גרם,"תבליני טעם וריח בע\""מ",400 גרם,Other
7296073746256,ת.רחצה דיפ הדרי750לה מון,"פאר פארם בע""מ",750 מיליליטר,Other
7296073746263,ת.רחצה מי ורד750 לה מון,"פאר פארם בע""מ",750 מיליליטר,Other
7296073746287,טחינה גולמית 500ג נריה,אר גי אם תעשיות מזון,500 גרם,Sauces & Spreads
7296073746294,2ב1שמפו+מרכך500מ לה טט,SEA OF SPA LABS LTD,500 מיליליטר,Other
7296073746300,מסכת קיק לשיער500מ סרה,SEA OF SPA LABS LTD,500 מיליליטר,Other
7296073746317,קרם לחות קיק400מל סרה,SEA OF SPA LABS LTD,400 מיליליטר,Other
7296073746331,מרכך קלאסי נגד קשקשים500,SEA OF SPA LABS LTD,500 מיליליטר,Other
7296073746362,טונה בהירה בשמן 3*80 גרם,---,240 גרם,Meat & Fish
7296073746409,נוזל לכביסה ביד 1ל LU,גליל כימיקלים,1 ליטר,Other
7296073746485,שמן זית כתית 3ל נריה,CAVANNA OLI SNC,3 ליטר,Sauces & Spreads
7296073746515,4מגבוני.לתינוק98% במבינו,---,1 יחידות,Other
7296073746539,"סוכר לבן 1 ק""ג",KRAJOUN SPOKLA,1 קילוגרם,Dairy
7296073746546,פולי סויה שלמים1ק ירוקים,ZHEJIANG KINGSURE FOODS,1 קילוגרם,Other
7296073746553,פולי סויה שלם450ג ירוקים,ZHEJIANG KINGSURE FOODS,450 גרם,Other
7296073746577,בייגלה שמיניות+מלח45ג,מאיר את בייגל תעשיות בע\,45 גרם,Other
7296073746584,בייגלה שמניות עם מלח200ג,מאיר את בייגל תעשיות בע\,200 גרם,Other
7296073746607,בייגלה שטוח+מלח 200 גרם,מאיר את בייגל תעשיות בע\,200 גרם,Other
7296073746614,בייגלה שטוח שומשום 200ג,מאיר את בייגל תעשיות בע\,200 גרם,Other
7296073746621,בייגלה שטוח עם מלח 300ג,מאיר את בייגל תעשיות בע\,300 גרם,Other
7296073746638,בייגלה שטוח שומשום 300,מאיר את בייגל תעשיות בע\,300 גרם,Other
7296073746645,בייגלה שמיניות+שומשום300,מאיר את בייגל תעשיות בע\,300 גרם,Other
7296073746652,בייגלה אצבעות+שומשום300ג,מאיר את בייגל תעשיות בע\,300 גרם,Other
7296073746676,בייגלה שמיניות+מלח350ג,מאיר את בייגל תעשיות בע\,350 גרם,Other
7296073746690,בייגלה מקלות+מלח 350ג,מאיר את בייגל תעשיות בע\,350 גרם,Other
7296073746706,בייגלה שמיניותXL+מלח300ג,מאיר את בייגל תעשיות בע\,300 גרם,Other
7296073746713,בייגל שמניותXL+שומשום250,מאיר את בייגל תעשיות בע\,250 גרם,Other
7296073746782,גרעיני תירס3*175שדה אדמה,שאנדונג סאנגונגזו פוד,525 גרם,Vegetables
7296073747215,קבב מזרחי 400ג נתח בשרים,"ציון שמכה ובניו בע""מ",400 גרם,Meat & Fish
7296073747222,קבב רומני400ג נתח בשרים,"ציון שמכה ובניו בע""מ",400 גרם,Meat & Fish
7296073747239,קבב ביתי400ג נתח בשרים,"ציון שמכה ובניו בע""מ",400 גרם,Meat & Fish
7296073747246,המבורגר בקר400 נתח בשרים,"ציון שמכה ובניו בע""מ",400 גרם,Meat & Fish
7296073747291,המבורגר אנגוס500ג קרלוס,"ציון שמכה ובניו בע""מ",500 גרם,Meat & Fish
7296073747307,מיני בורגר אנגוס500קרלוס,"ציון שמכה ובניו בע""מ",500 גרם,Other
7296073747314,קבב ביתי 500ג קרלוס,"ציון שמכה ובניו בע""מ",500 גרם,Meat & Fish
7296073747321,קבב אנגוס חלק 500ג קרלוס,"ציון שמכה ובניו בע""מ",500 גרם,Meat & Fish
7296073747338,נקניקיות מרגז 500ג קרלוס,"ציון שמכה ובניו בע""מ",500 גרם,Meat & Fish
7296073747345,קבב טלה צנובר 500ג קרלוס,"ציון שמכה ובניו בע""מ",500 גרם,Meat & Fish
7296073747352,נקני.מיני מרגז500ג קרלוס,"ציון שמכה ובניו בע""מ",500 גרם,Other
7296073747369,נקניק.צוריסוס500ג קרלוס,"ציון שמכה ובניו בע""מ",500 גרם,Meat & Fish
7296073747390,קבב כבש וצנובר500 אסאדור,"זהר בשר עופות ובשר בע""מ",500 גרם,Meat & Fish
7296073747406,קבב אסאדו 500ג אסאדור,"זהר בשר עופות ובשר בע""מ",500 גרם,Meat & Fish
7296073747413,המבורגר אסאדו500ג אסאדור,"זהר בשר עופות ובשר בע""מ",500 גרם,Meat & Fish
7296073747420,נקניק.מיני מרגז500אסאדור,"זהר בשר עופות ובשר בע""מ",500 גרם,Meat & Fish
7296073747437,נקניקיות מרגז500ג אסאדור,"זהר בשר עופות ובשר בע""מ",500 גרם,Meat & Fish
7296073747444,מינ.בורגר אנגוס400אסאדור,"זהר בשר עופות ובשר בע""מ",400 גרם,Meat & Fish
7296073747451,נקניק.צוריסוס500 אסאדור,"זהר בשר עופות ובשר בע""מ",500 גרם,Meat & Fish
7296073747550,בשר עוף טחון קפוא500נתח,"ציון שמכה ובניו בע""מ",500 גרם,Frozen
7296073747567,בשר הודו טחון קפוא500נתח,"ציון שמכה ובניו בע""מ",500 גרם,Frozen
7296073747574,בשר בקר טחון קפוא500 נתח,"ציון שמכה ובניו בע""מ",500 גרם,Frozen
7296073747581,בשר בקר טחון קפוא1ק נתח,"ציון שמכה ובניו בע""מ",1 קילוגרם,Frozen
7296073747710,נקניק.פרנקפורט500ג קרלוס,"ציון שמכה ובניו בע""מ",500 גרם,Meat & Fish
7296073747727,שוקולד מריר מעולה100 פפה,דליקה איי.גי,100 גרם,Snacks
7296073747734,שוקולד חלב100ג פפה,דליקה איי.גי,100 גרם,Snacks
7296073747741,שוקולד לבן מעולה100ג פפה,דליקה איי.גי,100 גרם,Snacks
7296073747758,שוקולד מריר60% 100ג פפה,דליקה איי.גי,100 גרם,Snacks
7296073747765,שוקו.מריר אוורירי100 פפה,דליקה איי.גי,100 גרם,Drinks
7296073747772,שוקו.חלב אוורירי100ג פפה,דליקה איי.גי,100 גרם,Drinks
7296073747789,שוקו.מריר+אגוז לוז100פפה,דליקה איי.גי,100 גרם,Drinks
7296073747796,שוק.חלב+אגוז לוז100ג פפה,דליקה איי.גי,100 גרם,Dairy
7296073747802,שוקולד מריר75% 100ארנסטו,דליקה איי.גי,100 גרם,Snacks
7296073747819,שוקו.מריר פרימיום81% 100,DELICA,100 גרם,Drinks
7296073747826,שוקו.מריר 90% פרימיום100,DELICA,100 גרם,Drinks
7296073747833,קוסקוס דק 350 גרם דרנא,סיפה,350 גרם,Other
7296073747925,"רסק תפו""ע ללת""ס4*113גרין",גיאנגסו הויקינג פודס קו.,4 גרם,Other
7296073747932,רסק תפוחים4*113 ב.יהודה,גיאנגסו הויקינג פודס קו.,452 גרם,Fruit
7296073747949,לפתן אננס 4*113 ב.יהודה,גיאנגסו הויקינג פודס קו.,452 גרם,Fruit
7296073747963,קוקטיל פירות4*113ב.יהודה,גיאנגסו הויקינג פודס קו.,452 גרם,Fruit
7296073748175,עוגיות טעם חמאה500ג ניני,אנטיקוביץ,500 גרם,Snacks
7296073748212,עוגיות אוזניים500ג ניני,אנטיקוביץ,500 גרם,Snacks
7296073748229,עוגיות גרנולה 500ג ניני,אנטיקוביץ,500 גרם,Snacks
7296073748236,מיקס עוגיות כתר 500 גרם,אנטיקוביץ,500 גרם,Snacks
7296073748243,עוגיות כתר ריבה500ג ניני,אנטיקוביץ,500 גרם,Sauces & Spreads
7296073748250,מקלות מלוחים 500ג ניני,אנטיקוביץ,500 גרם,Other
7296073748267,עוגיות רייף 500ג ניני,אנטיקוביץ,500 גרם,Snacks
7296073748274,רולדה במילוי תמר500 ניני,אנטיקוביץ,500 גרם,Other
7296073748281,עוגיות מרוקאיות 500 גרם,אנטיקוביץ,500 גרם,Snacks
7296073748298,עוגיו.מעמול תמר500ג ניני,אנטיקוביץ,500 גרם,Snacks
7296073748304,כעכים מלוח+שומשום500ניני,אנטיקוביץ,500 גרם,Other
7296073748311,עוגיו.רשת קינמון500 ניני,אנטיקוביץ,500 גרם,Snacks
7296073748328,שופרסל50 כוס שתיה חמה4OZ,HEFEI PAPER CUPS,1 יחידות,Other
7296073748335,שופרסל כוס שתיה חמה 8BOZ,HEFEI PAPER CUPS,1 יחידות,Other
7296073748342,שופרסל כוס שתיה חמה 10OZ,HEFEI PAPER CUPS,1 יחידות,Other
7296073748359,שופרסל כוס שתיה חמה 12OZ,HEFEI PAPER CUPS,1 יחידות,Other
7296073748786,אפרסק בסירופ820ג ב.יהודה,גיאנגסו יואהו פוד קו א,820 גרם,Fruit
7296073748809,פרוסות אננס850ג ב.יהודה,גיאנגסו יואהו פוד קו א,850 גרם,Fruit
7296073748878,סרדין בש.סויה125 מרסלו,זאנגזו זישאן פוד,125 גרם,Other
7296073748885,סרדין ש.סויה+פלפ125מרסלו,זאנגזו זישאן פוד,125 גרם,Other
7296073749196,"כפית ח""פ לבן 100 יחידות",MK,1 יחידות,Dairy
7296073749202,"מזלג ח""פ לבן 100 יחידות",MK,1 יחידות,Dairy
7296073749226,"כף ח""פ לבן 100 יחידות",MK,1 יחידות,Dairy
7296073749509,אריסה ביתי180ג שדה יהודה,"פרסקו חצבה 2006 בע\""מ",180 גרם,Other
7296073749516,לימון באלדי180שדה יהודה,"פרסקו חצבה 2006 בע\""מ",180 גרם,Fruit
7296073749523,סחוג אדום180ג שדה יהודה,"פרסקו חצבה 2006 בע\""מ",180 גרם,Other
7296073749554,אל סבון מתקתק 950מל ME,טרופיקל דגיל תעשיות קוסמ,950 מיליליטר,Other
7296073749561,אל סבון מרגיע 950מל ME,טרופיקל דגיל תעשיות קוסמ,950 מיליליטר,Other
7296073749578,אל סבון אוקיינוס 950מ ME,טרופיקל דגיל תעשיות קוסמ,950 מיליליטר,Other
7296073749585,סבון ידיים 3*500מ ME,טרופיקל דגיל תעשיות קוסמ,1.5 ליטר,Other
7296073749622,קקאו 150 גרם MONRO,ר.ס חברה ליבוא ויצור מזו,150 גרם,Other
7296073749639,קקאו 450 גרם MONRO,ר.ס חברה ליבוא ויצור מזו,450 גרם,Other
7296073749646,אבקת שוקו בקופסא 500 גרם,ר.ס. חברה ליבוא וייצור מ,500 גרם,Drinks
7296073749653,אבקת שוקו 850 גרם,ר.ס. חברה ליבוא וייצור מ,850 גרם,Drinks
7296073749783,רוטב וינגרט כוסברה (ק),"פרסקו חצבה 2006 בע\""מ",1 יחידות,Sauces & Spreads
7296073749851,"אבקת מרק עוף 1 ק""ג",ר.ס. חברה ליבוא וייצור מ,1 קילוגרם,Meat & Fish
7296073749868,גבינת קממבר 32% 200 גרם,סאסו פטוראגס,200 גרם,Dairy
7296073749882,גאודה הולנדית 28% 150ג,או.אס.אמ פולין,150 גרם,Other
7296073750420,גליליות כהות למילוי150ג,הגביע,150 גרם,Other
7296073750437,"כפיות חד""פ קרם 50יחידות",YNGXN,1 יחידות,Other
7296073750444,"מזלגות חד""פ קרם50 יחידות",YNGXN,1 יחידות,Other
7296073750451,"סכינים חד""פ קרם 50יחידות",YNGXN,1 יחידות,Other
7296073750468,"כפות חד""פ קרם50יחידות",YNGXN,1 יחידות,Other
7296073750949,"נורדיק סודה 24*250 מ""ל",החברה המרכזית לייצור משק,6 ליטר,Drinks
7296073751090,סלק עלים/מנגולד (ק),יבולי הבשור,1 יחידות,Fruit
7296073751380,"כפיות חד""פ שקוף 50 יחידו",YNGXN,1 יחידות,Other
7296073751397,"כפיות חד""פ לבן 50 יחידות",YNGXN,1 יחידות,Dairy
7296073751410,"מזלגות חד""פ לבן50 יחידות",YNGXN,1 יחידות,Dairy
7296073751427,"סכינים חד""פ שקוף50יחידות",YNGXN,1 יחידות,Other
7296073751434,"סכינים חד""פ לבן50יחידות",YNGXN,1 יחידות,Dairy
7296073751441,"כפות חד""פ שקוף50יחידות",YNGXN,1 יחידות,Other
7296073751458,"כפות חד""פ לבן50יחידות",YNGXN,1 יחידות,Dairy
7296073751618,נקניקיות עוף 400ג אסאדור,קורניש,400 גרם,Meat & Fish
7296073751625,נקניקיות עוף1ק אסאדור,קורניש,1 קילוגרם,Meat & Fish
7296073751632,נקניקיות עוף 1.5ק אסאדור,קורניש,1.5 קילוגרם,Meat & Fish
7296073751649,אצבע שניצל שומשם700 מאמו,קורניש,700 גרם,Meat & Fish
7296073751656,שניצלונים מעוצב700ג מאמו,קורניש,700 גרם,Meat & Fish
7296073751663,שניצל עוף 700 גרם מאמו,קורניש,700 גרם,Meat & Fish
7296073751670,שניצל עוף ביתי 700ג מאמו,קורניש,700 גרם,Meat & Fish
7296073751687,שניצל צונגו+שמשום700מאמו,קורניש,700 גרם,Meat & Fish
7296073751991,המבורגר בקר 400 גרם,טיבון ויל אחזקות בעמ,400 גרם,Meat & Fish
7296073752004,קבב רומני 400 גרם ר,טיבון ויל אחזקות בעמ,400 גרם,Meat & Fish
7296073752011,קבב ביתי 400 גרם,טיבון ויל אחזקות בעמ,400 גרם,Meat & Fish
7296073752028,קבב מזרחי 400 גרם,טיבון ויל אחזקות בעמ,400 גרם,Meat & Fish
7296073752059,שניצל אמריקאי700 מאמו,קורניש,700 גרם,Meat & Fish
7296073752097,פודינג וניל 80ג מאפית,ר.ס חברנ ליבוא וייצור מז,80 גרם,Other
7296073752110,פודינג וניל צרפת80 מאפית,ר.ס חברנ ליבוא וייצור מז,80 גרם,Other
7296073752905,סוכריות גומי תות 180 גרם,דין שיווק,180 גרם,Snacks
7296073752912,סוכריות גומי בננה 180 גר,דין שיווק,180 גרם,Snacks
7296073752929,סוכריות גומי דובונים 180,דין שיווק,180 גרם,Snacks
7296073752936,סוכריות גומי נחשים 180גר,דין שיווק,180 גרם,Snacks
7296073752943,סוכריות גומי לב אפרסק180,דין שיווק,1 יחידות,Snacks
7296073753025,מסיכת קרטין 300מל FABRE,סאסא קוסמטיקס,300 מיליליטר,Other
7296073753032,מסיכה לשיער300מל FABRE,סאסא קוסמטיקס,300 מיליליטר,Other
7296073753049,מסיכה משקמת 300מל FABRE,סאסא קוסמטיקס,300 מיליליטר,Other
7296073753377,אפונה ירוקה מוקפא800ארבל,פריניר,800 גרם,Other
7296073753384,אפונה וגזר מוקפא800 ארבל,פריניר,800 גרם,Vegetables
7296073753391,ברוקולי מוקפא 800ג ארבל,פריניר,800 גרם,Vegetables
7296073753407,כרובית מוקפא800ג ארבל,פריניר,800 גרם,Vegetables
7296073753414,גרגרי חומוס מוקפא800ארבל,פריניר,800 גרם,Sauces & Spreads
7296073753421,גרעיני תירס מוקפא800ארבל,פריניר,800 גרם,Vegetables
7296073753711,חציל מיונז 250גרם המסעדה,,1 יחידות,Sauces & Spreads
7296073753728,חציל מיונז+שפקה250המסעדה,,1 יחידות,Sauces & Spreads
7296073753735,חומוס גרגר+שפקה250המסעדה,,1 יחידות,Sauces & Spreads
7296073753759,חומוס40%טחינה250ג המסעדה,,1 יחידות,Sauces & Spreads
7296073753766,חומוס מסעדה250ג המסעדה,,1 יחידות,Sauces & Spreads
7296073753773,חומוס פטריות250ג המסעדה,,1 יחידות,Sauces & Spreads
7296073753780,טחינה חריפה250ג המסעדה,סלטי שמיר,250 גרם,Sauces & Spreads
7296073753797,מטבוחה 250גרם המסעדה,סלטי שמיר,250 גרם,Prepared
7296073753803,רצועות פלפל 250ג המסעדה,סלטי שמיר,250 גרם,Prepared
7296073753810,חצילים ט.כבד250ג המסעדה,סלטי שמיר,250 גרם,Meat & Fish
7296073753827,ס.חציל תאילנדי250 המסעדה,סלטי שמיר,250 גרם,Prepared
7296073753834,סלט טורקי250ג המסעדה,סלטי שמיר,250 גרם,Prepared
7296073753841,סלט ביצים 250ג המסעדה,סלטי שמיר,250 גרם,Prepared
7296073753858,מעדן חצילים 250ג המסעדה,סלטי שמיר,250 גרם,Dairy
7296073753865,סלט טונה+ירקות250 המסעדה,סלטי שמיר,250 גרם,Meat & Fish
7296073753872,כרוב אדום 250ג המסעדה,סלטי שמיר,250 גרם,Prepared
7296073753889,חומוס40%טחינה500ג המסעדה,סלטי שמיר,500 גרם,Sauces & Spreads
7296073753902,חומוס 500 גרם המסעדה,סלטי שמיר,500 גרם,Sauces & Spreads
7296073753919,חומוס גרגיר+שפקה500מסעדה,סלטי שמיר,500 גרם,Sauces & Spreads
7296073753926,חומוס 700גרם המסעדה,סלטי שמיר,700 גרם,Sauces & Spreads
7296073754091,שווארמה ריב אנטריקוט300,"זהר בשר עופות ובשר בע""מ",300 גרם,Meat & Fish
7296073754107,רצועות ריב אנטריקוט 300,"זהר בשר עופות ובשר בע""מ",300 גרם,Meat & Fish
7296073754114,שווארמה פרגית להקפצה 300,"זהר בשר עופות ובשר בע""מ",300 גרם,Meat & Fish
7296073754121,רצועות אנטריקוט אסיתי300,"זהר בשר עופות ובשר בע""מ",300 גרם,Meat & Fish
7296073754268,קורנפלור 200 גרם מאפית,ר.ס. חברה ליבוא וייצור מ,200 גרם,Other
7296073754275,קורנפלור 500 גרם מאפית,ר.ס. חברה ליבוא וייצור מ,500 גרם,Other
7296073754282,סודה לשתייה 100ג מאפית,ר.ס. חברה ליבוא וייצור מ,100 גרם,Drinks
7296073754299,סודה לשתייה 500ג מאפית,ר.ס. חברה ליבוא וייצור מ,500 גרם,Drinks
7296073754305,אבקת סוכר 500ג מאפית,ר.ס. חברה ליבוא וייצור מ,500 גרם,Other
7296073754312,סוכר דמררה צנצנת1ק מאפית,ר.ס חברנ ליבוא וייצור מז,1 קילוגרם,Other
7296073754343,פפריקה מתוקה 400ג מסעודה,ר.ס. חברה ליבוא וייצור מ,400 גרם,Other
7296073754411,מלאווח קפוא 700ג bakery,יעל אופרה ייצור ושיווק,700 גרם,Frozen
7296073754459,קורנפלקס 750 גרם MONRO,OBST,750 גרם,Other
7296073754466,כדור.דגני קקאו375ג MONRO,OHO,375 גרם,Other
7296073754497,מיונז 500ג MARCELLO,ר.ס חברה ליבוא ויצור מזו,500 גרם,Sauces & Spreads
7296073755104,נתחי פילה סלמון ע.ע קפוא,NL217794EG,500 גרם,Frozen
7296073755470,פסטרמה דק דק ברביקיו110,---,110 גרם,Meat & Fish
7296073755487,פסטרמה דק דק דבש110,---,110 גרם,Sauces & Spreads
7296073755494,פסטרמה דק דק מעושנת110,---,110 גרם,Meat & Fish
7296073755500,פסטרמה דק דק סלמי110,---,110 גרם,Meat & Fish
7296073755517,פסטרמה דק דק כתף בקר110ג,---,110 גרם,Meat & Fish
7296073756231,כתף בקר מעושנת 300 גרם,---,300 גרם,Meat & Fish
7296073756484,נקניקי.צוריסו400ג BLACK,"טיבון ויל אחזקות בע""מ",400 גרם,Meat & Fish
7296073756491,נקניקי.מרגז400ג BLACK,"טיבון ויל אחזקות בע""מ",400 גרם,Meat & Fish
7296073756507,המבורגר מסעדות500גBLACK,"טיבון ויל אחזקות בע""מ",500 גרם,Meat & Fish
7296073756514,קבב מזרחי500ג BLACK,"טיבון ויל אחזקות בע""מ",500 גרם,Meat & Fish
7296073756521,קבב ביתי500ג BLACK,"טיבון ויל אחזקות בע""מ",500 גרם,Meat & Fish
7296073756538,קבב מרוקאי500ג BLACK,"טיבון ויל אחזקות בע""מ",500 גרם,Meat & Fish
7296073757641,"חט.תפו""א+פטריות400מסעודה","חטיפי אלקיים בע""מ",400 גרם,Vegetables
7296073757658,"חט.תפו""א+תירס400מסעודה","חטיפי אלקיים בע""מ",400 גרם,Vegetables
7296073757665,"חט.תפו""א+בשר400מסעודה","חטיפי אלקיים בע""מ",400 גרם,Meat & Fish
7296073757672,נקניקיות מצופות400מסעודה,"חטיפי אלקיים בע""מ",400 גרם,Meat & Fish
7296073757689,פלאפל 400ג מסעודה,"חטיפי אלקיים בע""מ",400 גרם,Other
7296102004944,מברשת אסלה שחור/לבן SOL,,1 יחידות,Dairy
7296102012987,מקל עץ 1.5 מטר המבריש,"טרמיקס בע""מ",1 יחידות,Other
72961506,פרילי תות 1.5% 125 גרם,מחלבת אלון תבור,125 גרם,Dairy
72961544,באדי תות 3% 125 גרם,מחלבת אלון תבור,125 גרם,Dairy
72963753,שמ.של פעם חמוצה27% 200ג,"תנובה בע""מ",200 גרם,Other
72964132,פרילי טבע גרנולה 200 גרם,מחלבת אלון תבור,200 גרם,Dairy
7297464163935,גומיות סיליקון איכותיות,,1 יחידות,Other
7297464163973,גומיות לשיער נייס טיפוח,,1 יחידות,Other
7297464163980,גומיות מעוצב לשיער נייס,,1 יחידות,Other
7297464164659,גומיות מיוחדת,,1 יחידות,Other
7297464167063,קליפס לשיער נייס טיפוח,,1 יחידות,Other
7297464167117,מארז קליפסים נייס טיפוח,,1 יחידות,Other
7297464169241,סיכות סבתא נייס טיפוח,,1 יחידות,Other
7297464203969,סיכות זוג נייס טיפוח,,1 יחידות,Other
7297464203976,סיכות זוג נייס טיפוח,,1 יחידות,Other
7297464205994,מסרק שיער מתקפל נייס טיפ,,1 יחידות,Other
7297464206014,מברשת רכה 0.2m נייס טיפו,,1 יחידות,Other
7297464216082,מברשת מתירת קשרים,,1 יחידות,Other
7297464216099,מברשת אובלי,,1 יחידות,Other
7297464216129,מברשת רחבה נייס טיפוח,,1 יחידות,Other
7297464217164,מברשת מתירת קשרים איכותי,,1 יחידות,Other
7297464385368,שלישיית מנקי ציפורניים,,1 יחידות,Other
7297464385399,משייף ציפורניים זוג נייס,,1 יחידות,Other
7297464385436,מספריים איכותיות נייס,,1 יחידות,Other
7297464385467,2פינצטות מעוצבות נייס,,1 יחידות,Other
7297464385528,זוג מקצצי ציפורניים,,1 יחידות,Other
7297464385566,קוצץ ציפורניים עם מחסנית,,1 יחידות,Other
7297488098015,גרנולה קראנץ ל.גלוטן250,,250 גרם,Other
7297488098152,קמח חומוס ללא גלוטן500גר,,500 גרם,Sauces & Spreads
7297488098183,קמח אורז ללא גלוטן 500 ג,"דג""ש",500 גרם,Meat & Fish
7297488098305,קמח שקדים 250 גרם,,250 גרם,Other
7297488099890,פרוסות קלאסי 9% 200 גרם,ויגרדן,200 גרם,Other
7297488199682,קמח כוסמת 500 גרם,"דג""ש",500 גרם,Meat & Fish
7297488199781,קניידלך מיקס ל.גלוטן130ג,"דג""ש",130 גרם,Meat & Fish
72986370,"גל.וניל צרפתי כשל""פ",מוצרי איכות אמריקאיים,500 מיליליטר,Other
72986424,"גל.קרם עוגיות 500 מ""ל",מוצרי איכות אמריקאיים,500 מיליליטר,Snacks
72986448,גלידה וניל טופי קראנץ,מוצרי איכות אמריקאיים,500 מיליליטר,Frozen
72986455,גלידה ניו יורק סופר,מוצרי איכות אמריקאיים,500 מיליליטר,Frozen
72986479,"גלידה צאנקי מנקי כשל""פ",מוצרי איכות אמריקאיים,500 מיליליטר,Frozen
72989425,גלידה שוקולד בראוניס,מוצרי איכות אמריקאיים,500 מיליליטר,Frozen
72991008,שוקולד פסק זמן קלאסי 45,"שטראוס גרופ בע""מ",45 גרם,Snacks
72991374,טיים רד חפיסה,,1 יחידות,Other
72991886,גלידה דולצה דה לצה,מוצרי איכות אמריקאיים,500 מיליליטר,Frozen
72993637,דני שוקולד 1.5% 125 גרם,"שטראוס בריאות בע""מ",125 גרם,Snacks
72994818,שמרים טריים בקוביה,"פאקא תעשיות בע""מ",25 גרם,Other
7312040017683,"וודקה אבסולוט 700 מ""ל",,700 מיליליטר,Other
7350041950103,"ליקר שרי הרינג 700 מ""ל",דה קוייפר רויאל דיסטילרס,700 מיליליטר,Other
7371234568950,גלטו וניל+קרם אגוזים473,קינגס קרים,473 מיליליטר,Other
7371234569018,גלטו בוטנים+קרם קרמל473,קינגס קרים,473 מיליליטר,Other
7371234569254,"גלטו שוקולד 473 מ""ל",קינגס קרים,473 מיליליטר,Snacks
7371234569490,גלטו פיסטוק+ק.פיסטוק473,קינגס קרים,473 מיליליטר,Other
7371234569568,גלטו וניל+קרם דובדב473מ,קינגס קרים,473 מיליליטר,Other
7371234570380,גלטו ט.וניל+פצפו.שוק473,קינגס קרים,473 מיליליטר,Other
7371234570526,גלטו קוקוס+קרם בננה473מ,,473 מיליליטר,Fruit
7371234570694,גלטו טעם וניל מדגסקר473,קינגס קרים,473 מיליליטר,Other
7380580005255,אביזרים לבית,,1 יחידות,Other
7394376123337,משקה ש.שועל אורגני 1ל,טרנסומס פוד,1 ליטר,Drinks
7394376620904,משקה שיבול.שועל ל.סוכר1ל,איי.אם.סי. פליסינגן בי.ו,1 ליטר,Drinks
7394376621451,משקה שיבולת שועל להקצפה,איי.אם.סי. פליסינגן בי.ו,1 ליטר,Drinks
7394376621703,שיבולת שועל מופחת שומן1ל,איי.אם.סי. פליסינגן בי.ו,1 ליטר,Other
7453140789558,ממרח אבוקדו גוואקמול (ק),בני דרום,1 יחידות,Sauces & Spreads
7480588956563,אביזרים לבית,,1 יחידות,Other
7501064191527,"בירה קורונה 6*355 מ""ל",אינבב.ברוורייליין1,2.13 ליטר,Drinks
7509546057545,ליידי ספיד פרו 5 סטיק45ג,קולגייט-פלמוליב,45 גרם,Other
7509546063515,ליידי ס.סטיק פרו5ספרי150,קולגייט-פלמוליב,150 מיליליטר,Other
7509546688886,משחת קולגייט כשלפ2* 100,---,200 מיליליטר,Other
7509546688916,משחת שיניים אדומה75מל,---,75 מיליליטר,Other
7509546689623,מ.אופטיק וייט פחם כשלפ75,---,75 מיליליטר,Other
7509546699790,מש.שיניים למניעת עששת75מ,קולגייט-פלמוליב,75 מיליליטר,Other
7509546701219,קולג.מקס פרש נוקאאוט125מ,קולגייט-פלמוליב,125 מיליליטר,Other
7610008005346,טבלת רגוסה בלונד 100ג,קמיל בלוך,100 גרם,Other
7610008040590,"ש.לבן טורינו 100 ג בד""צ",קמיל בלוך,100 גרם,Dairy
7610008641001,טבלת טורינו חלב 100 גרם,קמיל בלוך,100 גרם,Dairy
7610008641506,טבלת טורינו מריר 100ג,קמיל בלוך,100 גרם,Other
7610008700807,טבלת רגוסה קלאסי 100ג,קמיל בלוך,100 גרם,Other
7610008760009,טבלת רגוסה מריר 100ג,קמיל בלוך,100 גרם,Other
7610113000175,"בקרדי מוחיטו 700 מ""ל",---,700 מיליליטר,Meat & Fish
7610113023716,"בריזר אפרסק 275 מ""ל","בקרדי בע""מ",275 מיליליטר,Meat & Fish
7610113027684,בריזר מנגו פסיפלורה275מל,"בקרדי בע""מ",275 מיליליטר,Meat & Fish
7610113033210,"בקרדי מוחיטו 700 מ""ל",מרטיני ורוסי,700 מיליליטר,Meat & Fish
7610400066037,בונ.לינדור סטרטצלה200ג,לינדט ושפרונגלי קילשברג,200 גרם,Other
7610400068505,בונבונ.לינדור מילק 200גר,לינדט ושפרונגלי,200 גרם,Other
7610400075770,שוק.לינדט מריר אג.לוז150,לינדט ושפרונגלי,150 גרם,Other
7610400075787,שו.חלב לוז לגרנד150לינדט,לינדט ושפרונגלי קילשברג,150 גרם,Dairy
7610400085946,שוק.לינדט מריר אלמונד150,לינדט ושפרונגלי קילשברג,150 גרם,Other
7610400091060,שוק.מריר לינדט תפוז 100ג,לינדט ושפרונגלי,100 גרם,Fruit
7610400099776,שוקולד מילק לינדור 100גר,"לינדט ושפרונגלי איי,גי",100 גרם,Snacks
76106842,"לימונית מיץ לימון200מ""ל",,200 מיליליטר,Drinks
7613030979647,טריקס דגני בוקר 480גר,גנרל מילס,480 גרם,Other
7613031381494,גורמה גולד פטה עוף 85גרם,נסטלה פורינה אירופה,85 גרם,Meat & Fish
7613032045753,פיטנס דגנ.בוקר שוקולד375,סי. פי. צרפת,375 גרם,Snacks
7613033548192,פיטנס שוקולד מריר 375גרם,סי. פי. צרפת,375 גרם,Snacks
7613035622623,גרנולה דבש 300גרם פיטנס,טייסטי פודס,300 גרם,Sauces & Spreads
7613035635845,גרנולה שוקולד פיטנס 300ג,נסטלה,300 גרם,Snacks
7613035807778,רוטב עגבניות לבולונז400ג,"מפעל סברס, נסטלה ספרד ס.",400 גרם,Sauces & Spreads
7613035809109,רוטב עגבניות+בזיליקום400,"מפעל סברס, נסטלה ספרד ס.",400 גרם,Sauces & Spreads
7613035809857,רוטב עגבניות לפסטה 400גר,"מפעל סברס, נסטלה ספרד ס.",400 גרם,Sauces & Spreads
7613036105545,"דוגלי גזע קטן 3 ק""ג",נסטלה פורינה,3 קילוגרם,Other
7613036105576,"דוגלי בוגר עוף 3 ק""ג",נסטלה פורינה,3 קילוגרם,Meat & Fish
7613036105606,"דוגלי בוגר בקר 3 ק""ג",נסטלה פורינה,3 קילוגרם,Meat & Fish
7613036288026,"דוגלי גורים 3 ק""ג",דוגלי מוצרים וטרינרים,3 קילוגרם,Other
7613036314114,קפה נמס גולד 200 גרם,"נסטלה אנגליה, טטבורי",200 גרם,Drinks
7613036520492,רוטב עגבניות לפיצה 400גר,נסטלה ספרד,400 גרם,Sauces & Spreads
7613036965248,פריסקיז פאוצ הודו 85 גר,נסטלה פורינה הונגריה,85 גרם,Meat & Fish
7613036984379,קפסול.Starbucks קולומביה,נסטלה נספרסו,57 גרם,Other
7613036984430,קפסולות Starbucks ורונה,נסטלה נספרסו,55 גרם,Other
7613036984478,קפס.Starbucks בלונד53גר,נסטלה נספרסו,53 גרם,Other
7613037204797,פולי קפה Starbucks בלונד,נסטלה ספרד,450 גרם,Drinks
7613037204889,פולי קפה Starbucks אספרס,נספרסו נסטלה,450 גרם,Drinks
7613037686906,פיטנס שקדים ודבש 355 גרם,סי. פי. צרפת,355 גרם,Sauces & Spreads
7613038451954,קראנץ שוקו.פחות סוכר410ג,סי. פי. צרפת,410 גרם,Drinks
7613039770450,בורגר צמחוני 226ג טבעול,"טבעול צכיה בע""מ",226 גרם,Other
7613039771174,טחון צמחוני 400ג טבעול,"טבעול צכיה בע""מ",400 גרם,Other
7613287302151,קפסולות Starbucks איטלאן,נסטלה נספרסו,56 גרם,Other
7613287476678,סיני מיניס צורוס 360גרם,סי. פי. צרפת,360 גרם,Other
7613287821348,נתחי סויה דמויי עוף,"טבעול צכיה בע""מ",350 גרם,Meat & Fish
7613287855565,קפס.סטארבקס גוואטמל 52ג,נסטלה נספרסו,52 גרם,Other
76136184,פאלמאל סופר סלימס כחול ח,bat,1 יחידות,Other
7614500010013,טובלרון חלב 100 גרם,מונדולז,100 גרם,Dairy
7614500010310,טובלרון לבן 100 גרם,מונדולז,100 גרם,Dairy
7622010001858,עוג.אוראו קרם וניל 176ג,פי אר ג\יי אס אי מנדלז,176 גרם,Other
7622201139278,גבינת פילדלפיה 25% 150גר,---,150 גרם,Dairy
7622201521493,פילדלפיה שום+ע.ת12% 150ג,מונדולז,150 גרם,Other
7622201798154,גבינת פילדלפיה 13% 150גר,מונדולז,150 גרם,Dairy
7622201813390,וופל ממולא מילקה 150 גרם,מונדליז סי.אר. ביסקוויט,150 גרם,Snacks
7622202030635,ממרח צמחי +חלבון 145גרם,מונדולז,145 גרם,Sauces & Spreads
7622202257506,מילקה אקסטרה קקאו 90 גרם,מונדלייז,90 גרם,Other
7622202262593,שוקולד חלב+אגוזים 90 גרם,מונדלייז,90 גרם,Snacks
7622202269790,שוק.חלב+לוז+צימוק90מילקה,מונדלז,90 גרם,Dairy
7622202273452,שוקולד חלב 90ג מילקה,מונדלז,90 גרם,Snacks
7622202365430,שוק.חלב קרמל+שקד90 מילקה,מונדלז,90 גרם,Dairy
7622210137234,עוג.אוראו דאבל ק.וניל170,מונדלייז,170 גרם,Other
7622210413888,שוק.חלב שוויצרי ממולא200,מונדולז,220 גרם,Dairy
7622210696878,מילקה נוסיני 31.5 גרםn,מונדלייז,31 גרם,Other
7622300107949,טובלרון חלב צימוק 100 גר,מונדולז,100 גרם,Dairy
7622300503079,ביסק.מצופה שוקו200 מילקה,מונדלייז,200 גרם,Drinks
7622300617820,שוקולד מילקה אוראו 100 ג,מונדלז דויצלנד סנקס,100 גרם,Snacks
7622300772314,עוגיות אוראו 66 גרם,מונדלייז,66 גרם,Snacks
7630040409315,"מרטיני אקסטרא דריי750מ""ל","בקרדי בע""מ",750 מיליליטר,Meat & Fish
7630040409360,"מרטיני ביאנקו 750 מ""ל",מרטיני ורוסי,750 מיליליטר,Other
7630311506934,קפס.Starbucks סאני דיי57,נסטלה נספרסו,57 גרם,Other
7638900083071,סוללות אנרגייזר2 1.5V,אנרגייזר,1 יחידות,Other
7638900248357,סוללות אנרגייזר2032 זוג,אנרגייזר,1 יחידות,Other
7638900426663,סוללות אנרגזר 9V,---,1 יחידות,Vegetables
7638900426809,סוללות מקס C אנרגייזר2יח,אנרגייזר,1 יחידות,Other
7638900426823,סוללות מקס D אנרגייזר2יח,אנרגייזר,1 יחידות,Other
7638900437775,סוללות אלקליין 10 יח AA,אנרגייזר,1 יחידות,Other
7638900438239,10סוללות מקס אלקליין AAA,אנרגייזר,1 יחידות,Other
7690589856667,אביזרים לבית,,1 יחידות,Other
7701001013596,שום ארוז,קטיף.,190 גרם,Other
7702018271788,קליר גל גילט ספורט70מל,PROCTER&GAMBLE,70 מיליליטר,Other
7702018578252,סכיני גילוח ללא טרימר4יח,פרוקטר & גמבל,1 יחידות,Other
7702018978106,"גילט דיאו סטיק 70 מ""ל",גילט פרוקטר אנד גמבל,70 מיליליטר,Other
7702018980819,גל גילוח לעור רגיש200מ,פרוקטר & גמבל,200 מיליליטר,Other
7702018980833,גל גילוח סירייס לחות200,גילט,200 מיליליטר,Other
7702024074625,חטיפי קרקר חיטה מלאה234ג,קומסטיבלס לה רוזה אס.איי,234 גרם,Snacks
7702174066631,לקקן מקל פירות פיןפופ170,,170 גרם,Fruit
7702174068833,לקקן יוגטה בטעמי גליד204,אלדור,204 גרם,Frozen
7702174085465,לקקן מקל פירות פיןפופ170,אלדור,170 גרם,Fruit
7754856000006,מארז אוכמניות 125 גרם,אגרקסקו בליברי,1 יחידות,Other
7758452000323,אוכמניות 125 גרם,EXPONTADORA,125 גרם,Other
7758452000590,אוכמניות 125גרם,ATOS,125 גרם,Other
7791293048574,דאודורנט דאב-אורגינל 150,יוניליוור ישראל טיפוח,150 מיליליטר,Other
7791293048581,דאודורנט דאב-מלפפון150מל,יוניליוור ישראל טיפוח,150 מיליליטר,Vegetables
7791293048598,"דאודורנט דאב-אגס150מ""ל",יוניליוור ישראל טיפוח,150 מיליליטר,Fruit
7791293048611,דאודורנט דאב -קוקוס 150,יוניליוור ישראל טיפוח,150 מיליליטר,Other
7791875005353,ריבת חלב הוואנה 450 גרם,מיגה פוד קומרס,450 גרם,Dairy
7792860006218,בייבי דול לקקן 24 גרם,לרטייר,24 גרם,Other
7804414000860,"דון חוליו קברנה 750 מ""ל",אגריקולה קנטלחוס,750 מיליליטר,Drinks
7804414000877,"דון חוליו מרלו 750 מ""ל",אגריקולה קנטלחוס,750 מיליליטר,Drinks
7804414000884,"דון חוליו שרדונה 750 מ""ל",אגריקולה קנטלחוס,750 מיליליטר,Drinks
7804414017134,יין קברנה מונטאסאנו 750,אגריקולה קנטלחוס,750 מיליליטר,Drinks
7804643270003,אוכמניות טריות 125 גרם,VALLE MAULA,125 גרם,Other
7891024030974,משחת שיניים הגנה משולש75,קולגייט-פלמוליב,75 מיליליטר,Other
7900250001006,אביזרים לבית,,1 יחידות,Other
8000040001106,"קמפרי 700 מ""ל",דויד קמפרי,700 מיליליטר,Other
8000070003774,קפסולות קפה אינטנסו 13,לואיגי לוואצה אס.פי.אי,120 גרם,Drinks
8000070003798,קפסולות קפה דליסיוזו8 1י,לואיגי לוואצה אס.פי.אי,120 גרם,Drinks
8000070003811,קפסולות קפה פסיונלה 11 1,לואיגי לוואצה אס.פי.אי,120 גרם,Drinks
8000070003880,קפסולות קפה קרמה דולצה6,לואיגי לוואצה אס.פי.אי,128 גרם,Drinks
8000070003972,קפסולות קפה סואבה 5 112,לואיגי לוואצה אס.פי.אי,112 גרם,Drinks
80001287,חטיף גרדנה אגוז 38 גרם,לואקר,38 גרם,Snacks
80001461,וופל גרנדה שוקולד 38 גרם,לואקר,38 גרם,Snacks
80001485,וופל גרדנה קוקוס 38 גרם,לואקר,38 גרם,Snacks
80001799,וופל טורטינה שוקולד לבן,לואקר,21 גרם,Snacks
80001911,וופל גרדנה שוקולד לבן ג,לואקר,38 גרם,Snacks
8000215204219,משקה אורז אורגני 1 ליטר,,1 ליטר,Drinks
8000215204240,משקה שקדים ואורז 1 ליטר,אלינור,1 ליטר,Drinks
8000215204271,משקה שקדים ואורז אישי200,---,200 מיליליטר,Drinks
8000215204370,תחליף שמנת צמחי אורג200,---,200 מיליליטר,Dairy
8000215204387,"רוטב בשמל צמחי 500 מ""ל",ויטריז,500 מיליליטר,Sauces & Spreads
8000215204394,משקה אגוזי לוז ואורז 1ל,אלינור,1 ליטר,Drinks
8000215204554,משקה אורז קוקוס אורגני1ל,אלינור,1 ליטר,Drinks
8000215204677,משקה ש.שועל בריסטה 1 ל,אלינור,1 ליטר,Drinks
8000215204684,משקה סויה בריסטה 1ליטר,ויטריז,1 ליטר,Drinks
8000215204714,משקה שיבולת שועל 1 ליטר,,1 ליטר,Drinks
8000380003723,וופל גראנד פטיסרי לוז100,א. לואקר,100 גרם,Snacks
8000380004676,ופל קרם חלב וניל200לואקר,"א.לואקר קונפקט בע""מ",200 גרם,Snacks
8000380004911,ופלים קואדרטיני אגוז250ג,א. לואקר,250 גרם,Snacks
8000380004966,ופלים קואדרטיני קקאו250ג,א. לואקר,250 גרם,Snacks
8000380007219,ופלים לואקר ט.אגוזים175ג,א. לואקר,175 גרם,Snacks
8000380007257,ופלים גרדנה 200 גרם,א. לואקר,200 גרם,Snacks
8000380007264,ופלים לואקר ט.קקאו 175גר,א. לואקר,175 גרם,Snacks
8000380106028,וופל טורטינה אורגינל125ג,א. לואקר,125 גרם,Snacks
8000380153534,טורטינה שוקולד לבן 125גר,א. לואקר,125 גרם,Snacks
8000380180745,ופל קואדרטיני שוק/חלב250,לואקר,250 גרם,Snacks
8000380189281,חטיפי מיני מיקס לואקר210,לואקר,210 גרם,Other
8000500009673,בונבוניירה רושה 300 גרם,פררו אס.פי.אי,300 גרם,Other
8000500023624,חטיף קינדר הפי היפו 5יח,פררו אס.פי.אי,103 גרם,Snacks
8000500023976,בונבוניירת רפאלו 150 גרם,פררו - אלבה,150 גרם,Other
8000500026731,ביצי הפתעה קינדר 3*20 גר,פררו אס.פי.אי,60 גרם,Other
8000500029350,קינדר בואנו 3*43 גרם,פררו אס.פי.אי,129 גרם,Other
8000500037874,בונבוניירת פררו רושה200ג,פררו אס.פי.אי,200 גרם,Other
8000500071083,אצבעות קינדר 200 גרם,פררו אס.פי.אי,200 גרם,Other
8000500121436,קינדר בואנו לבן 3*39 גרם,פררו אס.פי.אי,117 גרם,Dairy
8000500167656,קינדר שוקולד עם דגנים94ג,פררו אס.פי.אי,94 גרם,Snacks
8000500172810,סוכרי.תות מנטה4*16טיק-טק,"פררו דרום אפריקה בע""מ",64 גרם,Snacks
8000500227848,וופל נוטלה 132 גרם,פררו אס.פי.אי,132 גרם,Snacks
8000500247150,פררו רושה קולקשיין 172גר,פררו אס.פי.אי,172 גרם,Other
8000500249352,קינדר בואנו מיני מיקס205,פררו אס.פי.אי,205 גרם,Other
8000500256213,שוקולד מיני קינדר 120גרם,פררו אס.פי.אי,120 גרם,Snacks
8000500267103,עוגות אישי.קינדר דליס390,פררו אס.פי.אי,390 גרם,Other
8000500269169,קינדר קארדס 128 גרם,---,128 גרם,Other
8000500289877,שוקו-בונס לבן 200ג פררו,פררו אס.פי.אי,200 גרם,Drinks
8000500310397,ביסקוויט נוטלה 166 גרם,---,166 גרם,Snacks
8000500325384,קינדר גוי מארז שלישייה,פררו אס.פי.אי,60 גרם,Other
8000500353738,סוכרי.טיקטק מנטה חזק4*16,---,64 גרם,Snacks
8000500359358,ביסקוויט נוטלה 41.4 גרם,---,41 גרם,Snacks
8000500359488,טבלת פררו חלב+אגוז לוז92,---,92 גרם,Dairy
8000500359556,רפאלו לבן במילוי קוקוס92,---,92 גרם,Dairy
8000500359884,טבלת פררו לבן+אגוז לוז92,---,92 גרם,Dairy
8000500366073,ביסקוויט נוטלה 276 גרם,---,276 גרם,Snacks
8000500384794,קינדר טרונקי 90 גרם,---,90 גרם,Other
8000500390641,קינדר בואנו ביצים 80 גרם,אלבה,80 גרם,Other
8000500391228,קינדר עוגיות קינדרינ250ג,---,250 גרם,Snacks
8000500396780,קינדר בואנו מיני 97 גרם,---,97 גרם,Other
8000500406069,ביצי קינדר סופרייז3*20ג,פררו אס.פי.אי,60 גרם,Other
8000500426494,נוטלה על בסיס צמחי 350 ג,פררו אס.פי.אי,350 גרם,Other
8000500447130,מאגדת קינדר קינדריני46ג,,46 גרם,Other
8000500447833,שוק.מריר עם שברי אגוז90ג,פררו,90 גרם,Other
8000500447895,טבלת פררו מריר70%+לוז90ג,פררו אס.פי.אי,90 גרם,Other
8000500454121,קינדר בואנו דארק שליש129,פררו,129 גרם,Other
8000500459461,מארז קינדר טריס 5 * 20.5,,115 גרם,Other
8001060042070,פסטו בזיליקום פרווה190גר,"אפ.ללי סאקלה, אס.פי.אי",190 גרם,Other
8001060042087,פסטו בזיליקום+גבינה190ג,"אפ.ללי סאקלה, אס.פי.אי",190 גרם,Dairy
8001060042100,פסטו עגבניות+גבינה190גרם,"אפ.ללי סאקלה, אס.פי.אי",190 גרם,Dairy
8001090131263,מגן תחתון נורמל 60 יחי,Procter & gamble,1 יחידות,Other
8001090899194,אולוויז פלטינום נורמל 24,PROCTER&GAMBLE,1 יחידות,Other
8001090899286,אולוויז פלטינום לילה 14,PROCTER&GAMBLE,1 יחידות,Other
8001160001786,"גטורייד כחול 500מ""ל",אקווה מינרלה סאן בנדטו,500 מיליליטר,Drinks
8001160001892,"גטורייד תפוז אדום 500מ""ל",אקווה מינרלה סאן בנדטו,500 מיליליטר,Drinks
8001505000177,מעדן משמש אורגני 250 גרם,,250 גרם,Dairy
8001505000184,250 מעדן אוכמניות אורגני,,250 גרם,Dairy
8001620011935,"סאן בנדטו מוגז 6*500 מ""ל",,3 ליטר,Other
8001620019177,"סאן בנדטו ענבים 400 מ""ל",אקווה מינרלה סאן בנדטו,400 מיליליטר,Drinks
8001841053806,אולוויז עבות לילה 9יח,PROCTER&GAMBLE,1 יחידות,Other
8001841625188,פיירי פלטינום לימון515מל,PROCTER&GAMBLE,515 מיליליטר,Fruit
8001841625461,פיירי פלטינום 515מל,PROCTER&GAMBLE,515 מיליליטר,Other
8002230000012,אפרול 1 ליטר,---,1 ליטר,Other
8002267002270,פולרטי פירות חטיף קרח400,DOLFIN SPA,400 מיליליטר,Snacks
8002267002416,פולרטי חטיף קרח פירות10י,דולפין ס.פ.א קרובה ריפוס,400 מיליליטר,Snacks
8002267011753,"פולרטי חטיפי קרח 400מ""ל",DOLFIN SPA,400 מיליליטר,Other
8002270866524,סן פלגרינו 1 ליטר,סן-פלגרינו,1 ליטר,Other
8002450201008,"רספברי ספרקלטיני 750 מ""ל",בוסקה,750 מיליליטר,Other
8002450204009,"ורדי אפרסק 750 מ""ל",בוסקה,750 מיליליטר,Fruit
8002910043476,ויט רצועות לקו הביקיני16,רקיט בנקיזר,1 יחידות,Other
8003340091280,בונ.לינדור 60% מריר200גר,לינדט ושפרונגלי קילשברג,200 גרם,Other
8003340098098,בונ.לינדור סטרוברי200גרם,לינדט ושפרונגלי אס.פי.אי,200 גרם,Other
8003340801674,בונבוניירה פיסטוק 200גרם,לינדט ושפרונגלי אס.פי.אי,200 גרם,Other
8003340806808,שוק.לינדור מריר60% 100ג,לינדט ושפרונגלי אס.פי.אי,100 גרם,Other
8003340806815,שוקולד לינדור פיסטוק 100,לינדט ושפרונגלי אס.פי.אי,100 גרם,Snacks
8003340807751,בונבוניירה לינדור מי137ג,לינדט ושפרונגלי אס.פי.אי,137 גרם,Other
8003340807775,בונבוניירה לינדור אסו137,לינדט ושפרונגלי אס.פי.אי,137 גרם,Other
8003520033659,ס.נוזלי חלב&דבש-פלמוליב,קולגייט-פלמוליב,500 מיליליטר,Sauces & Spreads
8004030022010,ירקות גינה עם טונה160גרם,"בולטון אלימנטרי בע""מ",160 גרם,Meat & Fish
8004030026018,סלט מקסיקני עם טונה 160ג,"בולטון אלימנטרי בע""מ",160 גרם,Meat & Fish
8004030044005,טונה ריו בשמן זית 160גרם,"בולטון אלימנטרי בע""מ",160 גרם,Meat & Fish
8004030081024,טונה בשמן זית ופלפל160גר,"בולטון אלימנטרי בע""מ",160 גרם,Snacks
8004030271418,טונה ריו שמן זית לימ3*65,---,195 גרם,Sauces & Spreads
8004030271425,ריומרה שמן זית צילי3*65,---,195 גרם,Sauces & Spreads
8004030271432,טונה בשמן זית 3*65 גרם,---,195 גרם,Meat & Fish
8004030344938,טונה בשמן זית3*80ג,"בולטון אלימנטרי בע""מ",240 גרם,Meat & Fish
8004030845046,סלט אורז עם טונה 160 גרם,---,160 גרם,Meat & Fish
8004030855038,טונה עם גרגירי חומוס160ג,"בולטון אלימנטרי בע""מ",160 גרם,Sauces & Spreads
8004030860001,אנסלטיסמה קוסקוס+טונה160,"בולטון אלימנטרי בע""מ",160 גרם,Meat & Fish
80042563,מחית עגבניות קלה700 מוטי,,700 גרם,Vegetables
80043638,כורכום אורגני 47 גרם,קנהמלה,47 גרם,Other
80043645,קארי טחון אורגני 32 גרם,קנהמלה,32 גרם,Other
80044079,קינמון טחון אורגני 42 גר,קנהמלה,42 גרם,Other
8004690050507,פטוציני לה מוליזנה 500ג,לה מוליסנה,500 גרם,Other
8004690050620,פסטה לינגוויני 500 גרם,לה מוליזנה קמפובאסן,500 גרם,Other
8004690051573,ספגטי לה מוליזנה 500 גרם,לה מוליזנה קמפובאסן,500 גרם,Other
8004690052044,פסטה פנה ריגטה 500 גרם,לה מוליזנה קמפובאסן,500 גרם,Other
8004690052846,פוזילי לה מוליזנה 500 גר,לה מוליסנה,500 גרם,Other
8004690053195,פסטה ריגוטיני 500 גרם,לה מוליזנה קמפובאסן,500 גרם,Other
8004690053225,פסטה מזי ריגטוני 500 גרם,לה מוליזנה קמפובאסן,500 גרם,Other
8004690057308,פסטה רדיאטורי 500 גרם,לה מוליסנה,500 גרם,Other
8004690058008,פסטה גמלי 500 ג,לה מוליזנה קמפובאסן,500 גרם,Other
8004690101513,פסטה קוואדרטו 500 גרם,לה מוליזנה קמפובאסן,500 גרם,Other
8004690106600,פרפלה לה מוליזינה 500 גר,לה מוליזנה קמפובאסן,500 גרם,Other
80050025,סוכריות תפוז 16גר טיק-טק,"פררו דרום אפריקה בע""מ",16 גרם,Snacks
80050124,טיק טק סוכריות מנטה16גרם,פררו אס.פי.אי,16 גרם,Snacks
80050278,פררו רושה שלשה 37.5גרם,פררו אס.פי.אי,37 גרם,Other
8005110001772,רוטב עגבניות פיצוטלו400ג,מוטי אס.פי.אי,400 גרם,Sauces & Spreads
8005110002243,תרכיז עגבניות 185 גרם,מוטי,185 גרם,Vegetables
8005110002533,רוטב עגב.דטריני לפסטה400,מוטי אס.פי.אי,400 גרם,Sauces & Spreads
8005110002557,רוטב עגבנ.רומא לפסטה400,מוטי אס.פי.אי,400 גרם,Sauces & Spreads
8005110170300,עגב. חתוכות דק3*400מוטי,,1.2 קילוגרם,Other
8005110191015,מחית עגבניות קלה+בזיל700,מוטי,700 גרם,Vegetables
80052760,קינדר בואנו 2 * 21.5 גרם,פררו אס.פי.אי,43 גרם,Other
8006530089234,אולוויז פלטינום לילה 16י,פרוקטר אנד גמבל גרמניה,1 יחידות,Other
8006530089326,אולוויז פלטינום לונג 20,פרוקטר אנד גמבל גרמניה,1 יחידות,Other
8006530264495,פמפרס בייבי דריי 4+ 26יח,PROCTER&GAMBLE,1 יחידות,Other
8006530264525,פמפרס בייבי דריי 5 25יח,PROCTER&GAMBLE,1 יחידות,Other
8006530264570,פמפרס בייבי דריי מ.6 22,PROCTER&GAMBLE,1 יחידות,Other
8006540093849,אולויז אולטרה ליל בטוח10,פרוקטר & גמבל,1 יחידות,Other
8006540429327,"פיירי לימון מקס 440 מ""ל",---,440 מיליליטר,Fruit
8006540688892,אולוויז מגנ.ללא ריח L 48,PROCTER&GAMBLE,1 יחידות,Other
8006540688939,אולוויז מגנ.פרש L 48 יח,PROCTER&GAMBLE,1 יחידות,Other
8006540689059,אולוויז מגן פרו פרש L 40,PROCTER&GAMBLE,1 יחידות,Other
8006540689233,אולויז מגן תחתון פרו פרש,"פרוקטר אנד גמבל, גרמניה",1 יחידות,Other
8006540990568,תחבושות אולוויז לילה16יח,PROCTER&GAMBLE,1 יחידות,Other
8006540995839,אולוויז אולטרה נורמל 20י,פרוקטר & גמבל,1 יחידות,Other
8006837000918,לחם מוראטו לבן 550 גרם,---,550 גרם,Dairy
8006837003100,לחם מוראטו סמולינה 550גר,מוראטו,550 גרם,Other
8007178120310,"חומץ בלסמי גקובזי 500מ""ל",וילה סולארה,500 מיליליטר,Sauces & Spreads
8007178223547,"קרם בלסמי מצומצם 250 מ""ל",גאקובזי,250 מיליליטר,Other
8007270999012,שמן גרעיני ענבים דורו 1ל,,1 ליטר,Sauces & Spreads
8008343200134,פסטה רומו לינגוינה 500גר,רומו,500 גרם,Other
8008343200424,פסטה קונקילי ריגטה500ג,רומו,500 גרם,Other
8008343201377,פסטה רומו רדיאטורי 500גר,רומו,500 גרם,Other
80083665,עוג.אורגני שוקו.ציפס250ג,גנדולה ביסקוטי,250 גרם,Snacks
80083764,עוג.דגנים עם ש.שועל250ג,גנדולה ביסקוטי,250 גרם,Other
8008698002025,בסיס לפיצה ללא גלוטן300ג,דר שר אי ג\י\/אספי איי,300 גרם,Prepared
8008698003503,קרקרים מלבניים שר 210 גר,,210 גרם,Snacks
8008698004548,"ביסקויט מצופ.שוק.לל""ג150","ד""ר שר",150 גרם,Other
8008698004807,"קמח ללא גלוטן 1 ק""ג שר",,1 קילוגרם,Other
8008698008157,עוג.ממולא קרם וניל100גר,,100 גרם,Other
8008698012857,ביסקוויט ללא גלוטן 165 ג,דר שר,165 גרם,Snacks
8008698024188,"פאן רוסטיקו פרוס לל""ג250",---,250 גרם,Other
8008698054109,ממרח אגוזי לוז+קקאו 52גר,---,52 גרם,Sauces & Spreads
8008857200156,פסטה 15 בוקטיני 500 גרם,פאסטופיציו אנטוניו פאלנט,500 גרם,Other
8008857300030,פסטה רגיה 94 חצי ירח500,פאסטופיציו אנטוניו פאלנט,500 גרם,Other
8008857400587,פסטה רגיה 58 חונקי 500,פאסטופיציו אנטוניו פאלנט,500 גרם,Other
8008857400839,פסטה רגיה 83 פרפר 500 ג,---,500 גרם,Other
8008857400846,פסטה רגיה 84 פרפר 500 ג,פאסטופיציו אנטוניו פאלנט,500 גרם,Other
8008857406145,פסטה רגיה614 500 גרם,פאסטופיציו אנטוניו פאלנט,500 גרם,Other
8008857406152,פסטה רגיה609 500 גרם,פאסטופיציו אנטוניו פאלנט,500 גרם,Other
8008857500003,פסטה רגיה 609 500 גרם,פאסטופיציו אנטוניו פאלנט,500 גרם,Other
8009470009164,סימבה שימור לכלב כבש 415,---,415 גרם,Other
8009470009560,סימבה יבש לכלבים בקר4קג,מונג,4 קילוגרם,Meat & Fish
8009470009812,סימבה יבש לכלבים עוף 4 ק,מונג,4 קילוגרם,Meat & Fish
8009470013024,מונג פרש פטה ונתחי הודו,,100 גרם,Meat & Fish
8009470013109,מונג פרש פטה ונתחי בקלה,---,100 גרם,Other
8010024006010,חמאת שקדים100% 350 גרם,נטורפוד,350 גרם,Other
80135876,ממרח נוטלה 400 גרם,פררו תעשיות איטליה ס.ר.ל,400 גרם,Sauces & Spreads
80136194,הפי היפו אגוזי לוז 5*23ג,פררו אס.פי.אי,115 גרם,Other
8014515335351,שעועית אדומה אורגנית390ג,,390 גרם,Other
8014515335382,גרגירי חומוס אורגנית390ג,,390 גרם,Sauces & Spreads
80176800,נוטלה ממרח שוקולד 750 גר,פררו תעשיות איטליה ס.ר.ל,750 גרם,Sauces & Spreads
80177609,אצבעות שוקולד קינדר50גרם,פררו אס.פי.אי,50 גרם,Snacks
80177616,אצבעות שוקולד קינדר100גר,פררו אס.פי.אי,100 גרם,Snacks
8017938005122,חומץ תפוחים אורגני 750 מ,,750 מיליליטר,Sauces & Spreads
8017938005764,מיץ תפוחים אורגני 1 ליטר,,1 ליטר,Drinks
8024985002783,סמוזי גזר ודלעת אורגנ100,נטורה נובה,100 גרם,Vegetables
8024985002943,סמוזי אננס קוקוס 100 גרם,נטורה נובה,100 גרם,Fruit
8024985002950,סמוזי שזיף אורגני 100 גר,נטורה נובה,100 גרם,Fruit
8024985002967,סמוזי תפוח בננה תרד 100ג,נטורה נובה,100 גרם,Fruit
8024985003988,סמוזי תפוח בננה אורג100ג,נטורה נובה,100 גרם,Fruit
8024985005234,סמוזי תפוח אפרסק 100 גרם,נטורה נובה,100 גרם,Fruit
8024985008037,סמוזי תפוח אורגני 100 גר,נטורה נובה,100 גרם,Fruit
8024985008044,סמוזי אגס אורגני 100 גרם,,100 גרם,Fruit
8024985008051,סמוזי פירות אדום אורג100,,100 גרם,Fruit
8024985011204,סמוזי תפוח תות בננה 100ג,נטורה נובה,100 גרם,Fruit
8024985011990,סמוצי קיווי תפוח 100 גר,נטורה נובה,100 גרם,Fruit
8024985012003,סמוזי תפוח רימון פטל 120,נטורה נובה,120 גרם,Fruit
8024985013468,סמוזי שיבולת תפוח+אפרסק,נטורה נובה,100 גרם,Fruit
8024985013475,סמוזי תפוח אוכמניות 100ג,נטורה נובה,100 גרם,Fruit
8024985013482,סמוזי שבולת שועל תפוח100,נטורה נובה,100 גרם,Fruit
80310167,קינדר מקסי שישיה 126גרם,פררו אס.פי.אי,126 גרם,Other
80310891,ביצת הפתעה קינדר גוי20ג,פררו אס.פי.אי,20 גרם,Other
8032804430471,פסטה עדשים אדומות 250גר,מולינו אנדריאני,250 גרם,Other
8032880800243,פיקניק הפתעה 50 גרם,"הוסטה איטליה, ס.ר.ל.",50 גרם,Other
8033020444501,קמח חיטה מנופה לחלה 1 קג,,1 קילוגרם,Other
8033020444518,קמח חיטה מנופה לעוגה 1קג,,1 קילוגרם,Snacks
8033020444525,"קמח חיטה לבן מנופה 1 ק""ג",,1 קילוגרם,Dairy
8033020444549,קמח חיטה תופח מנופה 1 קג,,1 קילוגרם,Other
8033020445980,"קמח לפסטה 1ק""ג",ליידי פצפון,1 קילוגרם,Other
8033413430708,לימונצלו וילה מאסה700מל,וילה מאסה,700 מיליליטר,Other
8033829380093,Pasta dAlba פסטה אורגני,פסטה דאלבה,250 גרם,Other
8033829380239,Pasta dAlba פסטה אורגני,פסטה דאלבה,250 גרם,Other
80473206,פפריקה מתוקה אורגני 50 ג,קנהמלה,50 גרם,Other
80473213,כמון אורגני 32 גרם,קנהמלה,32 גרם,Other
80473336,פלפל שחור טחון אורגני50ג,בונומלי,50 גרם,Vegetables
8052440756315,שמן קנולה אורגני 1 ליטר,,1 ליטר,Sauces & Spreads
8053259248725,רוטב בלסמי מצומצם 180 גר,---,180 גרם,Sauces & Spreads
80541776,אורגנו אורגני 14 גרם,קנהמלה,14 גרם,Other
80655404,שום גבישי אורגני 70 גרם,קנהמלה,70 גרם,Other
80761761,קינדר בואנו לבן 2*19.5גר,פררו אס.פי.אי,39 גרם,Dairy
8076800195019,ספגטי מס 1 קפליני500גרם,ברילה גי.אי.אר. פרטלי,500 גרם,Other
8076800195033,ספגטיני מס 3 500 גרם,ברילה גי.אי.אר. פרטלי,500 גרם,Other
8076800195057,ספגטי מס 5 ברילה500גר,ברילה גי.אי.אר. פרטלי,500 גרם,Other
8076800195132,אטריות בבטה מס13 500גרם,ברילה גי.אי.אר. פרטלי,500 גרם,Other
8076800315097,ספגטי בוקטיני מס9 500גר,ברילה גי.אי.אר. פרטלי,500 גרם,Other
8076802085738,פנה ריגטה מס73 500 גרם,ברילה גי.אי.אר פרטלי ס.פ,500 גרם,Other
8076802085936,פסטה קונציליה ריגטי 500,ברילה גי.אי.אר פרטלי ס.פ,500 גרם,Other
8076802085981,פסטה פוזילי מס98 500גרם,ברילה גי.אי.אר פרטלי ס.פ,500 גרם,Other
8076808070882,קנלוני ברילה 250 גרם,ברילה,250 גרם,Other
8076808150072,ספגטי מס 7 500 גרם,ברילה גי.אי.אר. פרטלי,500 גרם,Other
8076809501415,פסטה פנה טריקולור 500 גר,ש.שסטוביץ,500 גרם,Other
8076809512268,פסטה גירנדולה מס34 500ג,ברילה גי.אי.אר פרטלי ס.פ,500 גרם,Other
8076809513388,רוטב פיקנטי לפסטה 400גרם,ברילה גי.אי.אר פרטלי ס.פ,400 גרם,Sauces & Spreads
8076809513395,רוטב פומודורו ברילה 400ג,ברילה גי.אי.אר פרטלי ס.פ,400 גרם,Sauces & Spreads
8076809513654,בסיס לרוטב בולונז 400 גר,ברילה גי.אי.אר פרטלי ס.פ,400 גרם,Sauces & Spreads
8076809513692,רוטב לפסטה נפוליטנה400גר,ברילה גי.אי.אר פרטלי ס.פ,400 גרם,Sauces & Spreads
8076809513739,רוטב בזיליקום ברילה400גר,ברילה גי.אי.אר פרטלי ס.פ,400 גרם,Sauces & Spreads
8076809514774,ברילה פסטה ביצים 250גר,ברילה גי.אי.אר פרטלי ס.פ,250 גרם,Other
8076809523561,רוטב טוסקנה ברילה 400גרם,ברילה גי.אי.אר פרטלי ס.פ,400 גרם,Sauces & Spreads
8076809523714,טליאטלה אטריות 500 גרם,ברילה גי.אי.אר. פרטלי,500 גרם,Other
8076809523738,לזניה ברילה 500 גרם,ברילה גי.אי.אר פרטלי ס.פ,500 גרם,Other
8076809545440,אטריות ל.גלוטן ברילה400ג,ש.שסטוביץ,400 גרם,Other
8076809545457,"צינורות ל.גלוטן כשל""פ400",ש.שסטוביץ,400 גרם,Other
8076809545464,פסטה ספירלי ללג400 ברילה,ברילה גי.אי.אר פרטלי ס.פ,400 גרם,Other
8076809574631,פוזילי בוקטי קורטי500גר,ברילה,500 גרם,Other
8076809576352,"לזניה לל""ג 250ג ברילה",ברילה גי.אי.אר פרטלי ס.פ,250 גרם,Other
8076809580144,פסטה פרפלה 500ג ברילה,BARILLA SINGAPORE Pte. L,500 גרם,Other
8076809583503,ברילה טרסינה 500 גרם,ברילה,500 גרם,Other
8076809584920,פסטה טורטליוני500ג ברילה,ברילה גי.אי.אר פרטלי ס.פ,500 גרם,Other
8076809587174,רוטב עגבניות לפיצה 400ג,,400 גרם,Sauces & Spreads
80771418,טיק טק מנדרינה וליים16ג,פררו אס.פי.אי,16 גרם,Other
80773429,מסטיק מנטוס בקבוק תות60ג,"פרפטי ואן מלה גידה,סאן",60 גרם,Snacks
80773443,מסטיק מנטה עדינה בקבוק,"פרפטי ואן מלה גידה,סאן",60 גרם,Snacks
80776307,"מסטיק פירות מנטה לל""ס 90",פרפטי ואן מלה,90 גרם,Snacks
80785385,טיק טק TWO מנטה עדין 40,פררו אס.פי.אי,40 גרם,Other
80790990,מסטיק פירות מנטה בקבוק,"פרפטי ואן מלה גידה,סאן",60 גרם,Snacks
80794233,מסטיק מנטוס מנטה בקבוק90,פרפטי ואן מלה,90 גרם,Snacks
80798026,טיק טק TWO פטל לימון 40,פררו אס.פי.אי,40 גרם,Fruit
80831402,"סוכ.מנטה עדינה לל""ס21ג",פרפטי ואן מלה,21 גרם,Other
80832560,סוכ.מנטוס פירות יער21גר,פרפטי ואן מלה,21 גרם,Fruit
80843184,מסטיק פיורפרש ענבים60גר,---,60 גרם,Snacks
80854753,"סוכ.מנטוס מנטה לל""ס21גרם",פרפטי ואן מלה,21 גרם,Other
80864295,מנטוס פיורוויט מנטה עדין,"פרפטי ואן מלה גידה,סאן",60 גרם,Other
80874652,קינדר קארדס 25.6 גרם,---,26 גרם,Other
80896081,מסטיק מנטוס אבטיח60גרם,"פרפטי ואן מלה גידה,סאן",60 גרם,Snacks
80906056,ביצת הפתעה סופרייז 20גרם,פררו אס.פי.אי,20 גרם,Other
80906889,טיק טק הטעם הסודי 16 גרם,פררו,16 גרם,Other
80913467,מסטיק מנטוס מנטה בקבוק60,---,60 גרם,Snacks
80926481,מסטיק מנטוס אבטיח90גרם,פרפטי ואן מלה,90 גרם,Snacks
80936848,סוכריות טיק טק תות שדה16,פררו אס.פי.אי,16 גרם,Snacks
80945468,מנטוס פיורוויט מנטה מתוק,"פרפטי ואן מלה גידה,סאן",60 גרם,Other
80974215,מסטיק מנטוס תות ללס90ג,פרפטי ואן מלה,90 גרם,Snacks
80979128,מסטיק פיורפרש דובדבן60ג,---,60 גרם,Snacks
80986348,מנטוס פיור וויט מנטה60ג,"פרפטי ואן מלה גידה,סאן",60 גרם,Other
80995128,מסטיק מנטוס ויטמין 60גרם,---,60 גרם,Snacks
8121300208780,טרוביה תחליף סוכר 360 גר,,360 גרם,Other
8278540177380,משחת קולגייט מקס פחם113ג,---,113 גרם,Other
8410066140190,"קטשופ כשל""פ 700ג היינץ",ה.י.היינץ מנופקצרינג,700 גרם,Sauces & Spreads
8410076602251,חטיף ש.שועל טעם שוקולד,גנרל מילס סאן אדריאן,210 גרם,Snacks
8410076610379,נייטשר פרוטאין שוקו40*4ג,סריילטו ספיין פודס,160 גרם,Drinks
8410076610386,נייטשר פרוטאין קרמל4*40ג,סריילטו ספיין פודס,160 גרם,Other
8410076610492,נייטשר ואלי צואי בוטן5י,גנרל מילס,150 גרם,Other
8410076610508,נייטשר ואלי צואי שוקו5י,גנרל מילס,150 גרם,Drinks
8410104039134,מנקה מדיח כלים250מ פיניש,רקיט בנקיזר,250 מיליליטר,Other
8410104045111,"פיניש מלח למדיח 2 ק""ג",רקיט בנקיזר,2 קילוגרם,Other
8410104511340,ויט 12רצועות שעווה יבש,רקיט בנקיזר,1 יחידות,Other
8410128785734,ויוה סוי סויה בריסטה1 ל,CALIDAD PASCUAL S.A.U\n,1 ליטר,Other
8410179000411,שמן צמחי E+Dויטמין 1ל,בורחס,1 ליטר,Sauces & Spreads
8410179014821,שמן קנולה + E ויטמין 1ל,בורחס,1 ליטר,Sauces & Spreads
8410179018027,שמן קנולה מועשר 1ל בורחס,בורחס,1 ליטר,Sauces & Spreads
8410179018034,שמן חמניות מועשר1ל בורחס,בורחס,1 ליטר,Sauces & Spreads
8410179100043,שמן זית כתית750מ BORGES,בורחס,750 מיליליטר,Sauces & Spreads
8410179100340,שמן זית ארבקינה750 בורחס,בורחס,750 מיליליטר,Sauces & Spreads
8410179100845,שמן זית פיקואל750מ בורחס,בורחס,750 מיליליטר,Sauces & Spreads
8410179100944,שמן זית אוחיבלנקה 750מ,בורחס,750 מיליליטר,Sauces & Spreads
8410376009392,ביסקוויט חיט.מלא ללתס170,גאלטס גלון סא,170 גרם,Snacks
8410376017359,ביסק.עמילן וקמח תירס200ג,גולון,200 גרם,Vegetables
8410376037821,ביסקויט+שבבי שוק.ללתס144,גלאטס גולון,144 גרם,Other
8410376040135,בסקוויט מריה 600 גרם,גאלטס גולון פלנסיה ספרד,600 גרם,Other
8410376042498,"עוג.ללת""ס דגנים מלאים216",גלאטס גולון,216 גרם,Other
8410376044393,"עוגיות סנדוויץ ללת""ס210ג",גולון,210 גרם,Snacks
8410376044959,ביסקויט ללא גלוטן 250 גר,גלאטס גולון,250 גרם,Other
8410376045017,קרקר מלוח ללא גלוטן200גר,גולון,200 גרם,Snacks
8410376059380,"וופל בטעם וניל ללת""ס200ג",גאלטס גלון סא,200 גרם,Snacks
8410376059397,"וופל ט.שוקולד ללת""ס200גר",גאלטס גלון סא,200 גרם,Snacks
8410644611203,קאווה איבריקה לבן יבש750,,750 מיליליטר,Dairy
8410644611210,קאווה איבריקה חצי יבש750,טמפו-יינות,750 מיליליטר,Other
8410793283832,בירה אסטרייה דאם6*330מ,---,1980 מיליליטר,Drinks
8411660005410,משחה נוזלית לנעליים 50מל,איי סי מארקה,50 מיליליטר,Other
8411660005434,ספוג מבריק לנעליים שקוף,איי סי מארקה,1 יחידות,Other
8411660522900,משחה+ספוג לנעל שחור 45 מ,איי סי מארקה,45 מיליליטר,Other
8423207206488,סלים דליס מצופה שוקולד6י,סלים דליס,120 גרם,Snacks
8423207206495,סלים דליס שוקולד מריר6י,סלים דליס,120 גרם,Snacks
8423207207362,סלים דליס שוקולד לבן6*20,סלים דליס,120 גרם,Snacks
8423207208260,ס.דליס שוק.חלב ל.ג6*13גר,ביסצורי,78 גרם,Dairy
8423207208680,סלים דליס קידס שוקו חלב6,נוטרישן אנד סנטה,120 גרם,Drinks
8423207208697,סלים דליס ילדים ש.לבן6יח,סלים דליס,120 גרם,Dairy
8423207208703,סלים דליס שוקולד מריר 6י,נוטרישן אנד סנטה,120 גרם,Snacks
8423207208871,פריכיות תירס טבעי130סלים,"סוגת תעשיות בע""מ",130 גרם,Vegetables
8423207210928,סלים טופינג אג.לוז5*18,נוטרישן אנד סנטה,90 גרם,Other
8423207213509,סלים דליס ילדים ש.לבן6יח,סלים דליס,92 גרם,Dairy
8434165466326,מיני קרקרים מיקס 350 ג,---,350 גרם,Snacks
8434165466333,krit מיני קרקר עגול350גר,קוואטרה אס.אל.יו,350 גרם,Snacks
8434165503724,קריט קרקר מלוח 100גרם,CUETARA,100 גרם,Snacks
8434165655768,קרקר דק פפריקה 150 גרם,---,150 גרם,Snacks
8434165656338,קריט דק מלוח 150 גרם,---,150 גרם,Other
8434165658523,קרקר קרם קרקר 200 גרם,CUETARA,200 גרם,Snacks
8436048965513,עוגיות פיליפינוס שוקולד,,120 גרם,Snacks
8436048965520,עוג.פיליפינוס שוקולד120ג,ARTIACH,120 גרם,Snacks
8436575292205,מאגדת חמשושים 180 גרם,גלידות נסטלה (נגה גלידות,180 גרם,Frozen
8437006505246,מארז אוכמניות טריות 125,אגרקסקו בליברי,1 יחידות,Other
8437014025071,אוכמניות טריות 125גרם,EUROBERRY,125 גרם,Other
8437029356214,מארז אוכמניות 125 גרם,WIKIFARMER,1 יחידות,Other
8445290014337,"וואן לחתול בקר 2.8 ק""ג",נסטלה פורינה איטליה,2800 גרם,Meat & Fish
8445290018878,וואן לחתול בוגר עוף2.8קג,נסטלה פורינה איטליה,2800 גרם,Meat & Fish
8445290154552,קפסולות Starbuck קרמל51ג,נסטלה נספרסו,51 גרם,Other
8445290156136,קפסולות Starbucks וניל51,נסטלה נספרסו,51 גרם,Other
8445290348265,"one לכלב קטן עוף 1.5 ק""ג",נסטלה פורינה איטליה,1.5 קילוגרם,Meat & Fish
8445290964595,דגני בוקר קיטקט 330 גרם,איטנקורט,330 גרם,Other
8445291081345,מחית תפוח עץ פאוץ90ג,"נסטלה ספרד ס.א, מפעל סבר",90 גרם,Fruit
8445291301948,מולטי צריוס 500 גרם,CPU,500 גרם,Other
8445291363687,קפסולות האוס בלנד 52 גרם,נסטלה נספרסו,52 גרם,Other
8445291367425,קפסולות אספרסו 55 גרם,נסטלה נספרסו,55 גרם,Other
8445291426320,דגני בוקר פיטנס קלאסי375,סי. פי. צרפת,375 גרם,Other
8445291451728,קפ.סטארבקס ריסטרטו שוט57,נסטלה נספרסו,57 גרם,Other
8445291513365,נסקפה קפוצינו קלאסיק100ג,נסטלה אנגליה,100 גרם,Drinks
8445291563667,קפסולות אספרסו נטול 55 ג,נסטלה נספרסו,55 גרם,Other
8445291638839,ציריוס דבש שקד500ג נסטלה,סי. פי. צרפת,500 גרם,Sauces & Spreads
8445291964983,חטיף וופל קראנץ 30 גרם,נסטלה פולין,30 גרם,Snacks
8445292354769,נסקפה קפוצינו קרמל136גר,נסטלה אנגליה,136 גרם,Drinks
8447029000031,אוכמניות טריות 125גרם,PL.LA GRAVERA,125 גרם,Other
8447029000055,אוכמניות ארוז 125 גרם,WIKIFARMER,125 גרם,Other
85939868,ניר קצר לגלגול ללא פילטר,ROLL 4 U,1 יחידות,Other
8594403709018,באדוויזר לאגר פחית 500מל,"מיוצר ע\""י מבשלת טוכר\n",500 מיליליטר,Other
85951730,פלטר פרטי 120יח 6X15 1,ROLL 4 U,1 יחידות,Other
8595657305551,פיין דוג 415 גרם בקר,---,415 גרם,Meat & Fish
8595657305575,פיין קט 415 גרם בקר,---,415 גרם,Meat & Fish
8595657306336,פיין קט 1 קג עוף,---,1 קילוגרם,Meat & Fish
8595657307777,דנטל סטיקס לכלב,---,110 גרם,Other
8595657307784,דנטל סטיקס לכלב,---,80 גרם,Other
8595657307791,דנטל סטיקס לכלב גדול,---,270 גרם,Other
85967069,ניר ארוך פארטי+פילט חום,רול פור יו,1 יחידות,Other
8606018615827,פיינט אוראו 300 גרם,---,300 גרם,Other
8606018615841,פיינט מילקה וניל ליבת שו,---,300 גרם,Other
8606018615865,פיינט מילקה קרמל 300 גרם,---,300 גרם,Other
8606030051801,"מיץ תפו""ע ולימון 800מ""ל",פרוויטה די.או.או,800 מיליליטר,Drinks
8606030051818,"מיץ סלק ותפוחי עץ 800מ""ל",פרובישקה,800 מיליליטר,Drinks
8682539003800,טבל.קואנטום למדיח72פיניש,רקיט בנקיזר,1 יחידות,Other
8683659925034,חטיף נובילוס בטעמים80גרם,---,80 גרם,Snacks
8683659925058,חטיף נובילוס בטעמים80גרם,---,80 גרם,Snacks
8683659925072,חטיף נובילוס בטעמים80גרם,---,80 גרם,Snacks
8683659925270,חטיף נובילוס בטעמים80גרם,---,80 גרם,Snacks
8690777204071,פלפל כבוש חריף640 סרה,,640 גרם,Vegetables
8690777206051,חציל קלוי על האש 650 גרם,,650 גרם,Vegetables
8690777221405,פלפל אדום קלוי650ג סרה,,650 גרם,Vegetables
8690784516440,גל אסלה לבנדר 750מל דאק,JOHNSON&JOHNSON,750 מיליליטר,Other
8691900174032,קוטקס תחבושת נורמל 24 יח,חוגלה קימברלי,1 יחידות,Other
8691900174049,קוטקס תחב.אולטרה לונג18י,חוגלה קימברלי,1 יחידות,Other
8691900174056,קוטקס תחב.לילה אולטרה16י,חוגלה קימברלי,1 יחידות,Other
8693495051057,סבון מוצק-קמומיל 4*90 גר,קולגייט-פלמוליב,360 גרם,Other
8693495051118,פלמוליב מוצק הדרים 4*90ג,קולגייט-פלמוליב,360 גרם,Other
8693495051132,פלמוליב מוצק הרבל 4*90ג,קולגייט-פלמוליב,360 גרם,Other
8693495051156,פלמוליב מוצק ורדים4*90ג,קולגייט-פלמוליב,360 גרם,Other
8693495051170,פלמוליב מוצק ש.זית 4*90ג,קולגייט-פלמוליב,360 גרם,Other
8693495409438,אגקס לרצפה לבנדר 1 ליטר,COLGATE-PALMOLIVE SAS-VA,,Other
8697530910743,פאלמאל כחול קצר חפיסה,bat,1 יחידות,Other
8697530910750,פאלמאל כחול ארוך חפיסה,bat,1 יחידות,Other
8697530910781,פאלמאל אדום חפיסה,bat,1 יחידות,Other
8697530910958,פאלמאל כחול ארוך פאקט,bat,1 יחידות,Other
8697530911276,קנט קצר חפיסה,bat,1 יחידות,Other
8700216057417,פנטן קרם לחות מוגברת 300,PROCTER&GAMBLE,300 מיליליטר,Other
8700216134668,אריאל קפס לכתמים 41יח,פרוקטר אנד גמבל (ראה קוד,1 יחידות,Other
8700216163224,פנטן מיראקלס מ.משי וזוהר,---,325 מיליליטר,Other
8700216171380,אולוויז אולטרה לונג 18יח,פרוקטר & גמבל,1 יחידות,Other
8700216178068,פנטן מיראקלס לשיער ארוך,PROCTER&GAMBLE,300 מיליליטר,Other
8700216179041,דיסקריט תחבושות לילה8י,"פרוקטר אנד גמבל, גרמניה",1 יחידות,Other
8700216179386,דיסקריט תחבושות נורמל12י,"פרוקטר אנד גמבל, גרמניה",1 יחידות,Other
8700216213868,אולוויז דואו לילה מקס 14,פרוקטר & גמבל,1 יחידות,Other
8700216236164,פיירי פלטינום פלוס 48טבל,פיירי,1 יחידות,Other
8700216237239,פיירי אורגינל קפסולות 41,---,1 יחידות,Other
8700216237420,פיירי טבליות אורגינל 71,---,1 יחידות,Other
8700216418287,הד&שולדרס מניעת קשקשמ625,---,625 מיליליטר,Other
8700216418300,הד&שולדרס שמפו קלאסי625מ,---,625 מיליליטר,Other
8700216418416,הד&שולדרס שמפו מן,---,625 מיליליטר,Other
8700216418492,הד&שולדרס2ב1קלאסי 625מ,---,625 מיליליטר,Other
8700216421881,פנטן שמפו לחות מוגברת600,---,600 מיליליטר,Other
8700216421928,פנטן מרכך לחות מוגברת600,---,600 מיליליטר,Other
8700216461962,מגן תחתון יום לונג 52 יח,Procter & gamble,1 יחידות,Other
8700216506250,פנטן מרכך הקסם לחות220מ,---,220 מיליליטר,Other
8700216527675,פנטן מרכך שמן משקם 600מל,---,600 מיליליטר,Sauces & Spreads
8700216527729,"פנטן מרכך קלאסי 600 מ""ל",---,600 מיליליטר,Other
8700216527842,"פנטן שמפו משקם 600 מ""ל",---,600 מיליליטר,Other
8700216527941,"שמפו קלאסי 600 מ""ל פנטן",פרוקטר & גמבל,600 מיליליטר,Other
8700216593694,הד&שולדרס מגע משי 625מל,---,625 מיליליטר,Other
8700216596596,פמפרס מכנסונים מידה6 32י,PROCTER&GAMBLE,1 יחידות,Other
8700216596633,פמפרס מכנסונים מידה4 42י,PROCTER&GAMBLE,1 יחידות,Other
8700216596701,מכנסונים מידה 5 37 יח,PROCTER&GAMBLE,1 יחידות,Other
8700216601337,"פנטן מרכך הקלאסית400מ""ל",PROCTER&GAMBLE,400 מיליליטר,Other
8700216601405,פנטן מרכך לחות מוגברת400,PROCTER&GAMBLE,400 מיליליטר,Other
8700216601498,"פנטן שמפו לחות 400מ""ל",PROCTER&GAMBLE,400 מיליליטר,Other
8700216640367,תחבושותDM לילה אולוויז14,PROCTER&GAMBLE,1 יחידות,Other
8700216640466,תחבושות DM אולוויז12יח,PROCTER&GAMBLE,1 יחידות,Other
8700216682206,תחבושות DMאולוויז 24 יח,PROCTER&GAMBLE,1 יחידות,Other
8700216744560,אריאל גל ניחוח הרים1.75,פרוקטר & גמבל,1.75 ליטר,Other
8700216889094,סכין גילוח +3סכיני גילט,פרוקטר & גמבל,1 יחידות,Other
8700216890946,פמפרס פרימיום מידה4 28יח,---,1 יחידות,Other
8700216890984,פמפרס פרימיום מידה3 32יח,---,1 יחידות,Other
8700216891011,פמפרס פרימיום מידה6 22יח,---,1 יחידות,Other
8700216891080,פמפרס פרימיום מידה1 44יח,---,1 יחידות,Other
8700216891103,פמפרס פרימיום מידה5 24יח,PROCTER&GAMBLE,1 יחידות,Other
8700216891134,פמפרס פרימיום מידה2 39יח,---,1 יחידות,Other
8700216916011,אולוויז אולטרה יום-ליל16,פרוקטר & גמבל,1 יחידות,Other
8700216961868,פיירי פלטינום טבליות 66י,,1 יחידות,Other
8710428017000,פדיאשור ונילה850,ABBOT,850 גרם,Other
8710428017024,פדיאשור שוקולד 850 גרם,ABBOT,850 גרם,Snacks
8710447275306,דאב ק.ידיים שמן אבוקדו75,יוניליוור פולין,75 מיליליטר,Sauces & Spreads
8710447275313,דאב ק.ידיים שמן קוקוס75מ,יוניליוור פולין,75 מיליליטר,Sauces & Spreads
8710447284117,3ב1 גל רחצה אקס בלאק400,יוניליוור גרמניה,400 מיליליטר,Other
8710502064814,עוג.שוקוציפס מרקם רך175ג,"י. מרבה ישראל בע""מ",175 גרם,Snacks
8710502279010,עוג.שוקולד ציפס מצופ175,"י. מרבה ישראל בע""מ",1 יחידות,Snacks
8710502470028,עוג.שוקוציפס נוגטלי160ג,"י. מרבה ישראל בע""מ",160 גרם,Snacks
8710732228918,מצת לסיגריה cricket יח,SWEDISH MATCH,1 יחידות,Other
8710800961310,מנטוס טעם תות 4יח37.5Xג,פרפטי ואן מלה,150 גרם,Fruit
8710847908446,דאו.אקס ספריי בלאק 150מ,יוניליוור אנגליה,150 מיליליטר,Other
87108538,מנטוס תות גליל 37.5 גר,פרפטי ואן מלה ברדה,37 גרם,Fruit
87108651,מנטוס מנטה 4יח37.5Xגרם,פרפטי ואן מלה ברדה,150 גרם,Other
87108712,מנטוס טעם פירות4יח37.5Xג,פרפטי ואן מלה,150 גרם,Fruit
8711000371176,קפסולות קפה 7 קלאסיקו52ג,גיקובס דאו אגברטס צרפת,52 גרם,Drinks
8711000371183,קפסולות קפה אינטנסו52גרם,גיקובס דאו אגברטס צרפת,52 גרם,Drinks
8711000371206,קפסולות קפה12 ריסטרטו52ג,גיקובס דאו אגברטס צרפת,52 גרם,Drinks
8711000371244,קפסולות אספרסו לונגו52ג,גייקובס דאו אגברטס,52 גרם,Other
8711000601587,קפה נמס גקובס צנ.190 ג,גייקובס,190 גרם,Drinks
8711300999964,"סמירנוף אייס פטל 250 מ""ל",דיאגו אופריישנס,250 מיליליטר,Other
8712000051099,הייניקן 0% אלכוהול6*330,"מבשלת היינקן, ריטבלדנברג",1.98 ליטר,Other
8712400802512,נוטרילון שלב 2 800 גרם,נוטרישיה קאלק,800 גרם,Other
8712400802536,נוטרילון שלב 3 800 גרם,נוטרישיה קאלק,800 גרם,Other
8712561384704,"דאב שמפו יומי 2ב1 400מ""ל",UNILIVER,400 מיליליטר,Other
8712561384841,"דאב שמפו יום יומי 400מ""ל",יוניליוור פולין,400 מיליליטר,Other
8712561485524,קרם ידיים וזלין+קרטין75מ,יוניליוור פולין,75 מיליליטר,Other
8712561488280,דאב שמפו שיקום אינט400מל,UNILIVER,400 מיליליטר,Other
8712561571333,דאב מרכך שיקום אינט350מל,UNILIVER,350 מיליליטר,Other
8712561571388,"דאב מרכך יום יומי 350מ""ל",UNILIVER,350 מיליליטר,Other
8712561594240,ת.רחצה דאב הזנה עמוקה500,יוניליוור גרמניה,500 מיליליטר,Other
8712561594608,ת.רחצה דאב הזנה עמוקה750,יוניליוור גרמניה,750 מיליליטר,Other
8712561611183,ת.רחצה דאב מלפפון 500מל,יוניליוור גרמניה,500 מיליליטר,Vegetables
8712561611411,תח.רחצה דאב מלפפון 750מ,יוניליוור גרמניה,750 מיליליטר,Vegetables
8712561626286,ת.רחצה דאב מזין כמשי 750,יוניליוור גרמניה,750 מיליליטר,Other
8714789177229,4 מב.קולגייט אקסטרה קלין,קולגייט-פלמוליב,1 יחידות,Other
8714789303925,2 מברשות קולגייט סנסטיב,קולגייט-פלמוליב,1 יחידות,Other
8714789402932,אגקס חגיגת פרחי.ורוד1.5,קולגייט-פלמוליב,1.5 ליטר,Other
8714789402970,אגקס חגיגת פרח.ירוק 1.5,קולגייט-פלמוליב,1.5 ליטר,Other
8714789572543,סבון נוזלי אקואריום500מל,קולגייט-פלמוליב,500 מיליליטר,Other
8714789582764,ספרי ניקוי חלונות750אגקס,ש.שסטוביץ,750 מיליליטר,Other
8714789733159,תחליב חלב+דבש500 פלמוליב,קולגייט-פלמוליב,500 מיליליטר,Sauces & Spreads
8714789733272,תח.רחצה נטורלס סחלב750מל,קולגייט פלמוליב,750 מיליליטר,Dairy
8714789733289,תחליב רחצה חלב ודבש 750,קולגייט-פלמוליב,750 מיליליטר,Sauces & Spreads
8714789733296,תח.רחצה נטורלס זיתים750מ,קולגייט-פלמוליב,750 מיליליטר,Other
8714789966403,ליידי ספיד פרו 5 גל 65ג,קולגייט-פלמוליב,65 גרם,Other
8715035110502,"רוטב סויה קיקומן 500 מ""ל",ראקוטו,500 מיליליטר,Sauces & Spreads
8715700110158,ממרח קרמי 490ג היינץ,ה.י.היינץ הולדינג בי.וי,490 גרם,Sauces & Spreads
8715700115641,ממרח במרקם קרמי לחיץ420ג,"פודליצקי ספ.ז.או.או.,",420 גרם,Sauces & Spreads
8715700117805,"קטשופ ללת""ס ומלח 425ג",ה.י.היינץ הולדינג בי.וי,425 גרם,Sauces & Spreads
8715700118925,קטשופ היינץ חריף 460 גרם,---,460 גרם,Sauces & Spreads
8715700124964,קטשופ מופחת סוכר ומלח435,---,435 גרם,Sauces & Spreads
8715700419732,קטשופ היינץ 700 גרם,היינץ,700 גרם,Sauces & Spreads
8715700422473,ממרח לחיץ 395 גרם היינץ,היינץ,395 גרם,Sauces & Spreads
8717163647301,אקס דאו.ספריי גולד 150מל,יוניליוור אנגליה,150 מיליליטר,Other
8717163648667,אקס 3ב1גל רחצה אייס400מ,יוניליוור גרמניה,400 מיליליטר,Other
8717163655764,רקסונה ספרי שאוור 150,יוניליוור UK,150 מיליליטר,Other
8717163655825,רקסונה ספרי כותנה 150מ,"יוניליוור UK, בריטניה.",150 מיליליטר,Other
8717163663493,רקסונה ספריי קוסלט,יוניליוור אנגליה,150 מיליליטר,Prepared
8717163714850,דאב ספריי קוקוס 150מל,יוניליוור UK,150 מיליליטר,Other
8718951001589,אגקס מסיר שומנים 600מל,קולגייט-פלמוליב,600 מיליליטר,Other
8718951030206,משחת קולגייט סנסטיב 75 מ,קולגייט-פלמוליב,75 מיליליטר,Other
8718951093331,2 מברשות מרידול סופט,קולגייט-פלמוליב,1 יחידות,Other
8718951119413,ליידי ספ.סטיק24/7 פרש65ג,קולגייט-פלמוליב,65 גרם,Other
8718951144064,2 מברשות מרידול אקספורט,ש.שסטוביץ,1 יחידות,Other
8718951160897,אגקס טריגר אקונומיקה500,קולגייט-פלמוליב,500 מיליליטר,Other
8718951175600,קולגיט טוטאל אוריגינל75,---,75 מיליליטר,Other
8718951176874,"מי פה מיניונים 250 מ""ל",---,250 מיליליטר,Other
8718951385290,נוזל ניקוי מרענן2ל אגקס,קולגייט-פלמוליב,2 ליטר,Other
8718951409798,2 מברשת שיניים וייט פחם,ש.שסטוביץ,1 יחידות,Other
8718951540262,פלמוליב מקדמיה וקקאו750מ,קולגייט-פלמוליב,750 מיליליטר,Other
8718951541085,קרם פלמוליב חלב דבש 750מ,קולגייט-פלמוליב,750 מיליליטר,Sauces & Spreads
8718951541122,קרם רחצה סחלב750 פלמוליב,קולגייט-פלמוליב,750 מיליליטר,Dairy
8718951543669,קרם פלמוליב חלב שקד750מל,קולגייט-פלמוליב,750 מיליליטר,Dairy
8718951543874,פלמוליב נטורלס חלב 750מל,קולגייט-פלמוליב,750 מיליליטר,Dairy
8718951561267,סבון ידיים חלב ודבש300מל,קולגייט-פלמוליב,300 מיליליטר,Sauces & Spreads
8718951592469,מי פה אופטיק וויט 500מל,קולגייט-פלמוליב,500 מיליליטר,Other
8718951610583,מש.שיניים ילדים בלואי50מ,קולגייט-פלמוליב,50 מיליליטר,Other
8718951626164,קולגייט מקס פרש כחול125מ,קולגייט-פלמוליב,125 מיליליטר,Other
8718951646407,פלמוליב ארומה סנסיישן750,קולגייט-פלמוליב,750 מיליליטר,Other
8718951689756,מש.שיניים טוטאל אקטיב100,---,100 מיליליטר,Other
8718951689848,מ.שיניים טוטאל הגנה 100מ,קולגייט-פלמוליב,100 מיליליטר,Other
8718951689985,מש.שיניים טוטאל הלבנה100,קולגייט-פלמוליב,100 מיליליטר,Other
8719200294448,"ויולייף בסיס צמחי 500מ""ל",פלורה,500 מיליליטר,Other
8719200997998,בלובנד עם מלח 200 גרם,---,200 גרם,Other
8719200998001,"מרגרינה בלובנד ללת""מ200ג",יוניליוור ישראל מזון,200 גרם,Other
8719200998018,מרגרינה בטעם חמאה200גרם,"מיוצר ע\""י יוניליוור ישר",200 גרם,Dairy
8719200998032,מזולה בטעם חמאה 250 גרם,"מיוצר ע\""י יוניליוור ישר",250 גרם,Dairy
8719200998094,מזולה לאפייה ללא מלח 200,"מיוצר ע\""י יוניליוור ישר",200 גרם,Other
8720181057946,דאו.אקס ספריי אפולו 150מ,יוניליוור אנגליה,150 מיליליטר,Other
8720181482748,אקס ספריי אקווה 150מל,יוניליוור אנגליה,150 מיליליטר,Other
8720181483219,אקס ספריי בלו לבנדר 150מ,יוניליוור אנגליה,150 מיליליטר,Other
8720181640506,ספריי גוף דאו בלאק150מל,יוניליוור UK,150 מיליליטר,Other
8720181640544,אקס ספריי גוף דאו 150 מל,יוניליוור UK,150 מיליליטר,Other
8720181673580,גל לניקוי אקונומיקה,יוניליוור נירבאטור הונגר,1250 מיליליטר,Other
8720181673603,סיף גל לניקוי אקו750,---,750 מיליליטר,Other
8720182253194,סבון מוצק דאב מלפפון6*90,יוניליוור גרמניה,540 גרם,Vegetables
8720182256362,אלסבון מוצק 3ב1 דאב6*90ג,יוניליוור גרמניה,540 גרם,Other
8720182556738,חרדל דיזון חלק 360 גרם,יוניליוור צרפת,360 גרם,Sauces & Spreads
8720182557452,חרדל דיזון גרגירים360גר,יוניליוור צרפת,360 גרם,Sauces & Spreads
8801055709472,נסקפה קפוצינו קלאסיק125ג,לוטה נסטלה קוריאה,125 גרם,Drinks
8801055724284,טייסטרס צויס בריסטה200ג,לוטה נסטלה קוריאה,200 גרם,Other
8802241132821,חטיף אצות 3יח*4.5 גרם,SAKHON WATTANA,13 גרם,Snacks
8802241136249,חטיף אצות ים 10יח*4גרם,---,40 גרם,Snacks
8802241900123,חטיף אצות ים אורגני9*4.5,---,40 גרם,Snacks
8802241902684,חטיף אצות נורי קלוי9*4.5,מאן גון פודס בעמ,40 גרם,Snacks
8850006536322,"פלמוליב גל רחצה 750מ""ל",קולגייט-פלמוליב,750 מיליליטר,Other
8850006536339,פלמוליב תמציות ורדים750מ,קולגייט פלמוליב,750 מיליליטר,Snacks
8850006536346,גל ארומה למון750 פלמוליב,קולגייט-פלמוליב,750 מיליליטר,Other
8850006955529,סב.פלמוליב ארומה מסאז750,קולגייט-פלמוליב,750 מיליליטר,Other
8850161161513,קוקו מקס מי קוקוס 1 ליטר,מאיטה פוד אינדוסטריאל קו,1 ליטר,Other
8850161161742,קוקו מקס חלב קוקוס 1 ליט,מאיטה פוד אינדוסטריאל קו,1 ליטר,Dairy
8850161166204,"קרם קוקוס 500 מ""ל",אמפווה,500 מיליליטר,Other
8850389105825,סאפה אלוורה טעם ענבים 1ל,סאפה פובליק קומפני לימיט,1 ליטר,Fruit
8850389105832,סאפה אלוורה ט.תפוחים 1ל,סאפה פובליק קומפני לימיט,1 ליטר,Fruit
8850389105849,סאפה אלוורה טעם אפרסק 1ל,סאפה פובליק קומפני לימיט,1 ליטר,Fruit
8850389115336,משקה אלוורה מלון 1 ליטר,סאפה פובליק קומפני לימיט,1 ליטר,Drinks
8852633119039,"רוטב דגים 300 מ""ל",---,300 מיליליטר,Sauces & Spreads
8857101301008,צילי מתוק 700מ מנת השף,,700 מיליליטר,Other
8858744800071,ממרח קארי צהוב 50 גרם,KANOKWAN,50 גרם,Sauces & Spreads
8859740800225,חט.אורז בננה דלעת גזר15ג,,15 גרם,Vegetables
8888351200070,טופו טרי במרקם קשה 400 ג,---,400 גרם,Prepared
8888351200124,טופו במרקם קשה 1.2 קג,---,1.2 קילוגרם,Prepared
8901314218261,מברשת קולגייט 360 *3יח,קולגייט-פלמוליב,1 יחידות,Other
8901314218346,מ.קולגיט 360 פלוסטיפ 3יח,---,1 יחידות,Other
8901537024014,"אורז בסמטי דאווט 1 ק""ג",אל.טי.פודס בעמ,1 קילוגרם,Other
8901571011018,מברשת שיניים סנסודיין3יח,---,1 יחידות,Other
8906038740814,2 תירס מבושל בואקום (ק),"ווי אינדיה בע""מ",1 יחידות,Vegetables
8906163078370,"אורז בסמטי גונאם 1 ק""ג",ספלה טק אינדסטריס פרייבט,1 קילוגרם,Other
8935001728047,מנטוס מסטיק ויטמין פירות,"פרפטי ואן מלה גידה,סאן",60 גרם,Snacks
8935001729228,מסטיק מנטוס תות חמוץ 60ג,"פרפטי ואן מלה גידה,סאן",60 גרם,Snacks
8935001729259,מסטיק מנטוס תפוח חמוץ60ג,"פרפטי ואן מלה גידה,סאן",60 גרם,Snacks
8936146200269,"מי קוקוס אורגני 330 מ""ל",,330 מיליליטר,Other
8936146200290,"מי קוקוס אורגני לל""ג 1ל",,1 ליטר,Other
8999999594275,רול און אינביסבל45רקסונה,יוניליוור הודו,45 מיליליטר,Meat & Fish
8999999594282,רולאון פריי45מ רקסונה,יוניליוור הודו,45 מיליליטר,Meat & Fish
8999999594299,רול און פוודר45מל רקסונה,יוניליוור הודו,45 מיליליטר,Meat & Fish
8999999594312,רול און אינביסבל45רקסונה,יוניליוור הודו,45 מיליליטר,Meat & Fish
8999999594329,רול און אייס קול45רקסונה,יוניליוור הודו,45 מיליליטר,Meat & Fish
8999999594350,רול און נטורל45מל רקסונה,יוניליוור הודו,45 מיליליטר,Meat & Fish
9000101509151,סבון אסלה אוקינוס3*42ברף,הנקל סוד,126 גרם,Other
9000101589085,סבון אסלה ויטאלטי3*50ברף,הנקל סוד,150 גרם,Other
9000101804416,פרסיל קאפס יוניברסל44יח,---,1 יחידות,Other
9000101805161,פרסיל קאפס קולור44יח,---,1 יחידות,Other
9000101830767,פרסיל קפסולות כביסה37יח,הנקל סוד,1 יחידות,Other
9002975000550,הריבו סאור וורמס 70 גרם,RINGO TRADING,70 גרם,Other
9002975393812,סוכ.הריבו האפי צרי70גרם,"האריבו , ג\י.אם.בי.איי",1 יחידות,Other
9002975393829,סוכריות הריבו פיצס 70גר,"האריבו , ג\י.אם.בי.איי",1 יחידות,Snacks
9002975393836,סוכ.הריבו האפי קולה70גרם,"האריבו , ג\י.אם.בי.איי",1 יחידות,Drinks
9002975393843,סוכריות הריבו גולדברס70ג,"האריבו , ג\י.אם.בי.איי",1 יחידות,Snacks
9002975393850,סוכריות הריבו וורמס 70גר,"האריבו , ג\י.אם.בי.איי",1 יחידות,Snacks
9005800343143,אפטר שייב ניוואה פרש100מ,---,100 מיליליטר,Other
90087011,מיץ 100% תפוחי עץ 1 ליטר,ראוך פרוכטסאפטה,1 ליטר,Drinks
90162602,רד בול משקה אנרגיה פח250,---,250 מיליליטר,Drinks
90169250,מיץ 100%לימון 250מל ראוך,ראוך פרוכטסאפטה,250 מיליליטר,Drinks
9044400855502,סוכריות פז 1+3 יחידה,---,1 יחידות,Snacks
9310072028743,טים טם אורגינל 200 גרם,ספץ תעשיות,200 גרם,Other
9310072028750,טים טם דאבל 200 גרם,ספץ תעשיות,200 גרם,Other
9310088007015,8 תחבושות דיפנד לילה,קימברלי קלארק,1 יחידות,Other
9322969000015,פריכיות תירס 150גרם כשלפ,ריאל פודס בעמ,150 גרם,Vegetables
9322969000022,פריכיות תירס+סויה150כשלפ,אלגם גיל,150 גרם,Dairy
9322969000039,"פריכ.תירס+דגנים150כשל""פ",ריאל פודס בעמ,150 גרם,Vegetables
9322969000046,פריכיות תירס אורגני150גר,ריאל פודס בעמ,150 גרם,Vegetables
9351450004249,חטיף רולים קוקוס שוקולד,---,140 גרם,Snacks
9421012620207,בילואו וודקה 42(כשר) 700,"אלטיה קורפ, הלסינקי",700 מיליליטר,Other
9421018071508,מאד האוס סובינ.בלאן750מל,אקולייד,750 מיליליטר,Other
9720188050109,ממרח טופו בטעם טבעי 225ג,---,225 גרם,Sauces & Spreads
9720188060108,ממרח טופו בטעם טבעי340גר,---,340 גרם,Sauces & Spreads
